system:index,AOD_550,City,Month,.geo
0_00000000000000000000,473.4384457660489,Ahmedabad,2015-01,"{""type"":""MultiPoint"",""coordinates"":[]}"
0_00000000000000000001,116.07551829536204,Aizawl,2015-01,"{""type"":""MultiPoint"",""coordinates"":[]}"
0_00000000000000000002,483.5576559482569,Amaravati,2015-01,"{""type"":""MultiPoint"",""coordinates"":[]}"
0_00000000000000000003,514.4899885028882,Amritsar,2015-01,"{""type"":""MultiPoint"",""coordinates"":[]}"
0_00000000000000000004,438.8692011210715,Bengaluru,2015-01,"{""type"":""MultiPoint"",""coordinates"":[]}"
0_00000000000000000005,313.7757996901169,Bhopal,2015-01,"{""type"":""MultiPoint"",""coordinates"":[]}"
0_00000000000000000006,507.132955254606,Brajrajnagar,2015-01,"{""type"":""MultiPoint"",""coordinates"":[]}"
0_00000000000000000007,395.22372049003565,Chandigarh,2015-01,"{""type"":""MultiPoint"",""coordinates"":[]}"
0_00000000000000000008,416.55977974853266,Chennai,2015-01,"{""type"":""MultiPoint"",""coordinates"":[]}"
0_00000000000000000009,535.237270532455,Coimbatore,2015-01,"{""type"":""MultiPoint"",""coordinates"":[]}"
0_0000000000000000000a,702.545928698727,Delhi,2015-01,"{""type"":""MultiPoint"",""coordinates"":[]}"
0_0000000000000000000b,585.8428545944851,Ernakulam,2015-01,"{""type"":""MultiPoint"",""coordinates"":[]}"
0_0000000000000000000c,597.3824211525944,Gurugram,2015-01,"{""type"":""MultiPoint"",""coordinates"":[]}"
0_0000000000000000000d,479.3993552789432,Guwahati,2015-01,"{""type"":""MultiPoint"",""coordinates"":[]}"
0_0000000000000000000e,479.57072857594886,Hyderabad,2015-01,"{""type"":""MultiPoint"",""coordinates"":[]}"
0_0000000000000000000f,465.97217686699656,Jaipur,2015-01,"{""type"":""MultiPoint"",""coordinates"":[]}"
0_00000000000000000010,576.556023027059,Jorapokhar,2015-01,"{""type"":""MultiPoint"",""coordinates"":[]}"
0_00000000000000000011,580.7677086103953,Kochi,2015-01,"{""type"":""MultiPoint"",""coordinates"":[]}"
0_00000000000000000012,772.8832662772068,Kolkata,2015-01,"{""type"":""MultiPoint"",""coordinates"":[]}"
0_00000000000000000013,955.076591266171,Lucknow,2015-01,"{""type"":""MultiPoint"",""coordinates"":[]}"
0_00000000000000000014,494.07679898557217,Mumbai,2015-01,"{""type"":""MultiPoint"",""coordinates"":[]}"
0_00000000000000000015,858.8686687151285,Patna,2015-01,"{""type"":""MultiPoint"",""coordinates"":[]}"
0_00000000000000000016,114.19906298754553,Shillong,2015-01,"{""type"":""MultiPoint"",""coordinates"":[]}"
0_00000000000000000017,576.5140615027799,Talcher,2015-01,"{""type"":""MultiPoint"",""coordinates"":[]}"
0_00000000000000000018,445.3947547069752,Thiruvananthapuram,2015-01,"{""type"":""MultiPoint"",""coordinates"":[]}"
0_00000000000000000019,488.6301069460868,Visakhapatnam,2015-01,"{""type"":""MultiPoint"",""coordinates"":[]}"
1_00000000000000000000,479.28686505952794,Ahmedabad,2015-02,"{""type"":""MultiPoint"",""coordinates"":[]}"
1_00000000000000000001,232.81526014541123,Aizawl,2015-02,"{""type"":""MultiPoint"",""coordinates"":[]}"
1_00000000000000000002,406.2740169917606,Amaravati,2015-02,"{""type"":""MultiPoint"",""coordinates"":[]}"
1_00000000000000000003,535.4415156675672,Amritsar,2015-02,"{""type"":""MultiPoint"",""coordinates"":[]}"
1_00000000000000000004,409.1162687040438,Bengaluru,2015-02,"{""type"":""MultiPoint"",""coordinates"":[]}"
1_00000000000000000005,420.9761627720441,Bhopal,2015-02,"{""type"":""MultiPoint"",""coordinates"":[]}"
1_00000000000000000006,474.6965153146376,Brajrajnagar,2015-02,"{""type"":""MultiPoint"",""coordinates"":[]}"
1_00000000000000000007,459.40265892088297,Chandigarh,2015-02,"{""type"":""MultiPoint"",""coordinates"":[]}"
1_00000000000000000008,373.45492415303147,Chennai,2015-02,"{""type"":""MultiPoint"",""coordinates"":[]}"
1_00000000000000000009,501.46005536218524,Coimbatore,2015-02,"{""type"":""MultiPoint"",""coordinates"":[]}"
1_0000000000000000000a,697.9522316368464,Delhi,2015-02,"{""type"":""MultiPoint"",""coordinates"":[]}"
1_0000000000000000000b,554.0146422050265,Ernakulam,2015-02,"{""type"":""MultiPoint"",""coordinates"":[]}"
1_0000000000000000000c,624.4914341453435,Gurugram,2015-02,"{""type"":""MultiPoint"",""coordinates"":[]}"
1_0000000000000000000d,701.6386131141091,Guwahati,2015-02,"{""type"":""MultiPoint"",""coordinates"":[]}"
1_0000000000000000000e,479.5023742910214,Hyderabad,2015-02,"{""type"":""MultiPoint"",""coordinates"":[]}"
1_0000000000000000000f,441.7518912415732,Jaipur,2015-02,"{""type"":""MultiPoint"",""coordinates"":[]}"
1_00000000000000000010,625.5939695828208,Jorapokhar,2015-02,"{""type"":""MultiPoint"",""coordinates"":[]}"
1_00000000000000000011,579.1500142847455,Kochi,2015-02,"{""type"":""MultiPoint"",""coordinates"":[]}"
1_00000000000000000012,740.3656316274503,Kolkata,2015-02,"{""type"":""MultiPoint"",""coordinates"":[]}"
1_00000000000000000013,827.4719979244794,Lucknow,2015-02,"{""type"":""MultiPoint"",""coordinates"":[]}"
1_00000000000000000014,442.34431668421115,Mumbai,2015-02,"{""type"":""MultiPoint"",""coordinates"":[]}"
1_00000000000000000015,1007.9663440518098,Patna,2015-02,"{""type"":""MultiPoint"",""coordinates"":[]}"
1_00000000000000000016,216.7651354323999,Shillong,2015-02,"{""type"":""MultiPoint"",""coordinates"":[]}"
1_00000000000000000017,536.5925230046554,Talcher,2015-02,"{""type"":""MultiPoint"",""coordinates"":[]}"
1_00000000000000000018,366.037935967212,Thiruvananthapuram,2015-02,"{""type"":""MultiPoint"",""coordinates"":[]}"
1_00000000000000000019,452.7986220499174,Visakhapatnam,2015-02,"{""type"":""MultiPoint"",""coordinates"":[]}"
2_00000000000000000000,472.1795816178838,Ahmedabad,2015-03,"{""type"":""MultiPoint"",""coordinates"":[]}"
2_00000000000000000001,258.5032670711347,Aizawl,2015-03,"{""type"":""MultiPoint"",""coordinates"":[]}"
2_00000000000000000002,539.8838056826069,Amaravati,2015-03,"{""type"":""MultiPoint"",""coordinates"":[]}"
2_00000000000000000003,370.24021712898406,Amritsar,2015-03,"{""type"":""MultiPoint"",""coordinates"":[]}"
2_00000000000000000004,536.1042678209154,Bengaluru,2015-03,"{""type"":""MultiPoint"",""coordinates"":[]}"
2_00000000000000000005,394.0002317555204,Bhopal,2015-03,"{""type"":""MultiPoint"",""coordinates"":[]}"
2_00000000000000000006,625.0827330530433,Brajrajnagar,2015-03,"{""type"":""MultiPoint"",""coordinates"":[]}"
2_00000000000000000007,274.6943125790406,Chandigarh,2015-03,"{""type"":""MultiPoint"",""coordinates"":[]}"
2_00000000000000000008,487.15874369054586,Chennai,2015-03,"{""type"":""MultiPoint"",""coordinates"":[]}"
2_00000000000000000009,608.5951778242217,Coimbatore,2015-03,"{""type"":""MultiPoint"",""coordinates"":[]}"
2_0000000000000000000a,331.21360892218456,Delhi,2015-03,"{""type"":""MultiPoint"",""coordinates"":[]}"
2_0000000000000000000b,627.5407373790202,Ernakulam,2015-03,"{""type"":""MultiPoint"",""coordinates"":[]}"
2_0000000000000000000c,334.2449495973725,Gurugram,2015-03,"{""type"":""MultiPoint"",""coordinates"":[]}"
2_0000000000000000000d,607.7363706727474,Guwahati,2015-03,"{""type"":""MultiPoint"",""coordinates"":[]}"
2_0000000000000000000e,565.7398268722347,Hyderabad,2015-03,"{""type"":""MultiPoint"",""coordinates"":[]}"
2_0000000000000000000f,469.29779568739167,Jaipur,2015-03,"{""type"":""MultiPoint"",""coordinates"":[]}"
2_00000000000000000010,478.3420914852961,Jorapokhar,2015-03,"{""type"":""MultiPoint"",""coordinates"":[]}"
2_00000000000000000011,619.9161994518632,Kochi,2015-03,"{""type"":""MultiPoint"",""coordinates"":[]}"
2_00000000000000000012,539.8103116507178,Kolkata,2015-03,"{""type"":""MultiPoint"",""coordinates"":[]}"
2_00000000000000000013,431.1327031293276,Lucknow,2015-03,"{""type"":""MultiPoint"",""coordinates"":[]}"
2_00000000000000000014,562.7463695789517,Mumbai,2015-03,"{""type"":""MultiPoint"",""coordinates"":[]}"
2_00000000000000000015,432.9531929955683,Patna,2015-03,"{""type"":""MultiPoint"",""coordinates"":[]}"
2_00000000000000000016,252.36921088193074,Shillong,2015-03,"{""type"":""MultiPoint"",""coordinates"":[]}"
2_00000000000000000017,719.78559162008,Talcher,2015-03,"{""type"":""MultiPoint"",""coordinates"":[]}"
2_00000000000000000018,522.423923619245,Thiruvananthapuram,2015-03,"{""type"":""MultiPoint"",""coordinates"":[]}"
2_00000000000000000019,685.6989336580915,Visakhapatnam,2015-03,"{""type"":""MultiPoint"",""coordinates"":[]}"
3_00000000000000000000,797.2638488351819,Ahmedabad,2015-04,"{""type"":""MultiPoint"",""coordinates"":[]}"
3_00000000000000000001,511.13855241909704,Aizawl,2015-04,"{""type"":""MultiPoint"",""coordinates"":[]}"
3_00000000000000000002,432.0791672845312,Amaravati,2015-04,"{""type"":""MultiPoint"",""coordinates"":[]}"
3_00000000000000000003,609.2684851526276,Amritsar,2015-04,"{""type"":""MultiPoint"",""coordinates"":[]}"
3_00000000000000000004,604.926259392646,Bengaluru,2015-04,"{""type"":""MultiPoint"",""coordinates"":[]}"
3_00000000000000000005,587.7849982620774,Bhopal,2015-04,"{""type"":""MultiPoint"",""coordinates"":[]}"
3_00000000000000000006,672.1612153216648,Brajrajnagar,2015-04,"{""type"":""MultiPoint"",""coordinates"":[]}"
3_00000000000000000007,434.912780814089,Chandigarh,2015-04,"{""type"":""MultiPoint"",""coordinates"":[]}"
3_00000000000000000008,443.1776659470308,Chennai,2015-04,"{""type"":""MultiPoint"",""coordinates"":[]}"
3_00000000000000000009,652.5282135392114,Coimbatore,2015-04,"{""type"":""MultiPoint"",""coordinates"":[]}"
3_0000000000000000000a,441.2886328787801,Delhi,2015-04,"{""type"":""MultiPoint"",""coordinates"":[]}"
3_0000000000000000000b,555.103226609441,Ernakulam,2015-04,"{""type"":""MultiPoint"",""coordinates"":[]}"
3_0000000000000000000c,468.16068459031436,Gurugram,2015-04,"{""type"":""MultiPoint"",""coordinates"":[]}"
3_0000000000000000000d,481.32026562595325,Guwahati,2015-04,"{""type"":""MultiPoint"",""coordinates"":[]}"
3_0000000000000000000e,618.3796979880033,Hyderabad,2015-04,"{""type"":""MultiPoint"",""coordinates"":[]}"
3_0000000000000000000f,593.1196145659131,Jaipur,2015-04,"{""type"":""MultiPoint"",""coordinates"":[]}"
3_00000000000000000010,642.9072615081678,Jorapokhar,2015-04,"{""type"":""MultiPoint"",""coordinates"":[]}"
3_00000000000000000011,522.9251770857712,Kochi,2015-04,"{""type"":""MultiPoint"",""coordinates"":[]}"
3_00000000000000000012,749.3436778679903,Kolkata,2015-04,"{""type"":""MultiPoint"",""coordinates"":[]}"
3_00000000000000000013,575.2886625586525,Lucknow,2015-04,"{""type"":""MultiPoint"",""coordinates"":[]}"
3_00000000000000000014,675.2911136569924,Mumbai,2015-04,"{""type"":""MultiPoint"",""coordinates"":[]}"
3_00000000000000000015,540.1216617158071,Patna,2015-04,"{""type"":""MultiPoint"",""coordinates"":[]}"
3_00000000000000000016,282.2377625455485,Shillong,2015-04,"{""type"":""MultiPoint"",""coordinates"":[]}"
3_00000000000000000017,729.0679205395197,Talcher,2015-04,"{""type"":""MultiPoint"",""coordinates"":[]}"
3_00000000000000000018,415.7054553445227,Thiruvananthapuram,2015-04,"{""type"":""MultiPoint"",""coordinates"":[]}"
3_00000000000000000019,612.9179678317852,Visakhapatnam,2015-04,"{""type"":""MultiPoint"",""coordinates"":[]}"
4_00000000000000000000,618.8594878749523,Ahmedabad,2015-05,"{""type"":""MultiPoint"",""coordinates"":[]}"
4_00000000000000000001,364.1697420726582,Aizawl,2015-05,"{""type"":""MultiPoint"",""coordinates"":[]}"
4_00000000000000000002,699.447403181194,Amaravati,2015-05,"{""type"":""MultiPoint"",""coordinates"":[]}"
4_00000000000000000003,586.0135254649365,Amritsar,2015-05,"{""type"":""MultiPoint"",""coordinates"":[]}"
4_00000000000000000004,667.3315029989017,Bengaluru,2015-05,"{""type"":""MultiPoint"",""coordinates"":[]}"
4_00000000000000000005,619.3298357255408,Bhopal,2015-05,"{""type"":""MultiPoint"",""coordinates"":[]}"
4_00000000000000000006,759.9065785932295,Brajrajnagar,2015-05,"{""type"":""MultiPoint"",""coordinates"":[]}"
4_00000000000000000007,467.269206677404,Chandigarh,2015-05,"{""type"":""MultiPoint"",""coordinates"":[]}"
4_00000000000000000008,623.949807677381,Chennai,2015-05,"{""type"":""MultiPoint"",""coordinates"":[]}"
4_00000000000000000009,746.8853765662283,Coimbatore,2015-05,"{""type"":""MultiPoint"",""coordinates"":[]}"
4_0000000000000000000a,449.8948320072014,Delhi,2015-05,"{""type"":""MultiPoint"",""coordinates"":[]}"
4_0000000000000000000b,495.64777698038426,Ernakulam,2015-05,"{""type"":""MultiPoint"",""coordinates"":[]}"
4_0000000000000000000c,442.8536951282745,Gurugram,2015-05,"{""type"":""MultiPoint"",""coordinates"":[]}"
4_0000000000000000000d,546.0574402747029,Guwahati,2015-05,"{""type"":""MultiPoint"",""coordinates"":[]}"
4_0000000000000000000e,697.4647366188548,Hyderabad,2015-05,"{""type"":""MultiPoint"",""coordinates"":[]}"
4_0000000000000000000f,642.1323154357817,Jaipur,2015-05,"{""type"":""MultiPoint"",""coordinates"":[]}"
4_00000000000000000010,663.9153589274249,Jorapokhar,2015-05,"{""type"":""MultiPoint"",""coordinates"":[]}"
4_00000000000000000011,533.8737207110153,Kochi,2015-05,"{""type"":""MultiPoint"",""coordinates"":[]}"
4_00000000000000000012,674.1089860246371,Kolkata,2015-05,"{""type"":""MultiPoint"",""coordinates"":[]}"
4_00000000000000000013,715.6719158723635,Lucknow,2015-05,"{""type"":""MultiPoint"",""coordinates"":[]}"
4_00000000000000000014,698.4829960408772,Mumbai,2015-05,"{""type"":""MultiPoint"",""coordinates"":[]}"
4_00000000000000000015,673.4868367354642,Patna,2015-05,"{""type"":""MultiPoint"",""coordinates"":[]}"
4_00000000000000000016,331.64095743066935,Shillong,2015-05,"{""type"":""MultiPoint"",""coordinates"":[]}"
4_00000000000000000017,783.6390282011319,Talcher,2015-05,"{""type"":""MultiPoint"",""coordinates"":[]}"
4_00000000000000000018,434.627912040061,Thiruvananthapuram,2015-05,"{""type"":""MultiPoint"",""coordinates"":[]}"
4_00000000000000000019,725.0923424290415,Visakhapatnam,2015-05,"{""type"":""MultiPoint"",""coordinates"":[]}"
5_00000000000000000000,718.6458463741975,Ahmedabad,2015-06,"{""type"":""MultiPoint"",""coordinates"":[]}"
5_00000000000000000001,226.1147042564953,Aizawl,2015-06,"{""type"":""MultiPoint"",""coordinates"":[]}"
5_00000000000000000002,465.9038285751595,Amaravati,2015-06,"{""type"":""MultiPoint"",""coordinates"":[]}"
5_00000000000000000003,642.1874619513542,Amritsar,2015-06,"{""type"":""MultiPoint"",""coordinates"":[]}"
5_00000000000000000004,365.5964912280703,Bengaluru,2015-06,"{""type"":""MultiPoint"",""coordinates"":[]}"
5_00000000000000000005,713.1444149765994,Bhopal,2015-06,"{""type"":""MultiPoint"",""coordinates"":[]}"
5_00000000000000000006,981.3976063576783,Brajrajnagar,2015-06,"{""type"":""MultiPoint"",""coordinates"":[]}"
5_00000000000000000007,483.05874037411735,Chandigarh,2015-06,"{""type"":""MultiPoint"",""coordinates"":[]}"
5_00000000000000000008,553.5745416119362,Chennai,2015-06,"{""type"":""MultiPoint"",""coordinates"":[]}"
5_00000000000000000009,482.9599002302379,Coimbatore,2015-06,"{""type"":""MultiPoint"",""coordinates"":[]}"
5_0000000000000000000a,629.9295577556782,Delhi,2015-06,"{""type"":""MultiPoint"",""coordinates"":[]}"
5_0000000000000000000b,398.18920433320886,Ernakulam,2015-06,"{""type"":""MultiPoint"",""coordinates"":[]}"
5_0000000000000000000c,646.6929789243262,Gurugram,2015-06,"{""type"":""MultiPoint"",""coordinates"":[]}"
5_0000000000000000000d,243.56883396574713,Guwahati,2015-06,"{""type"":""MultiPoint"",""coordinates"":[]}"
5_0000000000000000000e,901.7236054093215,Hyderabad,2015-06,"{""type"":""MultiPoint"",""coordinates"":[]}"
5_0000000000000000000f,616.8623962749435,Jaipur,2015-06,"{""type"":""MultiPoint"",""coordinates"":[]}"
5_00000000000000000010,742.795976294928,Jorapokhar,2015-06,"{""type"":""MultiPoint"",""coordinates"":[]}"
5_00000000000000000011,497.4349126778784,Kochi,2015-06,"{""type"":""MultiPoint"",""coordinates"":[]}"
5_00000000000000000012,868.829319781079,Kolkata,2015-06,"{""type"":""MultiPoint"",""coordinates"":[]}"
5_00000000000000000013,670.9174349502798,Lucknow,2015-06,"{""type"":""MultiPoint"",""coordinates"":[]}"
5_00000000000000000014,684.4220977353996,Mumbai,2015-06,"{""type"":""MultiPoint"",""coordinates"":[]}"
5_00000000000000000015,627.6525316892895,Patna,2015-06,"{""type"":""MultiPoint"",""coordinates"":[]}"
5_00000000000000000016,378.8632309217047,Shillong,2015-06,"{""type"":""MultiPoint"",""coordinates"":[]}"
5_00000000000000000017,973.5731302131707,Talcher,2015-06,"{""type"":""MultiPoint"",""coordinates"":[]}"
5_00000000000000000018,283.5514457315917,Thiruvananthapuram,2015-06,"{""type"":""MultiPoint"",""coordinates"":[]}"
5_00000000000000000019,830.7751722590776,Visakhapatnam,2015-06,"{""type"":""MultiPoint"",""coordinates"":[]}"
6_00000000000000000000,,Ahmedabad,2015-07,"{""type"":""MultiPoint"",""coordinates"":[]}"
6_00000000000000000001,336.8412483039349,Aizawl,2015-07,"{""type"":""MultiPoint"",""coordinates"":[]}"
6_00000000000000000002,533.6860526872987,Amaravati,2015-07,"{""type"":""MultiPoint"",""coordinates"":[]}"
6_00000000000000000003,1393.0742849986707,Amritsar,2015-07,"{""type"":""MultiPoint"",""coordinates"":[]}"
6_00000000000000000004,395.04992679355786,Bengaluru,2015-07,"{""type"":""MultiPoint"",""coordinates"":[]}"
6_00000000000000000005,,Bhopal,2015-07,"{""type"":""MultiPoint"",""coordinates"":[]}"
6_00000000000000000006,1177.2896771259664,Brajrajnagar,2015-07,"{""type"":""MultiPoint"",""coordinates"":[]}"
6_00000000000000000007,519.102950703988,Chandigarh,2015-07,"{""type"":""MultiPoint"",""coordinates"":[]}"
6_00000000000000000008,503.83845259066163,Chennai,2015-07,"{""type"":""MultiPoint"",""coordinates"":[]}"
6_00000000000000000009,476.06123122480716,Coimbatore,2015-07,"{""type"":""MultiPoint"",""coordinates"":[]}"
6_0000000000000000000a,906.1359548903255,Delhi,2015-07,"{""type"":""MultiPoint"",""coordinates"":[]}"
6_0000000000000000000b,349.6922605377951,Ernakulam,2015-07,"{""type"":""MultiPoint"",""coordinates"":[]}"
6_0000000000000000000c,825.7245584866621,Gurugram,2015-07,"{""type"":""MultiPoint"",""coordinates"":[]}"
6_0000000000000000000d,170.25460223375708,Guwahati,2015-07,"{""type"":""MultiPoint"",""coordinates"":[]}"
6_0000000000000000000e,801.4425229331331,Hyderabad,2015-07,"{""type"":""MultiPoint"",""coordinates"":[]}"
6_0000000000000000000f,1016.4240194942615,Jaipur,2015-07,"{""type"":""MultiPoint"",""coordinates"":[]}"
6_00000000000000000010,378.43070995452246,Jorapokhar,2015-07,"{""type"":""MultiPoint"",""coordinates"":[]}"
6_00000000000000000011,353.9202902165075,Kochi,2015-07,"{""type"":""MultiPoint"",""coordinates"":[]}"
6_00000000000000000012,910.3133180968211,Kolkata,2015-07,"{""type"":""MultiPoint"",""coordinates"":[]}"
6_00000000000000000013,513.7920249871582,Lucknow,2015-07,"{""type"":""MultiPoint"",""coordinates"":[]}"
6_00000000000000000014,,Mumbai,2015-07,"{""type"":""MultiPoint"",""coordinates"":[]}"
6_00000000000000000015,367.49493289509735,Patna,2015-07,"{""type"":""MultiPoint"",""coordinates"":[]}"
6_00000000000000000016,161.54033193361332,Shillong,2015-07,"{""type"":""MultiPoint"",""coordinates"":[]}"
6_00000000000000000017,1021.760325991704,Talcher,2015-07,"{""type"":""MultiPoint"",""coordinates"":[]}"
6_00000000000000000018,347.1943480374899,Thiruvananthapuram,2015-07,"{""type"":""MultiPoint"",""coordinates"":[]}"
6_00000000000000000019,812.2423604635002,Visakhapatnam,2015-07,"{""type"":""MultiPoint"",""coordinates"":[]}"
7_00000000000000000000,,Ahmedabad,2015-08,"{""type"":""MultiPoint"",""coordinates"":[]}"
7_00000000000000000001,237.3211627082595,Aizawl,2015-08,"{""type"":""MultiPoint"",""coordinates"":[]}"
7_00000000000000000002,528.7149167976585,Amaravati,2015-08,"{""type"":""MultiPoint"",""coordinates"":[]}"
7_00000000000000000003,622.3726546889491,Amritsar,2015-08,"{""type"":""MultiPoint"",""coordinates"":[]}"
7_00000000000000000004,400.4915564598169,Bengaluru,2015-08,"{""type"":""MultiPoint"",""coordinates"":[]}"
7_00000000000000000005,,Bhopal,2015-08,"{""type"":""MultiPoint"",""coordinates"":[]}"
7_00000000000000000006,453.2816901408451,Brajrajnagar,2015-08,"{""type"":""MultiPoint"",""coordinates"":[]}"
7_00000000000000000007,621.2624241598492,Chandigarh,2015-08,"{""type"":""MultiPoint"",""coordinates"":[]}"
7_00000000000000000008,390.0100450165832,Chennai,2015-08,"{""type"":""MultiPoint"",""coordinates"":[]}"
7_00000000000000000009,403.0223810345322,Coimbatore,2015-08,"{""type"":""MultiPoint"",""coordinates"":[]}"
7_0000000000000000000a,675.3398126107796,Delhi,2015-08,"{""type"":""MultiPoint"",""coordinates"":[]}"
7_0000000000000000000b,333.98598648744115,Ernakulam,2015-08,"{""type"":""MultiPoint"",""coordinates"":[]}"
7_0000000000000000000c,513.4772220814725,Gurugram,2015-08,"{""type"":""MultiPoint"",""coordinates"":[]}"
7_0000000000000000000d,341.01037150386804,Guwahati,2015-08,"{""type"":""MultiPoint"",""coordinates"":[]}"
7_0000000000000000000e,,Hyderabad,2015-08,"{""type"":""MultiPoint"",""coordinates"":[]}"
7_0000000000000000000f,654.7149494675441,Jaipur,2015-08,"{""type"":""MultiPoint"",""coordinates"":[]}"
7_00000000000000000010,339.9745744216499,Jorapokhar,2015-08,"{""type"":""MultiPoint"",""coordinates"":[]}"
7_00000000000000000011,297.67025049355243,Kochi,2015-08,"{""type"":""MultiPoint"",""coordinates"":[]}"
7_00000000000000000012,313.34663892041874,Kolkata,2015-08,"{""type"":""MultiPoint"",""coordinates"":[]}"
7_00000000000000000013,682.8746177370032,Lucknow,2015-08,"{""type"":""MultiPoint"",""coordinates"":[]}"
7_00000000000000000014,,Mumbai,2015-08,"{""type"":""MultiPoint"",""coordinates"":[]}"
7_00000000000000000015,1028.1573157315731,Patna,2015-08,"{""type"":""MultiPoint"",""coordinates"":[]}"
7_00000000000000000016,290.2941176470588,Shillong,2015-08,"{""type"":""MultiPoint"",""coordinates"":[]}"
7_00000000000000000017,934.7045621241015,Talcher,2015-08,"{""type"":""MultiPoint"",""coordinates"":[]}"
7_00000000000000000018,329.3145845494132,Thiruvananthapuram,2015-08,"{""type"":""MultiPoint"",""coordinates"":[]}"
7_00000000000000000019,541.3857479131583,Visakhapatnam,2015-08,"{""type"":""MultiPoint"",""coordinates"":[]}"
8_00000000000000000000,653.4394272297669,Ahmedabad,2015-09,"{""type"":""MultiPoint"",""coordinates"":[]}"
8_00000000000000000001,177.3562063516154,Aizawl,2015-09,"{""type"":""MultiPoint"",""coordinates"":[]}"
8_00000000000000000002,593.7680766868473,Amaravati,2015-09,"{""type"":""MultiPoint"",""coordinates"":[]}"
8_00000000000000000003,571.3854600791318,Amritsar,2015-09,"{""type"":""MultiPoint"",""coordinates"":[]}"
8_00000000000000000004,579.0911531713542,Bengaluru,2015-09,"{""type"":""MultiPoint"",""coordinates"":[]}"
8_00000000000000000005,461.8862940630798,Bhopal,2015-09,"{""type"":""MultiPoint"",""coordinates"":[]}"
8_00000000000000000006,768.6811848688347,Brajrajnagar,2015-09,"{""type"":""MultiPoint"",""coordinates"":[]}"
8_00000000000000000007,389.7596291657717,Chandigarh,2015-09,"{""type"":""MultiPoint"",""coordinates"":[]}"
8_00000000000000000008,640.230620850425,Chennai,2015-09,"{""type"":""MultiPoint"",""coordinates"":[]}"
8_00000000000000000009,436.3296618018946,Coimbatore,2015-09,"{""type"":""MultiPoint"",""coordinates"":[]}"
8_0000000000000000000a,391.62167587266606,Delhi,2015-09,"{""type"":""MultiPoint"",""coordinates"":[]}"
8_0000000000000000000b,354.95945851274695,Ernakulam,2015-09,"{""type"":""MultiPoint"",""coordinates"":[]}"
8_0000000000000000000c,445.8534455263186,Gurugram,2015-09,"{""type"":""MultiPoint"",""coordinates"":[]}"
8_0000000000000000000d,439.0062000430222,Guwahati,2015-09,"{""type"":""MultiPoint"",""coordinates"":[]}"
8_0000000000000000000e,548.1004098360654,Hyderabad,2015-09,"{""type"":""MultiPoint"",""coordinates"":[]}"
8_0000000000000000000f,464.58658014587513,Jaipur,2015-09,"{""type"":""MultiPoint"",""coordinates"":[]}"
8_00000000000000000010,497.92881509457476,Jorapokhar,2015-09,"{""type"":""MultiPoint"",""coordinates"":[]}"
8_00000000000000000011,349.7608609537026,Kochi,2015-09,"{""type"":""MultiPoint"",""coordinates"":[]}"
8_00000000000000000012,377.5715483510341,Kolkata,2015-09,"{""type"":""MultiPoint"",""coordinates"":[]}"
8_00000000000000000013,582.9119572811362,Lucknow,2015-09,"{""type"":""MultiPoint"",""coordinates"":[]}"
8_00000000000000000014,616.6307673345065,Mumbai,2015-09,"{""type"":""MultiPoint"",""coordinates"":[]}"
8_00000000000000000015,547.1137505572422,Patna,2015-09,"{""type"":""MultiPoint"",""coordinates"":[]}"
8_00000000000000000016,148.7987731796683,Shillong,2015-09,"{""type"":""MultiPoint"",""coordinates"":[]}"
8_00000000000000000017,845.5976079211428,Talcher,2015-09,"{""type"":""MultiPoint"",""coordinates"":[]}"
8_00000000000000000018,365.5128540654098,Thiruvananthapuram,2015-09,"{""type"":""MultiPoint"",""coordinates"":[]}"
8_00000000000000000019,724.9600017892286,Visakhapatnam,2015-09,"{""type"":""MultiPoint"",""coordinates"":[]}"
9_00000000000000000000,589.8994591562392,Ahmedabad,2015-10,"{""type"":""MultiPoint"",""coordinates"":[]}"
9_00000000000000000001,128.9161965653511,Aizawl,2015-10,"{""type"":""MultiPoint"",""coordinates"":[]}"
9_00000000000000000002,613.7099296824543,Amaravati,2015-10,"{""type"":""MultiPoint"",""coordinates"":[]}"
9_00000000000000000003,630.0886156102468,Amritsar,2015-10,"{""type"":""MultiPoint"",""coordinates"":[]}"
9_00000000000000000004,497.0357109702754,Bengaluru,2015-10,"{""type"":""MultiPoint"",""coordinates"":[]}"
9_00000000000000000005,489.3943573782494,Bhopal,2015-10,"{""type"":""MultiPoint"",""coordinates"":[]}"
9_00000000000000000006,691.928273415325,Brajrajnagar,2015-10,"{""type"":""MultiPoint"",""coordinates"":[]}"
9_00000000000000000007,583.0132748865384,Chandigarh,2015-10,"{""type"":""MultiPoint"",""coordinates"":[]}"
9_00000000000000000008,468.26302193393406,Chennai,2015-10,"{""type"":""MultiPoint"",""coordinates"":[]}"
9_00000000000000000009,443.7841234284144,Coimbatore,2015-10,"{""type"":""MultiPoint"",""coordinates"":[]}"
9_0000000000000000000a,647.449147621697,Delhi,2015-10,"{""type"":""MultiPoint"",""coordinates"":[]}"
9_0000000000000000000b,456.83284382798684,Ernakulam,2015-10,"{""type"":""MultiPoint"",""coordinates"":[]}"
9_0000000000000000000c,575.9217592942414,Gurugram,2015-10,"{""type"":""MultiPoint"",""coordinates"":[]}"
9_0000000000000000000d,369.66730666506794,Guwahati,2015-10,"{""type"":""MultiPoint"",""coordinates"":[]}"
9_0000000000000000000e,715.5668529243034,Hyderabad,2015-10,"{""type"":""MultiPoint"",""coordinates"":[]}"
9_0000000000000000000f,458.43723448194106,Jaipur,2015-10,"{""type"":""MultiPoint"",""coordinates"":[]}"
9_00000000000000000010,595.0070610359257,Jorapokhar,2015-10,"{""type"":""MultiPoint"",""coordinates"":[]}"
9_00000000000000000011,509.39757337621126,Kochi,2015-10,"{""type"":""MultiPoint"",""coordinates"":[]}"
9_00000000000000000012,694.4395229475508,Kolkata,2015-10,"{""type"":""MultiPoint"",""coordinates"":[]}"
9_00000000000000000013,671.7280423742887,Lucknow,2015-10,"{""type"":""MultiPoint"",""coordinates"":[]}"
9_00000000000000000014,822.8237597567245,Mumbai,2015-10,"{""type"":""MultiPoint"",""coordinates"":[]}"
9_00000000000000000015,711.8024831469799,Patna,2015-10,"{""type"":""MultiPoint"",""coordinates"":[]}"
9_00000000000000000016,97.10434632005833,Shillong,2015-10,"{""type"":""MultiPoint"",""coordinates"":[]}"
9_00000000000000000017,920.703066529284,Talcher,2015-10,"{""type"":""MultiPoint"",""coordinates"":[]}"
9_00000000000000000018,316.69534301019536,Thiruvananthapuram,2015-10,"{""type"":""MultiPoint"",""coordinates"":[]}"
9_00000000000000000019,829.1902379642006,Visakhapatnam,2015-10,"{""type"":""MultiPoint"",""coordinates"":[]}"
10_00000000000000000000,605.6246537621494,Ahmedabad,2015-11,"{""type"":""MultiPoint"",""coordinates"":[]}"
10_00000000000000000001,83.75248397793112,Aizawl,2015-11,"{""type"":""MultiPoint"",""coordinates"":[]}"
10_00000000000000000002,495.68633126064043,Amaravati,2015-11,"{""type"":""MultiPoint"",""coordinates"":[]}"
10_00000000000000000003,808.9181641381958,Amritsar,2015-11,"{""type"":""MultiPoint"",""coordinates"":[]}"
10_00000000000000000004,319.1571325606266,Bengaluru,2015-11,"{""type"":""MultiPoint"",""coordinates"":[]}"
10_00000000000000000005,541.3126408621388,Bhopal,2015-11,"{""type"":""MultiPoint"",""coordinates"":[]}"
10_00000000000000000006,559.6990754535827,Brajrajnagar,2015-11,"{""type"":""MultiPoint"",""coordinates"":[]}"
10_00000000000000000007,593.9447262250802,Chandigarh,2015-11,"{""type"":""MultiPoint"",""coordinates"":[]}"
10_00000000000000000008,351.3433508736078,Chennai,2015-11,"{""type"":""MultiPoint"",""coordinates"":[]}"
10_00000000000000000009,320.1780198019802,Coimbatore,2015-11,"{""type"":""MultiPoint"",""coordinates"":[]}"
10_0000000000000000000a,1053.8413775706672,Delhi,2015-11,"{""type"":""MultiPoint"",""coordinates"":[]}"
10_0000000000000000000b,363.1376805715315,Ernakulam,2015-11,"{""type"":""MultiPoint"",""coordinates"":[]}"
10_0000000000000000000c,916.4442684054695,Gurugram,2015-11,"{""type"":""MultiPoint"",""coordinates"":[]}"
10_0000000000000000000d,425.53477295423477,Guwahati,2015-11,"{""type"":""MultiPoint"",""coordinates"":[]}"
10_0000000000000000000e,554.1366975185666,Hyderabad,2015-11,"{""type"":""MultiPoint"",""coordinates"":[]}"
10_0000000000000000000f,714.735944345813,Jaipur,2015-11,"{""type"":""MultiPoint"",""coordinates"":[]}"
10_00000000000000000010,820.4905184012193,Jorapokhar,2015-11,"{""type"":""MultiPoint"",""coordinates"":[]}"
10_00000000000000000011,360.2323477295651,Kochi,2015-11,"{""type"":""MultiPoint"",""coordinates"":[]}"
10_00000000000000000012,648.8666164048967,Kolkata,2015-11,"{""type"":""MultiPoint"",""coordinates"":[]}"
10_00000000000000000013,900.9310959628389,Lucknow,2015-11,"{""type"":""MultiPoint"",""coordinates"":[]}"
10_00000000000000000014,587.9865737877709,Mumbai,2015-11,"{""type"":""MultiPoint"",""coordinates"":[]}"
10_00000000000000000015,1158.4242990602843,Patna,2015-11,"{""type"":""MultiPoint"",""coordinates"":[]}"
10_00000000000000000016,95.87306844529613,Shillong,2015-11,"{""type"":""MultiPoint"",""coordinates"":[]}"
10_00000000000000000017,724.5980923643494,Talcher,2015-11,"{""type"":""MultiPoint"",""coordinates"":[]}"
10_00000000000000000018,370.97208447659443,Thiruvananthapuram,2015-11,"{""type"":""MultiPoint"",""coordinates"":[]}"
10_00000000000000000019,463.6100777239477,Visakhapatnam,2015-11,"{""type"":""MultiPoint"",""coordinates"":[]}"
11_00000000000000000000,383.92299238393326,Ahmedabad,2015-12,"{""type"":""MultiPoint"",""coordinates"":[]}"
11_00000000000000000001,248.71451344347037,Aizawl,2015-12,"{""type"":""MultiPoint"",""coordinates"":[]}"
11_00000000000000000002,432.07610688310683,Amaravati,2015-12,"{""type"":""MultiPoint"",""coordinates"":[]}"
11_00000000000000000003,615.9821172565721,Amritsar,2015-12,"{""type"":""MultiPoint"",""coordinates"":[]}"
11_00000000000000000004,340.29787341523826,Bengaluru,2015-12,"{""type"":""MultiPoint"",""coordinates"":[]}"
11_00000000000000000005,357.93436901197833,Bhopal,2015-12,"{""type"":""MultiPoint"",""coordinates"":[]}"
11_00000000000000000006,596.5747948496788,Brajrajnagar,2015-12,"{""type"":""MultiPoint"",""coordinates"":[]}"
11_00000000000000000007,482.1822252458048,Chandigarh,2015-12,"{""type"":""MultiPoint"",""coordinates"":[]}"
11_00000000000000000008,344.18999935909216,Chennai,2015-12,"{""type"":""MultiPoint"",""coordinates"":[]}"
11_00000000000000000009,358.00099506914984,Coimbatore,2015-12,"{""type"":""MultiPoint"",""coordinates"":[]}"
11_0000000000000000000a,697.9453134878341,Delhi,2015-12,"{""type"":""MultiPoint"",""coordinates"":[]}"
11_0000000000000000000b,319.98417495228244,Ernakulam,2015-12,"{""type"":""MultiPoint"",""coordinates"":[]}"
11_0000000000000000000c,647.8980949198527,Gurugram,2015-12,"{""type"":""MultiPoint"",""coordinates"":[]}"
11_0000000000000000000d,507.2577021114048,Guwahati,2015-12,"{""type"":""MultiPoint"",""coordinates"":[]}"
11_0000000000000000000e,441.6903773294505,Hyderabad,2015-12,"{""type"":""MultiPoint"",""coordinates"":[]}"
11_0000000000000000000f,489.57379581972395,Jaipur,2015-12,"{""type"":""MultiPoint"",""coordinates"":[]}"
11_00000000000000000010,981.8865334960303,Jorapokhar,2015-12,"{""type"":""MultiPoint"",""coordinates"":[]}"
11_00000000000000000011,338.0251001700065,Kochi,2015-12,"{""type"":""MultiPoint"",""coordinates"":[]}"
11_00000000000000000012,999.293018512939,Kolkata,2015-12,"{""type"":""MultiPoint"",""coordinates"":[]}"
11_00000000000000000013,1023.606846112532,Lucknow,2015-12,"{""type"":""MultiPoint"",""coordinates"":[]}"
11_00000000000000000014,437.0381168289701,Mumbai,2015-12,"{""type"":""MultiPoint"",""coordinates"":[]}"
11_00000000000000000015,1321.2543615696582,Patna,2015-12,"{""type"":""MultiPoint"",""coordinates"":[]}"
11_00000000000000000016,213.9542036671144,Shillong,2015-12,"{""type"":""MultiPoint"",""coordinates"":[]}"
11_00000000000000000017,674.960164269896,Talcher,2015-12,"{""type"":""MultiPoint"",""coordinates"":[]}"
11_00000000000000000018,282.50534397924304,Thiruvananthapuram,2015-12,"{""type"":""MultiPoint"",""coordinates"":[]}"
11_00000000000000000019,449.01484112963084,Visakhapatnam,2015-12,"{""type"":""MultiPoint"",""coordinates"":[]}"
12_00000000000000000000,477.88344264824246,Ahmedabad,2016-01,"{""type"":""MultiPoint"",""coordinates"":[]}"
12_00000000000000000001,217.0194345395843,Aizawl,2016-01,"{""type"":""MultiPoint"",""coordinates"":[]}"
12_00000000000000000002,578.9825742966304,Amaravati,2016-01,"{""type"":""MultiPoint"",""coordinates"":[]}"
12_00000000000000000003,585.8230250775218,Amritsar,2016-01,"{""type"":""MultiPoint"",""coordinates"":[]}"
12_00000000000000000004,421.2778065658605,Bengaluru,2016-01,"{""type"":""MultiPoint"",""coordinates"":[]}"
12_00000000000000000005,369.1302857914682,Bhopal,2016-01,"{""type"":""MultiPoint"",""coordinates"":[]}"
12_00000000000000000006,522.9720759198759,Brajrajnagar,2016-01,"{""type"":""MultiPoint"",""coordinates"":[]}"
12_00000000000000000007,647.8542071278528,Chandigarh,2016-01,"{""type"":""MultiPoint"",""coordinates"":[]}"
12_00000000000000000008,435.4281666069594,Chennai,2016-01,"{""type"":""MultiPoint"",""coordinates"":[]}"
12_00000000000000000009,520.1346550611719,Coimbatore,2016-01,"{""type"":""MultiPoint"",""coordinates"":[]}"
12_0000000000000000000a,912.7625072316226,Delhi,2016-01,"{""type"":""MultiPoint"",""coordinates"":[]}"
12_0000000000000000000b,532.6703106736079,Ernakulam,2016-01,"{""type"":""MultiPoint"",""coordinates"":[]}"
12_0000000000000000000c,730.7184051094906,Gurugram,2016-01,"{""type"":""MultiPoint"",""coordinates"":[]}"
12_0000000000000000000d,729.628485390534,Guwahati,2016-01,"{""type"":""MultiPoint"",""coordinates"":[]}"
12_0000000000000000000e,546.143025216937,Hyderabad,2016-01,"{""type"":""MultiPoint"",""coordinates"":[]}"
12_0000000000000000000f,477.19362250709077,Jaipur,2016-01,"{""type"":""MultiPoint"",""coordinates"":[]}"
12_00000000000000000010,813.395378880467,Jorapokhar,2016-01,"{""type"":""MultiPoint"",""coordinates"":[]}"
12_00000000000000000011,521.8080084549791,Kochi,2016-01,"{""type"":""MultiPoint"",""coordinates"":[]}"
12_00000000000000000012,1030.0993506660923,Kolkata,2016-01,"{""type"":""MultiPoint"",""coordinates"":[]}"
12_00000000000000000013,1002.4636428578049,Lucknow,2016-01,"{""type"":""MultiPoint"",""coordinates"":[]}"
12_00000000000000000014,421.8923967454839,Mumbai,2016-01,"{""type"":""MultiPoint"",""coordinates"":[]}"
12_00000000000000000015,1111.97293102283,Patna,2016-01,"{""type"":""MultiPoint"",""coordinates"":[]}"
12_00000000000000000016,213.91335643033506,Shillong,2016-01,"{""type"":""MultiPoint"",""coordinates"":[]}"
12_00000000000000000017,782.9569996538006,Talcher,2016-01,"{""type"":""MultiPoint"",""coordinates"":[]}"
12_00000000000000000018,412.1832293598845,Thiruvananthapuram,2016-01,"{""type"":""MultiPoint"",""coordinates"":[]}"
12_00000000000000000019,672.0964190098929,Visakhapatnam,2016-01,"{""type"":""MultiPoint"",""coordinates"":[]}"
13_00000000000000000000,450.29510501436863,Ahmedabad,2016-02,"{""type"":""MultiPoint"",""coordinates"":[]}"
13_00000000000000000001,305.6484665667157,Aizawl,2016-02,"{""type"":""MultiPoint"",""coordinates"":[]}"
13_00000000000000000002,449.5040397975384,Amaravati,2016-02,"{""type"":""MultiPoint"",""coordinates"":[]}"
13_00000000000000000003,591.5930305625276,Amritsar,2016-02,"{""type"":""MultiPoint"",""coordinates"":[]}"
13_00000000000000000004,501.7650811347574,Bengaluru,2016-02,"{""type"":""MultiPoint"",""coordinates"":[]}"
13_00000000000000000005,395.3098371119813,Bhopal,2016-02,"{""type"":""MultiPoint"",""coordinates"":[]}"
13_00000000000000000006,715.6236671318499,Brajrajnagar,2016-02,"{""type"":""MultiPoint"",""coordinates"":[]}"
13_00000000000000000007,458.45064649740533,Chandigarh,2016-02,"{""type"":""MultiPoint"",""coordinates"":[]}"
13_00000000000000000008,455.97653673071005,Chennai,2016-02,"{""type"":""MultiPoint"",""coordinates"":[]}"
13_00000000000000000009,590.0599186045828,Coimbatore,2016-02,"{""type"":""MultiPoint"",""coordinates"":[]}"
13_0000000000000000000a,544.1165302640999,Delhi,2016-02,"{""type"":""MultiPoint"",""coordinates"":[]}"
13_0000000000000000000b,569.5237342356767,Ernakulam,2016-02,"{""type"":""MultiPoint"",""coordinates"":[]}"
13_0000000000000000000c,559.5134507094904,Gurugram,2016-02,"{""type"":""MultiPoint"",""coordinates"":[]}"
13_0000000000000000000d,915.0756224915275,Guwahati,2016-02,"{""type"":""MultiPoint"",""coordinates"":[]}"
13_0000000000000000000e,549.0758764237142,Hyderabad,2016-02,"{""type"":""MultiPoint"",""coordinates"":[]}"
13_0000000000000000000f,483.4339544673005,Jaipur,2016-02,"{""type"":""MultiPoint"",""coordinates"":[]}"
13_00000000000000000010,743.5437897436517,Jorapokhar,2016-02,"{""type"":""MultiPoint"",""coordinates"":[]}"
13_00000000000000000011,601.5401048476189,Kochi,2016-02,"{""type"":""MultiPoint"",""coordinates"":[]}"
13_00000000000000000012,1051.5595223735695,Kolkata,2016-02,"{""type"":""MultiPoint"",""coordinates"":[]}"
13_00000000000000000013,724.2483880955842,Lucknow,2016-02,"{""type"":""MultiPoint"",""coordinates"":[]}"
13_00000000000000000014,492.82025604354186,Mumbai,2016-02,"{""type"":""MultiPoint"",""coordinates"":[]}"
13_00000000000000000015,746.7412816693715,Patna,2016-02,"{""type"":""MultiPoint"",""coordinates"":[]}"
13_00000000000000000016,232.7605542402262,Shillong,2016-02,"{""type"":""MultiPoint"",""coordinates"":[]}"
13_00000000000000000017,770.1257979315479,Talcher,2016-02,"{""type"":""MultiPoint"",""coordinates"":[]}"
13_00000000000000000018,475.83686409953054,Thiruvananthapuram,2016-02,"{""type"":""MultiPoint"",""coordinates"":[]}"
13_00000000000000000019,619.7953776582709,Visakhapatnam,2016-02,"{""type"":""MultiPoint"",""coordinates"":[]}"
14_00000000000000000000,493.0182394334486,Ahmedabad,2016-03,"{""type"":""MultiPoint"",""coordinates"":[]}"
14_00000000000000000001,434.92770198175845,Aizawl,2016-03,"{""type"":""MultiPoint"",""coordinates"":[]}"
14_00000000000000000002,570.2480426642799,Amaravati,2016-03,"{""type"":""MultiPoint"",""coordinates"":[]}"
14_00000000000000000003,455.9052697562681,Amritsar,2016-03,"{""type"":""MultiPoint"",""coordinates"":[]}"
14_00000000000000000004,615.3543284922492,Bengaluru,2016-03,"{""type"":""MultiPoint"",""coordinates"":[]}"
14_00000000000000000005,441.0226329164671,Bhopal,2016-03,"{""type"":""MultiPoint"",""coordinates"":[]}"
14_00000000000000000006,818.8551926248068,Brajrajnagar,2016-03,"{""type"":""MultiPoint"",""coordinates"":[]}"
14_00000000000000000007,356.3996497641466,Chandigarh,2016-03,"{""type"":""MultiPoint"",""coordinates"":[]}"
14_00000000000000000008,528.3510384347893,Chennai,2016-03,"{""type"":""MultiPoint"",""coordinates"":[]}"
14_00000000000000000009,661.8414628784858,Coimbatore,2016-03,"{""type"":""MultiPoint"",""coordinates"":[]}"
14_0000000000000000000a,438.03906247020814,Delhi,2016-03,"{""type"":""MultiPoint"",""coordinates"":[]}"
14_0000000000000000000b,706.2361708762387,Ernakulam,2016-03,"{""type"":""MultiPoint"",""coordinates"":[]}"
14_0000000000000000000c,456.1002170095713,Gurugram,2016-03,"{""type"":""MultiPoint"",""coordinates"":[]}"
14_0000000000000000000d,742.4191616066325,Guwahati,2016-03,"{""type"":""MultiPoint"",""coordinates"":[]}"
14_0000000000000000000e,602.8918068249004,Hyderabad,2016-03,"{""type"":""MultiPoint"",""coordinates"":[]}"
14_0000000000000000000f,415.6000931985021,Jaipur,2016-03,"{""type"":""MultiPoint"",""coordinates"":[]}"
14_00000000000000000010,589.1239308802055,Jorapokhar,2016-03,"{""type"":""MultiPoint"",""coordinates"":[]}"
14_00000000000000000011,702.0944190229449,Kochi,2016-03,"{""type"":""MultiPoint"",""coordinates"":[]}"
14_00000000000000000012,749.3597563413613,Kolkata,2016-03,"{""type"":""MultiPoint"",""coordinates"":[]}"
14_00000000000000000013,531.8253958780758,Lucknow,2016-03,"{""type"":""MultiPoint"",""coordinates"":[]}"
14_00000000000000000014,549.4407601716161,Mumbai,2016-03,"{""type"":""MultiPoint"",""coordinates"":[]}"
14_00000000000000000015,527.2122610349361,Patna,2016-03,"{""type"":""MultiPoint"",""coordinates"":[]}"
14_00000000000000000016,322.0981769419841,Shillong,2016-03,"{""type"":""MultiPoint"",""coordinates"":[]}"
14_00000000000000000017,978.4961716253429,Talcher,2016-03,"{""type"":""MultiPoint"",""coordinates"":[]}"
14_00000000000000000018,510.22485613886425,Thiruvananthapuram,2016-03,"{""type"":""MultiPoint"",""coordinates"":[]}"
14_00000000000000000019,739.2209063349146,Visakhapatnam,2016-03,"{""type"":""MultiPoint"",""coordinates"":[]}"
15_00000000000000000000,515.8103858693984,Ahmedabad,2016-04,"{""type"":""MultiPoint"",""coordinates"":[]}"
15_00000000000000000001,447.3131168801298,Aizawl,2016-04,"{""type"":""MultiPoint"",""coordinates"":[]}"
15_00000000000000000002,550.2146492859615,Amaravati,2016-04,"{""type"":""MultiPoint"",""coordinates"":[]}"
15_00000000000000000003,430.7136636232702,Amritsar,2016-04,"{""type"":""MultiPoint"",""coordinates"":[]}"
15_00000000000000000004,613.528780714429,Bengaluru,2016-04,"{""type"":""MultiPoint"",""coordinates"":[]}"
15_00000000000000000005,466.125713110024,Bhopal,2016-04,"{""type"":""MultiPoint"",""coordinates"":[]}"
15_00000000000000000006,640.5621167602797,Brajrajnagar,2016-04,"{""type"":""MultiPoint"",""coordinates"":[]}"
15_00000000000000000007,336.2950677829766,Chandigarh,2016-04,"{""type"":""MultiPoint"",""coordinates"":[]}"
15_00000000000000000008,485.51981876251955,Chennai,2016-04,"{""type"":""MultiPoint"",""coordinates"":[]}"
15_00000000000000000009,685.1465275815343,Coimbatore,2016-04,"{""type"":""MultiPoint"",""coordinates"":[]}"
15_0000000000000000000a,449.565288477381,Delhi,2016-04,"{""type"":""MultiPoint"",""coordinates"":[]}"
15_0000000000000000000b,662.4246923606034,Ernakulam,2016-04,"{""type"":""MultiPoint"",""coordinates"":[]}"
15_0000000000000000000c,428.99876162784625,Gurugram,2016-04,"{""type"":""MultiPoint"",""coordinates"":[]}"
15_0000000000000000000d,551.7039099869203,Guwahati,2016-04,"{""type"":""MultiPoint"",""coordinates"":[]}"
15_0000000000000000000e,590.8553026663844,Hyderabad,2016-04,"{""type"":""MultiPoint"",""coordinates"":[]}"
15_0000000000000000000f,499.0099395830899,Jaipur,2016-04,"{""type"":""MultiPoint"",""coordinates"":[]}"
15_00000000000000000010,541.2376011496187,Jorapokhar,2016-04,"{""type"":""MultiPoint"",""coordinates"":[]}"
15_00000000000000000011,660.2365179839259,Kochi,2016-04,"{""type"":""MultiPoint"",""coordinates"":[]}"
15_00000000000000000012,626.7031560136769,Kolkata,2016-04,"{""type"":""MultiPoint"",""coordinates"":[]}"
15_00000000000000000013,510.51906505828595,Lucknow,2016-04,"{""type"":""MultiPoint"",""coordinates"":[]}"
15_00000000000000000014,493.5238630056271,Mumbai,2016-04,"{""type"":""MultiPoint"",""coordinates"":[]}"
15_00000000000000000015,522.8757070660288,Patna,2016-04,"{""type"":""MultiPoint"",""coordinates"":[]}"
15_00000000000000000016,217.36515947078243,Shillong,2016-04,"{""type"":""MultiPoint"",""coordinates"":[]}"
15_00000000000000000017,777.5276255695396,Talcher,2016-04,"{""type"":""MultiPoint"",""coordinates"":[]}"
15_00000000000000000018,632.2237553743174,Thiruvananthapuram,2016-04,"{""type"":""MultiPoint"",""coordinates"":[]}"
15_00000000000000000019,690.3150073288203,Visakhapatnam,2016-04,"{""type"":""MultiPoint"",""coordinates"":[]}"
16_00000000000000000000,690.6576518782513,Ahmedabad,2016-05,"{""type"":""MultiPoint"",""coordinates"":[]}"
16_00000000000000000001,376.04642422495834,Aizawl,2016-05,"{""type"":""MultiPoint"",""coordinates"":[]}"
16_00000000000000000002,574.4568801586297,Amaravati,2016-05,"{""type"":""MultiPoint"",""coordinates"":[]}"
16_00000000000000000003,605.5937495036871,Amritsar,2016-05,"{""type"":""MultiPoint"",""coordinates"":[]}"
16_00000000000000000004,645.9894176320594,Bengaluru,2016-05,"{""type"":""MultiPoint"",""coordinates"":[]}"
16_00000000000000000005,571.4605407649299,Bhopal,2016-05,"{""type"":""MultiPoint"",""coordinates"":[]}"
16_00000000000000000006,673.5774501573571,Brajrajnagar,2016-05,"{""type"":""MultiPoint"",""coordinates"":[]}"
16_00000000000000000007,529.4689481368231,Chandigarh,2016-05,"{""type"":""MultiPoint"",""coordinates"":[]}"
16_00000000000000000008,504.3170883708449,Chennai,2016-05,"{""type"":""MultiPoint"",""coordinates"":[]}"
16_00000000000000000009,547.7362248282521,Coimbatore,2016-05,"{""type"":""MultiPoint"",""coordinates"":[]}"
16_0000000000000000000a,658.9601048772982,Delhi,2016-05,"{""type"":""MultiPoint"",""coordinates"":[]}"
16_0000000000000000000b,607.8723489551212,Ernakulam,2016-05,"{""type"":""MultiPoint"",""coordinates"":[]}"
16_0000000000000000000c,726.7643382912797,Gurugram,2016-05,"{""type"":""MultiPoint"",""coordinates"":[]}"
16_0000000000000000000d,594.2747116841548,Guwahati,2016-05,"{""type"":""MultiPoint"",""coordinates"":[]}"
16_0000000000000000000e,621.0245037733439,Hyderabad,2016-05,"{""type"":""MultiPoint"",""coordinates"":[]}"
16_0000000000000000000f,675.821974808742,Jaipur,2016-05,"{""type"":""MultiPoint"",""coordinates"":[]}"
16_00000000000000000010,916.2941539555065,Jorapokhar,2016-05,"{""type"":""MultiPoint"",""coordinates"":[]}"
16_00000000000000000011,556.3696570238877,Kochi,2016-05,"{""type"":""MultiPoint"",""coordinates"":[]}"
16_00000000000000000012,782.326021493671,Kolkata,2016-05,"{""type"":""MultiPoint"",""coordinates"":[]}"
16_00000000000000000013,874.0357436837553,Lucknow,2016-05,"{""type"":""MultiPoint"",""coordinates"":[]}"
16_00000000000000000014,512.8766392954883,Mumbai,2016-05,"{""type"":""MultiPoint"",""coordinates"":[]}"
16_00000000000000000015,750.2509934759065,Patna,2016-05,"{""type"":""MultiPoint"",""coordinates"":[]}"
16_00000000000000000016,417.39626342617873,Shillong,2016-05,"{""type"":""MultiPoint"",""coordinates"":[]}"
16_00000000000000000017,713.6195939857306,Talcher,2016-05,"{""type"":""MultiPoint"",""coordinates"":[]}"
16_00000000000000000018,517.4515926480374,Thiruvananthapuram,2016-05,"{""type"":""MultiPoint"",""coordinates"":[]}"
16_00000000000000000019,574.0688413231662,Visakhapatnam,2016-05,"{""type"":""MultiPoint"",""coordinates"":[]}"
17_00000000000000000000,578.2842528666458,Ahmedabad,2016-06,"{""type"":""MultiPoint"",""coordinates"":[]}"
17_00000000000000000001,134.93211239432367,Aizawl,2016-06,"{""type"":""MultiPoint"",""coordinates"":[]}"
17_00000000000000000002,531.0708461436743,Amaravati,2016-06,"{""type"":""MultiPoint"",""coordinates"":[]}"
17_00000000000000000003,997.8731231626938,Amritsar,2016-06,"{""type"":""MultiPoint"",""coordinates"":[]}"
17_00000000000000000004,,Bengaluru,2016-06,"{""type"":""MultiPoint"",""coordinates"":[]}"
17_00000000000000000005,583.1986078886312,Bhopal,2016-06,"{""type"":""MultiPoint"",""coordinates"":[]}"
17_00000000000000000006,840.4952957478657,Brajrajnagar,2016-06,"{""type"":""MultiPoint"",""coordinates"":[]}"
17_00000000000000000007,824.9717155860804,Chandigarh,2016-06,"{""type"":""MultiPoint"",""coordinates"":[]}"
17_00000000000000000008,433.5686820107637,Chennai,2016-06,"{""type"":""MultiPoint"",""coordinates"":[]}"
17_00000000000000000009,338.32460561056126,Coimbatore,2016-06,"{""type"":""MultiPoint"",""coordinates"":[]}"
17_0000000000000000000a,746.1271478627281,Delhi,2016-06,"{""type"":""MultiPoint"",""coordinates"":[]}"
17_0000000000000000000b,,Ernakulam,2016-06,"{""type"":""MultiPoint"",""coordinates"":[]}"
17_0000000000000000000c,725.198817887445,Gurugram,2016-06,"{""type"":""MultiPoint"",""coordinates"":[]}"
17_0000000000000000000d,389.85967766504854,Guwahati,2016-06,"{""type"":""MultiPoint"",""coordinates"":[]}"
17_0000000000000000000e,728.7771535047116,Hyderabad,2016-06,"{""type"":""MultiPoint"",""coordinates"":[]}"
17_0000000000000000000f,812.0572531593918,Jaipur,2016-06,"{""type"":""MultiPoint"",""coordinates"":[]}"
17_00000000000000000010,684.923867378222,Jorapokhar,2016-06,"{""type"":""MultiPoint"",""coordinates"":[]}"
17_00000000000000000011,294.3333333333333,Kochi,2016-06,"{""type"":""MultiPoint"",""coordinates"":[]}"
17_00000000000000000012,322.5544558390968,Kolkata,2016-06,"{""type"":""MultiPoint"",""coordinates"":[]}"
17_00000000000000000013,1159.7900270777113,Lucknow,2016-06,"{""type"":""MultiPoint"",""coordinates"":[]}"
17_00000000000000000014,591.8255238679343,Mumbai,2016-06,"{""type"":""MultiPoint"",""coordinates"":[]}"
17_00000000000000000015,1047.0253720238095,Patna,2016-06,"{""type"":""MultiPoint"",""coordinates"":[]}"
17_00000000000000000016,360.5,Shillong,2016-06,"{""type"":""MultiPoint"",""coordinates"":[]}"
17_00000000000000000017,1102.5910830944078,Talcher,2016-06,"{""type"":""MultiPoint"",""coordinates"":[]}"
17_00000000000000000018,341.80242838171125,Thiruvananthapuram,2016-06,"{""type"":""MultiPoint"",""coordinates"":[]}"
17_00000000000000000019,655.067565880159,Visakhapatnam,2016-06,"{""type"":""MultiPoint"",""coordinates"":[]}"
18_00000000000000000000,,Ahmedabad,2016-07,"{""type"":""MultiPoint"",""coordinates"":[]}"
18_00000000000000000001,238.31463056597616,Aizawl,2016-07,"{""type"":""MultiPoint"",""coordinates"":[]}"
18_00000000000000000002,539.9597205901553,Amaravati,2016-07,"{""type"":""MultiPoint"",""coordinates"":[]}"
18_00000000000000000003,1452.3067127386237,Amritsar,2016-07,"{""type"":""MultiPoint"",""coordinates"":[]}"
18_00000000000000000004,444.0,Bengaluru,2016-07,"{""type"":""MultiPoint"",""coordinates"":[]}"
18_00000000000000000005,,Bhopal,2016-07,"{""type"":""MultiPoint"",""coordinates"":[]}"
18_00000000000000000006,,Brajrajnagar,2016-07,"{""type"":""MultiPoint"",""coordinates"":[]}"
18_00000000000000000007,895.6471014043975,Chandigarh,2016-07,"{""type"":""MultiPoint"",""coordinates"":[]}"
18_00000000000000000008,468.0500011122696,Chennai,2016-07,"{""type"":""MultiPoint"",""coordinates"":[]}"
18_00000000000000000009,863.9231082097899,Coimbatore,2016-07,"{""type"":""MultiPoint"",""coordinates"":[]}"
18_0000000000000000000a,499.9962802231867,Delhi,2016-07,"{""type"":""MultiPoint"",""coordinates"":[]}"
18_0000000000000000000b,388.02622950819676,Ernakulam,2016-07,"{""type"":""MultiPoint"",""coordinates"":[]}"
18_0000000000000000000c,645.9196937321935,Gurugram,2016-07,"{""type"":""MultiPoint"",""coordinates"":[]}"
18_0000000000000000000d,148.75737589019366,Guwahati,2016-07,"{""type"":""MultiPoint"",""coordinates"":[]}"
18_0000000000000000000e,846.7596982758622,Hyderabad,2016-07,"{""type"":""MultiPoint"",""coordinates"":[]}"
18_0000000000000000000f,713.2287758537758,Jaipur,2016-07,"{""type"":""MultiPoint"",""coordinates"":[]}"
18_00000000000000000010,,Jorapokhar,2016-07,"{""type"":""MultiPoint"",""coordinates"":[]}"
18_00000000000000000011,245.66380902136643,Kochi,2016-07,"{""type"":""MultiPoint"",""coordinates"":[]}"
18_00000000000000000012,392.84640805728236,Kolkata,2016-07,"{""type"":""MultiPoint"",""coordinates"":[]}"
18_00000000000000000013,396.0,Lucknow,2016-07,"{""type"":""MultiPoint"",""coordinates"":[]}"
18_00000000000000000014,,Mumbai,2016-07,"{""type"":""MultiPoint"",""coordinates"":[]}"
18_00000000000000000015,,Patna,2016-07,"{""type"":""MultiPoint"",""coordinates"":[]}"
18_00000000000000000016,248.56634267631105,Shillong,2016-07,"{""type"":""MultiPoint"",""coordinates"":[]}"
18_00000000000000000017,763.7040530206475,Talcher,2016-07,"{""type"":""MultiPoint"",""coordinates"":[]}"
18_00000000000000000018,376.050352812881,Thiruvananthapuram,2016-07,"{""type"":""MultiPoint"",""coordinates"":[]}"
18_00000000000000000019,528.5304583835947,Visakhapatnam,2016-07,"{""type"":""MultiPoint"",""coordinates"":[]}"
19_00000000000000000000,,Ahmedabad,2016-08,"{""type"":""MultiPoint"",""coordinates"":[]}"
19_00000000000000000001,67.41934075221862,Aizawl,2016-08,"{""type"":""MultiPoint"",""coordinates"":[]}"
19_00000000000000000002,486.52764904924777,Amaravati,2016-08,"{""type"":""MultiPoint"",""coordinates"":[]}"
19_00000000000000000003,585.1239480315973,Amritsar,2016-08,"{""type"":""MultiPoint"",""coordinates"":[]}"
19_00000000000000000004,,Bengaluru,2016-08,"{""type"":""MultiPoint"",""coordinates"":[]}"
19_00000000000000000005,,Bhopal,2016-08,"{""type"":""MultiPoint"",""coordinates"":[]}"
19_00000000000000000006,364.2423668783586,Brajrajnagar,2016-08,"{""type"":""MultiPoint"",""coordinates"":[]}"
19_00000000000000000007,473.5896239112975,Chandigarh,2016-08,"{""type"":""MultiPoint"",""coordinates"":[]}"
19_00000000000000000008,394.46174873999576,Chennai,2016-08,"{""type"":""MultiPoint"",""coordinates"":[]}"
19_00000000000000000009,381.93987205239574,Coimbatore,2016-08,"{""type"":""MultiPoint"",""coordinates"":[]}"
19_0000000000000000000a,455.11247580382667,Delhi,2016-08,"{""type"":""MultiPoint"",""coordinates"":[]}"
19_0000000000000000000b,368.36849444521266,Ernakulam,2016-08,"{""type"":""MultiPoint"",""coordinates"":[]}"
19_0000000000000000000c,578.2061661841537,Gurugram,2016-08,"{""type"":""MultiPoint"",""coordinates"":[]}"
19_0000000000000000000d,224.89316527857738,Guwahati,2016-08,"{""type"":""MultiPoint"",""coordinates"":[]}"
19_0000000000000000000e,435.0138578453286,Hyderabad,2016-08,"{""type"":""MultiPoint"",""coordinates"":[]}"
19_0000000000000000000f,,Jaipur,2016-08,"{""type"":""MultiPoint"",""coordinates"":[]}"
19_00000000000000000010,653.8668700699507,Jorapokhar,2016-08,"{""type"":""MultiPoint"",""coordinates"":[]}"
19_00000000000000000011,315.5079312942672,Kochi,2016-08,"{""type"":""MultiPoint"",""coordinates"":[]}"
19_00000000000000000012,378.76629361421976,Kolkata,2016-08,"{""type"":""MultiPoint"",""coordinates"":[]}"
19_00000000000000000013,274.84092465349113,Lucknow,2016-08,"{""type"":""MultiPoint"",""coordinates"":[]}"
19_00000000000000000014,,Mumbai,2016-08,"{""type"":""MultiPoint"",""coordinates"":[]}"
19_00000000000000000015,466.0475852013851,Patna,2016-08,"{""type"":""MultiPoint"",""coordinates"":[]}"
19_00000000000000000016,318.0083275503123,Shillong,2016-08,"{""type"":""MultiPoint"",""coordinates"":[]}"
19_00000000000000000017,545.4652519991873,Talcher,2016-08,"{""type"":""MultiPoint"",""coordinates"":[]}"
19_00000000000000000018,361.8876842449091,Thiruvananthapuram,2016-08,"{""type"":""MultiPoint"",""coordinates"":[]}"
19_00000000000000000019,613.9384267652837,Visakhapatnam,2016-08,"{""type"":""MultiPoint"",""coordinates"":[]}"
20_00000000000000000000,593.6721485818612,Ahmedabad,2016-09,"{""type"":""MultiPoint"",""coordinates"":[]}"
20_00000000000000000001,193.39363872403553,Aizawl,2016-09,"{""type"":""MultiPoint"",""coordinates"":[]}"
20_00000000000000000002,425.0865966895438,Amaravati,2016-09,"{""type"":""MultiPoint"",""coordinates"":[]}"
20_00000000000000000003,791.9331881023131,Amritsar,2016-09,"{""type"":""MultiPoint"",""coordinates"":[]}"
20_00000000000000000004,386.8309304541124,Bengaluru,2016-09,"{""type"":""MultiPoint"",""coordinates"":[]}"
20_00000000000000000005,417.84313725490193,Bhopal,2016-09,"{""type"":""MultiPoint"",""coordinates"":[]}"
20_00000000000000000006,454.60834670947037,Brajrajnagar,2016-09,"{""type"":""MultiPoint"",""coordinates"":[]}"
20_00000000000000000007,732.9446847969823,Chandigarh,2016-09,"{""type"":""MultiPoint"",""coordinates"":[]}"
20_00000000000000000008,383.9036399733382,Chennai,2016-09,"{""type"":""MultiPoint"",""coordinates"":[]}"
20_00000000000000000009,434.19133864765394,Coimbatore,2016-09,"{""type"":""MultiPoint"",""coordinates"":[]}"
20_0000000000000000000a,656.5316193814822,Delhi,2016-09,"{""type"":""MultiPoint"",""coordinates"":[]}"
20_0000000000000000000b,362.85654362736676,Ernakulam,2016-09,"{""type"":""MultiPoint"",""coordinates"":[]}"
20_0000000000000000000c,598.1413258162648,Gurugram,2016-09,"{""type"":""MultiPoint"",""coordinates"":[]}"
20_0000000000000000000d,281.0087997928395,Guwahati,2016-09,"{""type"":""MultiPoint"",""coordinates"":[]}"
20_0000000000000000000e,1023.2078651685393,Hyderabad,2016-09,"{""type"":""MultiPoint"",""coordinates"":[]}"
20_0000000000000000000f,517.0245883040427,Jaipur,2016-09,"{""type"":""MultiPoint"",""coordinates"":[]}"
20_00000000000000000010,434.20279901821954,Jorapokhar,2016-09,"{""type"":""MultiPoint"",""coordinates"":[]}"
20_00000000000000000011,357.6757303155729,Kochi,2016-09,"{""type"":""MultiPoint"",""coordinates"":[]}"
20_00000000000000000012,400.24173870091363,Kolkata,2016-09,"{""type"":""MultiPoint"",""coordinates"":[]}"
20_00000000000000000013,366.7612170410923,Lucknow,2016-09,"{""type"":""MultiPoint"",""coordinates"":[]}"
20_00000000000000000014,679.0817491532831,Mumbai,2016-09,"{""type"":""MultiPoint"",""coordinates"":[]}"
20_00000000000000000015,449.0,Patna,2016-09,"{""type"":""MultiPoint"",""coordinates"":[]}"
20_00000000000000000016,340.6805402425578,Shillong,2016-09,"{""type"":""MultiPoint"",""coordinates"":[]}"
20_00000000000000000017,957.4686488631263,Talcher,2016-09,"{""type"":""MultiPoint"",""coordinates"":[]}"
20_00000000000000000018,422.85776289934023,Thiruvananthapuram,2016-09,"{""type"":""MultiPoint"",""coordinates"":[]}"
20_00000000000000000019,671.0419035244438,Visakhapatnam,2016-09,"{""type"":""MultiPoint"",""coordinates"":[]}"
21_00000000000000000000,614.3011774407256,Ahmedabad,2016-10,"{""type"":""MultiPoint"",""coordinates"":[]}"
21_00000000000000000001,50.52623034554221,Aizawl,2016-10,"{""type"":""MultiPoint"",""coordinates"":[]}"
21_00000000000000000002,494.13382020569986,Amaravati,2016-10,"{""type"":""MultiPoint"",""coordinates"":[]}"
21_00000000000000000003,775.7605268654719,Amritsar,2016-10,"{""type"":""MultiPoint"",""coordinates"":[]}"
21_00000000000000000004,601.0025851370283,Bengaluru,2016-10,"{""type"":""MultiPoint"",""coordinates"":[]}"
21_00000000000000000005,485.9358877541873,Bhopal,2016-10,"{""type"":""MultiPoint"",""coordinates"":[]}"
21_00000000000000000006,472.7852120905379,Brajrajnagar,2016-10,"{""type"":""MultiPoint"",""coordinates"":[]}"
21_00000000000000000007,583.7624806642233,Chandigarh,2016-10,"{""type"":""MultiPoint"",""coordinates"":[]}"
21_00000000000000000008,747.4257563312296,Chennai,2016-10,"{""type"":""MultiPoint"",""coordinates"":[]}"
21_00000000000000000009,594.9142567020441,Coimbatore,2016-10,"{""type"":""MultiPoint"",""coordinates"":[]}"
21_0000000000000000000a,660.2985235599654,Delhi,2016-10,"{""type"":""MultiPoint"",""coordinates"":[]}"
21_0000000000000000000b,469.1226117301727,Ernakulam,2016-10,"{""type"":""MultiPoint"",""coordinates"":[]}"
21_0000000000000000000c,609.4005834208668,Gurugram,2016-10,"{""type"":""MultiPoint"",""coordinates"":[]}"
21_0000000000000000000d,233.86613719611296,Guwahati,2016-10,"{""type"":""MultiPoint"",""coordinates"":[]}"
21_0000000000000000000e,513.5138679158048,Hyderabad,2016-10,"{""type"":""MultiPoint"",""coordinates"":[]}"
21_0000000000000000000f,433.12686063126006,Jaipur,2016-10,"{""type"":""MultiPoint"",""coordinates"":[]}"
21_00000000000000000010,608.2748187268816,Jorapokhar,2016-10,"{""type"":""MultiPoint"",""coordinates"":[]}"
21_00000000000000000011,420.0871583325588,Kochi,2016-10,"{""type"":""MultiPoint"",""coordinates"":[]}"
21_00000000000000000012,483.91669864398955,Kolkata,2016-10,"{""type"":""MultiPoint"",""coordinates"":[]}"
21_00000000000000000013,840.6108225565191,Lucknow,2016-10,"{""type"":""MultiPoint"",""coordinates"":[]}"
21_00000000000000000014,626.0280794538726,Mumbai,2016-10,"{""type"":""MultiPoint"",""coordinates"":[]}"
21_00000000000000000015,752.7691520506634,Patna,2016-10,"{""type"":""MultiPoint"",""coordinates"":[]}"
21_00000000000000000016,66.85936499239072,Shillong,2016-10,"{""type"":""MultiPoint"",""coordinates"":[]}"
21_00000000000000000017,573.8294443542195,Talcher,2016-10,"{""type"":""MultiPoint"",""coordinates"":[]}"
21_00000000000000000018,428.12852236613287,Thiruvananthapuram,2016-10,"{""type"":""MultiPoint"",""coordinates"":[]}"
21_00000000000000000019,504.580379549741,Visakhapatnam,2016-10,"{""type"":""MultiPoint"",""coordinates"":[]}"
22_00000000000000000000,489.8768873312445,Ahmedabad,2016-11,"{""type"":""MultiPoint"",""coordinates"":[]}"
22_00000000000000000001,47.08571964544194,Aizawl,2016-11,"{""type"":""MultiPoint"",""coordinates"":[]}"
22_00000000000000000002,585.1285359413607,Amaravati,2016-11,"{""type"":""MultiPoint"",""coordinates"":[]}"
22_00000000000000000003,858.0839809900853,Amritsar,2016-11,"{""type"":""MultiPoint"",""coordinates"":[]}"
22_00000000000000000004,529.7474269031037,Bengaluru,2016-11,"{""type"":""MultiPoint"",""coordinates"":[]}"
22_00000000000000000005,385.0854221963309,Bhopal,2016-11,"{""type"":""MultiPoint"",""coordinates"":[]}"
22_00000000000000000006,565.7005014909373,Brajrajnagar,2016-11,"{""type"":""MultiPoint"",""coordinates"":[]}"
22_00000000000000000007,439.44578250390657,Chandigarh,2016-11,"{""type"":""MultiPoint"",""coordinates"":[]}"
22_00000000000000000008,545.9131633736203,Chennai,2016-11,"{""type"":""MultiPoint"",""coordinates"":[]}"
22_00000000000000000009,733.0524700746174,Coimbatore,2016-11,"{""type"":""MultiPoint"",""coordinates"":[]}"
22_0000000000000000000a,799.7030135038451,Delhi,2016-11,"{""type"":""MultiPoint"",""coordinates"":[]}"
22_0000000000000000000b,864.6586313725643,Ernakulam,2016-11,"{""type"":""MultiPoint"",""coordinates"":[]}"
22_0000000000000000000c,756.8413463945275,Gurugram,2016-11,"{""type"":""MultiPoint"",""coordinates"":[]}"
22_0000000000000000000d,227.60534974668386,Guwahati,2016-11,"{""type"":""MultiPoint"",""coordinates"":[]}"
22_0000000000000000000e,523.2738394121664,Hyderabad,2016-11,"{""type"":""MultiPoint"",""coordinates"":[]}"
22_0000000000000000000f,531.2276600448931,Jaipur,2016-11,"{""type"":""MultiPoint"",""coordinates"":[]}"
22_00000000000000000010,693.0420891612907,Jorapokhar,2016-11,"{""type"":""MultiPoint"",""coordinates"":[]}"
22_00000000000000000011,866.9532560206236,Kochi,2016-11,"{""type"":""MultiPoint"",""coordinates"":[]}"
22_00000000000000000012,834.3960290403875,Kolkata,2016-11,"{""type"":""MultiPoint"",""coordinates"":[]}"
22_00000000000000000013,892.0024056075878,Lucknow,2016-11,"{""type"":""MultiPoint"",""coordinates"":[]}"
22_00000000000000000014,494.9597409160741,Mumbai,2016-11,"{""type"":""MultiPoint"",""coordinates"":[]}"
22_00000000000000000015,942.0014353453224,Patna,2016-11,"{""type"":""MultiPoint"",""coordinates"":[]}"
22_00000000000000000016,58.70103411529759,Shillong,2016-11,"{""type"":""MultiPoint"",""coordinates"":[]}"
22_00000000000000000017,686.0241341545997,Talcher,2016-11,"{""type"":""MultiPoint"",""coordinates"":[]}"
22_00000000000000000018,807.4746442924057,Thiruvananthapuram,2016-11,"{""type"":""MultiPoint"",""coordinates"":[]}"
22_00000000000000000019,560.9768319416756,Visakhapatnam,2016-11,"{""type"":""MultiPoint"",""coordinates"":[]}"
23_00000000000000000000,352.48515396125345,Ahmedabad,2016-12,"{""type"":""MultiPoint"",""coordinates"":[]}"
23_00000000000000000001,69.56305157634448,Aizawl,2016-12,"{""type"":""MultiPoint"",""coordinates"":[]}"
23_00000000000000000002,473.63157767353016,Amaravati,2016-12,"{""type"":""MultiPoint"",""coordinates"":[]}"
23_00000000000000000003,669.7412988219614,Amritsar,2016-12,"{""type"":""MultiPoint"",""coordinates"":[]}"
23_00000000000000000004,350.49515633144375,Bengaluru,2016-12,"{""type"":""MultiPoint"",""coordinates"":[]}"
23_00000000000000000005,281.8239089012113,Bhopal,2016-12,"{""type"":""MultiPoint"",""coordinates"":[]}"
23_00000000000000000006,490.75757744109103,Brajrajnagar,2016-12,"{""type"":""MultiPoint"",""coordinates"":[]}"
23_00000000000000000007,552.4903473310115,Chandigarh,2016-12,"{""type"":""MultiPoint"",""coordinates"":[]}"
23_00000000000000000008,534.6907180222188,Chennai,2016-12,"{""type"":""MultiPoint"",""coordinates"":[]}"
23_00000000000000000009,534.9175389035469,Coimbatore,2016-12,"{""type"":""MultiPoint"",""coordinates"":[]}"
23_0000000000000000000a,688.3193278909497,Delhi,2016-12,"{""type"":""MultiPoint"",""coordinates"":[]}"
23_0000000000000000000b,601.2750475261626,Ernakulam,2016-12,"{""type"":""MultiPoint"",""coordinates"":[]}"
23_0000000000000000000c,535.708249731211,Gurugram,2016-12,"{""type"":""MultiPoint"",""coordinates"":[]}"
23_0000000000000000000d,332.97401188656573,Guwahati,2016-12,"{""type"":""MultiPoint"",""coordinates"":[]}"
23_0000000000000000000e,463.97297637031267,Hyderabad,2016-12,"{""type"":""MultiPoint"",""coordinates"":[]}"
23_0000000000000000000f,358.6982026162053,Jaipur,2016-12,"{""type"":""MultiPoint"",""coordinates"":[]}"
23_00000000000000000010,636.7575233043738,Jorapokhar,2016-12,"{""type"":""MultiPoint"",""coordinates"":[]}"
23_00000000000000000011,600.5206073757898,Kochi,2016-12,"{""type"":""MultiPoint"",""coordinates"":[]}"
23_00000000000000000012,830.622697656095,Kolkata,2016-12,"{""type"":""MultiPoint"",""coordinates"":[]}"
23_00000000000000000013,1055.5551827371546,Lucknow,2016-12,"{""type"":""MultiPoint"",""coordinates"":[]}"
23_00000000000000000014,380.92623924093016,Mumbai,2016-12,"{""type"":""MultiPoint"",""coordinates"":[]}"
23_00000000000000000015,1104.6310683558695,Patna,2016-12,"{""type"":""MultiPoint"",""coordinates"":[]}"
23_00000000000000000016,82.52660809223542,Shillong,2016-12,"{""type"":""MultiPoint"",""coordinates"":[]}"
23_00000000000000000017,562.4331375545532,Talcher,2016-12,"{""type"":""MultiPoint"",""coordinates"":[]}"
23_00000000000000000018,455.4715836134661,Thiruvananthapuram,2016-12,"{""type"":""MultiPoint"",""coordinates"":[]}"
23_00000000000000000019,533.5050963668248,Visakhapatnam,2016-12,"{""type"":""MultiPoint"",""coordinates"":[]}"
24_00000000000000000000,533.7705128789677,Ahmedabad,2017-01,"{""type"":""MultiPoint"",""coordinates"":[]}"
24_00000000000000000001,110.50217029312887,Aizawl,2017-01,"{""type"":""MultiPoint"",""coordinates"":[]}"
24_00000000000000000002,592.3390275035474,Amaravati,2017-01,"{""type"":""MultiPoint"",""coordinates"":[]}"
24_00000000000000000003,533.7997158573189,Amritsar,2017-01,"{""type"":""MultiPoint"",""coordinates"":[]}"
24_00000000000000000004,452.2112106127682,Bengaluru,2017-01,"{""type"":""MultiPoint"",""coordinates"":[]}"
24_00000000000000000005,484.6638362581185,Bhopal,2017-01,"{""type"":""MultiPoint"",""coordinates"":[]}"
24_00000000000000000006,524.4430087076466,Brajrajnagar,2017-01,"{""type"":""MultiPoint"",""coordinates"":[]}"
24_00000000000000000007,349.1272321030237,Chandigarh,2017-01,"{""type"":""MultiPoint"",""coordinates"":[]}"
24_00000000000000000008,509.08508223080094,Chennai,2017-01,"{""type"":""MultiPoint"",""coordinates"":[]}"
24_00000000000000000009,576.0744214617246,Coimbatore,2017-01,"{""type"":""MultiPoint"",""coordinates"":[]}"
24_0000000000000000000a,668.9770257497306,Delhi,2017-01,"{""type"":""MultiPoint"",""coordinates"":[]}"
24_0000000000000000000b,536.6425826292617,Ernakulam,2017-01,"{""type"":""MultiPoint"",""coordinates"":[]}"
24_0000000000000000000c,715.5818784852065,Gurugram,2017-01,"{""type"":""MultiPoint"",""coordinates"":[]}"
24_0000000000000000000d,480.4737757204934,Guwahati,2017-01,"{""type"":""MultiPoint"",""coordinates"":[]}"
24_0000000000000000000e,579.2087386104665,Hyderabad,2017-01,"{""type"":""MultiPoint"",""coordinates"":[]}"
24_0000000000000000000f,512.4440248391279,Jaipur,2017-01,"{""type"":""MultiPoint"",""coordinates"":[]}"
24_00000000000000000010,601.634424598346,Jorapokhar,2017-01,"{""type"":""MultiPoint"",""coordinates"":[]}"
24_00000000000000000011,505.062128294265,Kochi,2017-01,"{""type"":""MultiPoint"",""coordinates"":[]}"
24_00000000000000000012,730.6967109982432,Kolkata,2017-01,"{""type"":""MultiPoint"",""coordinates"":[]}"
24_00000000000000000013,710.9921423504084,Lucknow,2017-01,"{""type"":""MultiPoint"",""coordinates"":[]}"
24_00000000000000000014,475.3531928589602,Mumbai,2017-01,"{""type"":""MultiPoint"",""coordinates"":[]}"
24_00000000000000000015,733.9434822851241,Patna,2017-01,"{""type"":""MultiPoint"",""coordinates"":[]}"
24_00000000000000000016,118.50326290632785,Shillong,2017-01,"{""type"":""MultiPoint"",""coordinates"":[]}"
24_00000000000000000017,683.5752846578648,Talcher,2017-01,"{""type"":""MultiPoint"",""coordinates"":[]}"
24_00000000000000000018,478.0049682836585,Thiruvananthapuram,2017-01,"{""type"":""MultiPoint"",""coordinates"":[]}"
24_00000000000000000019,565.4958063846988,Visakhapatnam,2017-01,"{""type"":""MultiPoint"",""coordinates"":[]}"
25_00000000000000000000,399.1094829467772,Ahmedabad,2017-02,"{""type"":""MultiPoint"",""coordinates"":[]}"
25_00000000000000000001,217.73750948994663,Aizawl,2017-02,"{""type"":""MultiPoint"",""coordinates"":[]}"
25_00000000000000000002,547.8715741671543,Amaravati,2017-02,"{""type"":""MultiPoint"",""coordinates"":[]}"
25_00000000000000000003,386.0703022164996,Amritsar,2017-02,"{""type"":""MultiPoint"",""coordinates"":[]}"
25_00000000000000000004,419.96728187158897,Bengaluru,2017-02,"{""type"":""MultiPoint"",""coordinates"":[]}"
25_00000000000000000005,385.8283764937148,Bhopal,2017-02,"{""type"":""MultiPoint"",""coordinates"":[]}"
25_00000000000000000006,448.1478496564046,Brajrajnagar,2017-02,"{""type"":""MultiPoint"",""coordinates"":[]}"
25_00000000000000000007,305.03892484718705,Chandigarh,2017-02,"{""type"":""MultiPoint"",""coordinates"":[]}"
25_00000000000000000008,493.5287733687933,Chennai,2017-02,"{""type"":""MultiPoint"",""coordinates"":[]}"
25_00000000000000000009,524.1548119664384,Coimbatore,2017-02,"{""type"":""MultiPoint"",""coordinates"":[]}"
25_0000000000000000000a,358.96957710269766,Delhi,2017-02,"{""type"":""MultiPoint"",""coordinates"":[]}"
25_0000000000000000000b,531.9857107409592,Ernakulam,2017-02,"{""type"":""MultiPoint"",""coordinates"":[]}"
25_0000000000000000000c,331.0875857432723,Gurugram,2017-02,"{""type"":""MultiPoint"",""coordinates"":[]}"
25_0000000000000000000d,691.7609592983143,Guwahati,2017-02,"{""type"":""MultiPoint"",""coordinates"":[]}"
25_0000000000000000000e,489.71320602163223,Hyderabad,2017-02,"{""type"":""MultiPoint"",""coordinates"":[]}"
25_0000000000000000000f,367.8168810981222,Jaipur,2017-02,"{""type"":""MultiPoint"",""coordinates"":[]}"
25_00000000000000000010,614.2339862781319,Jorapokhar,2017-02,"{""type"":""MultiPoint"",""coordinates"":[]}"
25_00000000000000000011,524.319612756997,Kochi,2017-02,"{""type"":""MultiPoint"",""coordinates"":[]}"
25_00000000000000000012,811.419529552575,Kolkata,2017-02,"{""type"":""MultiPoint"",""coordinates"":[]}"
25_00000000000000000013,635.6876904403117,Lucknow,2017-02,"{""type"":""MultiPoint"",""coordinates"":[]}"
25_00000000000000000014,405.7083290247312,Mumbai,2017-02,"{""type"":""MultiPoint"",""coordinates"":[]}"
25_00000000000000000015,580.8574122968308,Patna,2017-02,"{""type"":""MultiPoint"",""coordinates"":[]}"
25_00000000000000000016,196.54325967730855,Shillong,2017-02,"{""type"":""MultiPoint"",""coordinates"":[]}"
25_00000000000000000017,584.8486398208612,Talcher,2017-02,"{""type"":""MultiPoint"",""coordinates"":[]}"
25_00000000000000000018,491.88908306434257,Thiruvananthapuram,2017-02,"{""type"":""MultiPoint"",""coordinates"":[]}"
25_00000000000000000019,648.20670867678,Visakhapatnam,2017-02,"{""type"":""MultiPoint"",""coordinates"":[]}"
26_00000000000000000000,468.24132815661693,Ahmedabad,2017-03,"{""type"":""MultiPoint"",""coordinates"":[]}"
26_00000000000000000001,313.6055491061904,Aizawl,2017-03,"{""type"":""MultiPoint"",""coordinates"":[]}"
26_00000000000000000002,564.3657367003852,Amaravati,2017-03,"{""type"":""MultiPoint"",""coordinates"":[]}"
26_00000000000000000003,419.665655257602,Amritsar,2017-03,"{""type"":""MultiPoint"",""coordinates"":[]}"
26_00000000000000000004,592.6775205373823,Bengaluru,2017-03,"{""type"":""MultiPoint"",""coordinates"":[]}"
26_00000000000000000005,441.34619152834404,Bhopal,2017-03,"{""type"":""MultiPoint"",""coordinates"":[]}"
26_00000000000000000006,656.3055263672027,Brajrajnagar,2017-03,"{""type"":""MultiPoint"",""coordinates"":[]}"
26_00000000000000000007,316.0702067925478,Chandigarh,2017-03,"{""type"":""MultiPoint"",""coordinates"":[]}"
26_00000000000000000008,582.5523721097707,Chennai,2017-03,"{""type"":""MultiPoint"",""coordinates"":[]}"
26_00000000000000000009,578.6946224879359,Coimbatore,2017-03,"{""type"":""MultiPoint"",""coordinates"":[]}"
26_0000000000000000000a,298.0405961112329,Delhi,2017-03,"{""type"":""MultiPoint"",""coordinates"":[]}"
26_0000000000000000000b,648.8447246187695,Ernakulam,2017-03,"{""type"":""MultiPoint"",""coordinates"":[]}"
26_0000000000000000000c,330.7263911588575,Gurugram,2017-03,"{""type"":""MultiPoint"",""coordinates"":[]}"
26_0000000000000000000d,686.4319763637108,Guwahati,2017-03,"{""type"":""MultiPoint"",""coordinates"":[]}"
26_0000000000000000000e,536.183293471134,Hyderabad,2017-03,"{""type"":""MultiPoint"",""coordinates"":[]}"
26_0000000000000000000f,440.07957014344737,Jaipur,2017-03,"{""type"":""MultiPoint"",""coordinates"":[]}"
26_00000000000000000010,595.9014895682878,Jorapokhar,2017-03,"{""type"":""MultiPoint"",""coordinates"":[]}"
26_00000000000000000011,624.1996142057817,Kochi,2017-03,"{""type"":""MultiPoint"",""coordinates"":[]}"
26_00000000000000000012,680.2105746356336,Kolkata,2017-03,"{""type"":""MultiPoint"",""coordinates"":[]}"
26_00000000000000000013,481.9222513865083,Lucknow,2017-03,"{""type"":""MultiPoint"",""coordinates"":[]}"
26_00000000000000000014,450.4739601165851,Mumbai,2017-03,"{""type"":""MultiPoint"",""coordinates"":[]}"
26_00000000000000000015,562.8662630906351,Patna,2017-03,"{""type"":""MultiPoint"",""coordinates"":[]}"
26_00000000000000000016,217.04822434160383,Shillong,2017-03,"{""type"":""MultiPoint"",""coordinates"":[]}"
26_00000000000000000017,682.9178780095933,Talcher,2017-03,"{""type"":""MultiPoint"",""coordinates"":[]}"
26_00000000000000000018,578.1198811388808,Thiruvananthapuram,2017-03,"{""type"":""MultiPoint"",""coordinates"":[]}"
26_00000000000000000019,606.2214105757806,Visakhapatnam,2017-03,"{""type"":""MultiPoint"",""coordinates"":[]}"
27_00000000000000000000,559.061986378303,Ahmedabad,2017-04,"{""type"":""MultiPoint"",""coordinates"":[]}"
27_00000000000000000001,358.02226279705485,Aizawl,2017-04,"{""type"":""MultiPoint"",""coordinates"":[]}"
27_00000000000000000002,912.5213034335271,Amaravati,2017-04,"{""type"":""MultiPoint"",""coordinates"":[]}"
27_00000000000000000003,453.5087899368143,Amritsar,2017-04,"{""type"":""MultiPoint"",""coordinates"":[]}"
27_00000000000000000004,751.7842120470427,Bengaluru,2017-04,"{""type"":""MultiPoint"",""coordinates"":[]}"
27_00000000000000000005,512.9317048671627,Bhopal,2017-04,"{""type"":""MultiPoint"",""coordinates"":[]}"
27_00000000000000000006,658.0567956639643,Brajrajnagar,2017-04,"{""type"":""MultiPoint"",""coordinates"":[]}"
27_00000000000000000007,401.2850226404505,Chandigarh,2017-04,"{""type"":""MultiPoint"",""coordinates"":[]}"
27_00000000000000000008,718.9266897245426,Chennai,2017-04,"{""type"":""MultiPoint"",""coordinates"":[]}"
27_00000000000000000009,830.1563898171102,Coimbatore,2017-04,"{""type"":""MultiPoint"",""coordinates"":[]}"
27_0000000000000000000a,433.5118328094719,Delhi,2017-04,"{""type"":""MultiPoint"",""coordinates"":[]}"
27_0000000000000000000b,844.418534827225,Ernakulam,2017-04,"{""type"":""MultiPoint"",""coordinates"":[]}"
27_0000000000000000000c,441.3002840971764,Gurugram,2017-04,"{""type"":""MultiPoint"",""coordinates"":[]}"
27_0000000000000000000d,649.5863108165003,Guwahati,2017-04,"{""type"":""MultiPoint"",""coordinates"":[]}"
27_0000000000000000000e,611.8243235631306,Hyderabad,2017-04,"{""type"":""MultiPoint"",""coordinates"":[]}"
27_0000000000000000000f,556.9077334444715,Jaipur,2017-04,"{""type"":""MultiPoint"",""coordinates"":[]}"
27_00000000000000000010,619.0516608946489,Jorapokhar,2017-04,"{""type"":""MultiPoint"",""coordinates"":[]}"
27_00000000000000000011,872.0321961313766,Kochi,2017-04,"{""type"":""MultiPoint"",""coordinates"":[]}"
27_00000000000000000012,750.4773241089517,Kolkata,2017-04,"{""type"":""MultiPoint"",""coordinates"":[]}"
27_00000000000000000013,607.4074299408378,Lucknow,2017-04,"{""type"":""MultiPoint"",""coordinates"":[]}"
27_00000000000000000014,509.91786310252957,Mumbai,2017-04,"{""type"":""MultiPoint"",""coordinates"":[]}"
27_00000000000000000015,608.2565131301707,Patna,2017-04,"{""type"":""MultiPoint"",""coordinates"":[]}"
27_00000000000000000016,288.22635407950344,Shillong,2017-04,"{""type"":""MultiPoint"",""coordinates"":[]}"
27_00000000000000000017,790.7997856187892,Talcher,2017-04,"{""type"":""MultiPoint"",""coordinates"":[]}"
27_00000000000000000018,762.2259906303162,Thiruvananthapuram,2017-04,"{""type"":""MultiPoint"",""coordinates"":[]}"
27_00000000000000000019,915.3087089684494,Visakhapatnam,2017-04,"{""type"":""MultiPoint"",""coordinates"":[]}"
28_00000000000000000000,601.6673638731593,Ahmedabad,2017-05,"{""type"":""MultiPoint"",""coordinates"":[]}"
28_00000000000000000001,375.3875287002414,Aizawl,2017-05,"{""type"":""MultiPoint"",""coordinates"":[]}"
28_00000000000000000002,791.3148868578362,Amaravati,2017-05,"{""type"":""MultiPoint"",""coordinates"":[]}"
28_00000000000000000003,708.3140848765302,Amritsar,2017-05,"{""type"":""MultiPoint"",""coordinates"":[]}"
28_00000000000000000004,690.178147004382,Bengaluru,2017-05,"{""type"":""MultiPoint"",""coordinates"":[]}"
28_00000000000000000005,553.894396571742,Bhopal,2017-05,"{""type"":""MultiPoint"",""coordinates"":[]}"
28_00000000000000000006,721.0804365042021,Brajrajnagar,2017-05,"{""type"":""MultiPoint"",""coordinates"":[]}"
28_00000000000000000007,576.9628084483066,Chandigarh,2017-05,"{""type"":""MultiPoint"",""coordinates"":[]}"
28_00000000000000000008,523.5357501564621,Chennai,2017-05,"{""type"":""MultiPoint"",""coordinates"":[]}"
28_00000000000000000009,769.1218822292944,Coimbatore,2017-05,"{""type"":""MultiPoint"",""coordinates"":[]}"
28_0000000000000000000a,515.6178187264368,Delhi,2017-05,"{""type"":""MultiPoint"",""coordinates"":[]}"
28_0000000000000000000b,622.3559748233546,Ernakulam,2017-05,"{""type"":""MultiPoint"",""coordinates"":[]}"
28_0000000000000000000c,468.3375927935472,Gurugram,2017-05,"{""type"":""MultiPoint"",""coordinates"":[]}"
28_0000000000000000000d,501.59134077511914,Guwahati,2017-05,"{""type"":""MultiPoint"",""coordinates"":[]}"
28_0000000000000000000e,703.7233610516619,Hyderabad,2017-05,"{""type"":""MultiPoint"",""coordinates"":[]}"
28_0000000000000000000f,589.5407566807667,Jaipur,2017-05,"{""type"":""MultiPoint"",""coordinates"":[]}"
28_00000000000000000010,778.3578681688139,Jorapokhar,2017-05,"{""type"":""MultiPoint"",""coordinates"":[]}"
28_00000000000000000011,589.2874084300685,Kochi,2017-05,"{""type"":""MultiPoint"",""coordinates"":[]}"
28_00000000000000000012,767.2572598405359,Kolkata,2017-05,"{""type"":""MultiPoint"",""coordinates"":[]}"
28_00000000000000000013,740.0845656155233,Lucknow,2017-05,"{""type"":""MultiPoint"",""coordinates"":[]}"
28_00000000000000000014,583.2569456690275,Mumbai,2017-05,"{""type"":""MultiPoint"",""coordinates"":[]}"
28_00000000000000000015,718.6008174559838,Patna,2017-05,"{""type"":""MultiPoint"",""coordinates"":[]}"
28_00000000000000000016,379.6703459880277,Shillong,2017-05,"{""type"":""MultiPoint"",""coordinates"":[]}"
28_00000000000000000017,811.2768756098656,Talcher,2017-05,"{""type"":""MultiPoint"",""coordinates"":[]}"
28_00000000000000000018,671.4110934590618,Thiruvananthapuram,2017-05,"{""type"":""MultiPoint"",""coordinates"":[]}"
28_00000000000000000019,796.2351526649488,Visakhapatnam,2017-05,"{""type"":""MultiPoint"",""coordinates"":[]}"
29_00000000000000000000,865.8408553316301,Ahmedabad,2017-06,"{""type"":""MultiPoint"",""coordinates"":[]}"
29_00000000000000000001,316.5832789115646,Aizawl,2017-06,"{""type"":""MultiPoint"",""coordinates"":[]}"
29_00000000000000000002,496.4539477813342,Amaravati,2017-06,"{""type"":""MultiPoint"",""coordinates"":[]}"
29_00000000000000000003,802.5677929401139,Amritsar,2017-06,"{""type"":""MultiPoint"",""coordinates"":[]}"
29_00000000000000000004,319.13509447586966,Bengaluru,2017-06,"{""type"":""MultiPoint"",""coordinates"":[]}"
29_00000000000000000005,617.8677955063498,Bhopal,2017-06,"{""type"":""MultiPoint"",""coordinates"":[]}"
29_00000000000000000006,913.59365913594,Brajrajnagar,2017-06,"{""type"":""MultiPoint"",""coordinates"":[]}"
29_00000000000000000007,635.2395367589536,Chandigarh,2017-06,"{""type"":""MultiPoint"",""coordinates"":[]}"
29_00000000000000000008,518.2325498257031,Chennai,2017-06,"{""type"":""MultiPoint"",""coordinates"":[]}"
29_00000000000000000009,415.0931827259112,Coimbatore,2017-06,"{""type"":""MultiPoint"",""coordinates"":[]}"
29_0000000000000000000a,612.8064992452959,Delhi,2017-06,"{""type"":""MultiPoint"",""coordinates"":[]}"
29_0000000000000000000b,367.8646710022954,Ernakulam,2017-06,"{""type"":""MultiPoint"",""coordinates"":[]}"
29_0000000000000000000c,575.6296293913457,Gurugram,2017-06,"{""type"":""MultiPoint"",""coordinates"":[]}"
29_0000000000000000000d,662.2045569080838,Guwahati,2017-06,"{""type"":""MultiPoint"",""coordinates"":[]}"
29_0000000000000000000e,469.37150613786577,Hyderabad,2017-06,"{""type"":""MultiPoint"",""coordinates"":[]}"
29_0000000000000000000f,696.105866237569,Jaipur,2017-06,"{""type"":""MultiPoint"",""coordinates"":[]}"
29_00000000000000000010,636.3556145188423,Jorapokhar,2017-06,"{""type"":""MultiPoint"",""coordinates"":[]}"
29_00000000000000000011,317.49938750913793,Kochi,2017-06,"{""type"":""MultiPoint"",""coordinates"":[]}"
29_00000000000000000012,841.3827518477113,Kolkata,2017-06,"{""type"":""MultiPoint"",""coordinates"":[]}"
29_00000000000000000013,803.9385956350741,Lucknow,2017-06,"{""type"":""MultiPoint"",""coordinates"":[]}"
29_00000000000000000014,928.4076174666849,Mumbai,2017-06,"{""type"":""MultiPoint"",""coordinates"":[]}"
29_00000000000000000015,1084.427774403959,Patna,2017-06,"{""type"":""MultiPoint"",""coordinates"":[]}"
29_00000000000000000016,285.95283860890623,Shillong,2017-06,"{""type"":""MultiPoint"",""coordinates"":[]}"
29_00000000000000000017,850.360619837306,Talcher,2017-06,"{""type"":""MultiPoint"",""coordinates"":[]}"
29_00000000000000000018,327.4382450350795,Thiruvananthapuram,2017-06,"{""type"":""MultiPoint"",""coordinates"":[]}"
29_00000000000000000019,644.6161955807659,Visakhapatnam,2017-06,"{""type"":""MultiPoint"",""coordinates"":[]}"
30_00000000000000000000,,Ahmedabad,2017-07,"{""type"":""MultiPoint"",""coordinates"":[]}"
30_00000000000000000001,111.68062631105781,Aizawl,2017-07,"{""type"":""MultiPoint"",""coordinates"":[]}"
30_00000000000000000002,630.8970164708928,Amaravati,2017-07,"{""type"":""MultiPoint"",""coordinates"":[]}"
30_00000000000000000003,1194.2868114376913,Amritsar,2017-07,"{""type"":""MultiPoint"",""coordinates"":[]}"
30_00000000000000000004,489.43000345661954,Bengaluru,2017-07,"{""type"":""MultiPoint"",""coordinates"":[]}"
30_00000000000000000005,,Bhopal,2017-07,"{""type"":""MultiPoint"",""coordinates"":[]}"
30_00000000000000000006,,Brajrajnagar,2017-07,"{""type"":""MultiPoint"",""coordinates"":[]}"
30_00000000000000000007,867.2273413678992,Chandigarh,2017-07,"{""type"":""MultiPoint"",""coordinates"":[]}"
30_00000000000000000008,458.1355301103359,Chennai,2017-07,"{""type"":""MultiPoint"",""coordinates"":[]}"
30_00000000000000000009,510.52816697796163,Coimbatore,2017-07,"{""type"":""MultiPoint"",""coordinates"":[]}"
30_0000000000000000000a,296.422708618331,Delhi,2017-07,"{""type"":""MultiPoint"",""coordinates"":[]}"
30_0000000000000000000b,365.3638157131252,Ernakulam,2017-07,"{""type"":""MultiPoint"",""coordinates"":[]}"
30_0000000000000000000c,808.9330705865644,Gurugram,2017-07,"{""type"":""MultiPoint"",""coordinates"":[]}"
30_0000000000000000000d,202.99709378902762,Guwahati,2017-07,"{""type"":""MultiPoint"",""coordinates"":[]}"
30_0000000000000000000e,399.4306483589103,Hyderabad,2017-07,"{""type"":""MultiPoint"",""coordinates"":[]}"
30_0000000000000000000f,773.3900626154334,Jaipur,2017-07,"{""type"":""MultiPoint"",""coordinates"":[]}"
30_00000000000000000010,,Jorapokhar,2017-07,"{""type"":""MultiPoint"",""coordinates"":[]}"
30_00000000000000000011,345.6101936013272,Kochi,2017-07,"{""type"":""MultiPoint"",""coordinates"":[]}"
30_00000000000000000012,408.13583815028903,Kolkata,2017-07,"{""type"":""MultiPoint"",""coordinates"":[]}"
30_00000000000000000013,442.04374240583223,Lucknow,2017-07,"{""type"":""MultiPoint"",""coordinates"":[]}"
30_00000000000000000014,,Mumbai,2017-07,"{""type"":""MultiPoint"",""coordinates"":[]}"
30_00000000000000000015,331.0,Patna,2017-07,"{""type"":""MultiPoint"",""coordinates"":[]}"
30_00000000000000000016,33.72771407119212,Shillong,2017-07,"{""type"":""MultiPoint"",""coordinates"":[]}"
30_00000000000000000017,1742.9892720306511,Talcher,2017-07,"{""type"":""MultiPoint"",""coordinates"":[]}"
30_00000000000000000018,402.26534643068527,Thiruvananthapuram,2017-07,"{""type"":""MultiPoint"",""coordinates"":[]}"
30_00000000000000000019,495.88563480816674,Visakhapatnam,2017-07,"{""type"":""MultiPoint"",""coordinates"":[]}"
31_00000000000000000000,,Ahmedabad,2017-08,"{""type"":""MultiPoint"",""coordinates"":[]}"
31_00000000000000000001,217.64372693726935,Aizawl,2017-08,"{""type"":""MultiPoint"",""coordinates"":[]}"
31_00000000000000000002,656.9967104593132,Amaravati,2017-08,"{""type"":""MultiPoint"",""coordinates"":[]}"
31_00000000000000000003,644.1416664656605,Amritsar,2017-08,"{""type"":""MultiPoint"",""coordinates"":[]}"
31_00000000000000000004,,Bengaluru,2017-08,"{""type"":""MultiPoint"",""coordinates"":[]}"
31_00000000000000000005,,Bhopal,2017-08,"{""type"":""MultiPoint"",""coordinates"":[]}"
31_00000000000000000006,414.89886660854404,Brajrajnagar,2017-08,"{""type"":""MultiPoint"",""coordinates"":[]}"
31_00000000000000000007,490.41627649889443,Chandigarh,2017-08,"{""type"":""MultiPoint"",""coordinates"":[]}"
31_00000000000000000008,483.77330884944246,Chennai,2017-08,"{""type"":""MultiPoint"",""coordinates"":[]}"
31_00000000000000000009,664.5460737937559,Coimbatore,2017-08,"{""type"":""MultiPoint"",""coordinates"":[]}"
31_0000000000000000000a,482.45138827384636,Delhi,2017-08,"{""type"":""MultiPoint"",""coordinates"":[]}"
31_0000000000000000000b,368.1040638169776,Ernakulam,2017-08,"{""type"":""MultiPoint"",""coordinates"":[]}"
31_0000000000000000000c,462.5853727924333,Gurugram,2017-08,"{""type"":""MultiPoint"",""coordinates"":[]}"
31_0000000000000000000d,243.0446478220575,Guwahati,2017-08,"{""type"":""MultiPoint"",""coordinates"":[]}"
31_0000000000000000000e,441.1957132817991,Hyderabad,2017-08,"{""type"":""MultiPoint"",""coordinates"":[]}"
31_0000000000000000000f,767.8700311095748,Jaipur,2017-08,"{""type"":""MultiPoint"",""coordinates"":[]}"
31_00000000000000000010,447.1862745098039,Jorapokhar,2017-08,"{""type"":""MultiPoint"",""coordinates"":[]}"
31_00000000000000000011,337.54414595635154,Kochi,2017-08,"{""type"":""MultiPoint"",""coordinates"":[]}"
31_00000000000000000012,405.728781793842,Kolkata,2017-08,"{""type"":""MultiPoint"",""coordinates"":[]}"
31_00000000000000000013,348.0,Lucknow,2017-08,"{""type"":""MultiPoint"",""coordinates"":[]}"
31_00000000000000000014,,Mumbai,2017-08,"{""type"":""MultiPoint"",""coordinates"":[]}"
31_00000000000000000015,404.8198412698412,Patna,2017-08,"{""type"":""MultiPoint"",""coordinates"":[]}"
31_00000000000000000016,218.39440868865648,Shillong,2017-08,"{""type"":""MultiPoint"",""coordinates"":[]}"
31_00000000000000000017,,Talcher,2017-08,"{""type"":""MultiPoint"",""coordinates"":[]}"
31_00000000000000000018,360.5643646596149,Thiruvananthapuram,2017-08,"{""type"":""MultiPoint"",""coordinates"":[]}"
31_00000000000000000019,614.6291059697228,Visakhapatnam,2017-08,"{""type"":""MultiPoint"",""coordinates"":[]}"
32_00000000000000000000,458.8388066282958,Ahmedabad,2017-09,"{""type"":""MultiPoint"",""coordinates"":[]}"
32_00000000000000000001,187.66522197140705,Aizawl,2017-09,"{""type"":""MultiPoint"",""coordinates"":[]}"
32_00000000000000000002,444.15177785271356,Amaravati,2017-09,"{""type"":""MultiPoint"",""coordinates"":[]}"
32_00000000000000000003,553.6153821135323,Amritsar,2017-09,"{""type"":""MultiPoint"",""coordinates"":[]}"
32_00000000000000000004,418.9331923890064,Bengaluru,2017-09,"{""type"":""MultiPoint"",""coordinates"":[]}"
32_00000000000000000005,455.11902238575277,Bhopal,2017-09,"{""type"":""MultiPoint"",""coordinates"":[]}"
32_00000000000000000006,549.1910618971814,Brajrajnagar,2017-09,"{""type"":""MultiPoint"",""coordinates"":[]}"
32_00000000000000000007,458.2980718896864,Chandigarh,2017-09,"{""type"":""MultiPoint"",""coordinates"":[]}"
32_00000000000000000008,385.328579330251,Chennai,2017-09,"{""type"":""MultiPoint"",""coordinates"":[]}"
32_00000000000000000009,415.14556082036796,Coimbatore,2017-09,"{""type"":""MultiPoint"",""coordinates"":[]}"
32_0000000000000000000a,482.7983426782257,Delhi,2017-09,"{""type"":""MultiPoint"",""coordinates"":[]}"
32_0000000000000000000b,308.43871538585677,Ernakulam,2017-09,"{""type"":""MultiPoint"",""coordinates"":[]}"
32_0000000000000000000c,451.3238572866162,Gurugram,2017-09,"{""type"":""MultiPoint"",""coordinates"":[]}"
32_0000000000000000000d,320.8563726321742,Guwahati,2017-09,"{""type"":""MultiPoint"",""coordinates"":[]}"
32_0000000000000000000e,408.7976935288074,Hyderabad,2017-09,"{""type"":""MultiPoint"",""coordinates"":[]}"
32_0000000000000000000f,399.87339079132045,Jaipur,2017-09,"{""type"":""MultiPoint"",""coordinates"":[]}"
32_00000000000000000010,613.1847061114356,Jorapokhar,2017-09,"{""type"":""MultiPoint"",""coordinates"":[]}"
32_00000000000000000011,312.33112316205273,Kochi,2017-09,"{""type"":""MultiPoint"",""coordinates"":[]}"
32_00000000000000000012,504.55239403453686,Kolkata,2017-09,"{""type"":""MultiPoint"",""coordinates"":[]}"
32_00000000000000000013,802.8591555635571,Lucknow,2017-09,"{""type"":""MultiPoint"",""coordinates"":[]}"
32_00000000000000000014,358.85227183474706,Mumbai,2017-09,"{""type"":""MultiPoint"",""coordinates"":[]}"
32_00000000000000000015,450.224488944514,Patna,2017-09,"{""type"":""MultiPoint"",""coordinates"":[]}"
32_00000000000000000016,354.9623337073248,Shillong,2017-09,"{""type"":""MultiPoint"",""coordinates"":[]}"
32_00000000000000000017,1113.885448663589,Talcher,2017-09,"{""type"":""MultiPoint"",""coordinates"":[]}"
32_00000000000000000018,277.1511330458848,Thiruvananthapuram,2017-09,"{""type"":""MultiPoint"",""coordinates"":[]}"
32_00000000000000000019,429.6001364980488,Visakhapatnam,2017-09,"{""type"":""MultiPoint"",""coordinates"":[]}"
33_00000000000000000000,543.3407528464506,Ahmedabad,2017-10,"{""type"":""MultiPoint"",""coordinates"":[]}"
33_00000000000000000001,192.637156211776,Aizawl,2017-10,"{""type"":""MultiPoint"",""coordinates"":[]}"
33_00000000000000000002,738.6860302935319,Amaravati,2017-10,"{""type"":""MultiPoint"",""coordinates"":[]}"
33_00000000000000000003,849.9671412009628,Amritsar,2017-10,"{""type"":""MultiPoint"",""coordinates"":[]}"
33_00000000000000000004,502.6764219722979,Bengaluru,2017-10,"{""type"":""MultiPoint"",""coordinates"":[]}"
33_00000000000000000005,468.4738633283478,Bhopal,2017-10,"{""type"":""MultiPoint"",""coordinates"":[]}"
33_00000000000000000006,632.6106117992477,Brajrajnagar,2017-10,"{""type"":""MultiPoint"",""coordinates"":[]}"
33_00000000000000000007,566.8487495590242,Chandigarh,2017-10,"{""type"":""MultiPoint"",""coordinates"":[]}"
33_00000000000000000008,550.165911369907,Chennai,2017-10,"{""type"":""MultiPoint"",""coordinates"":[]}"
33_00000000000000000009,594.2906907708631,Coimbatore,2017-10,"{""type"":""MultiPoint"",""coordinates"":[]}"
33_0000000000000000000a,716.9650130949284,Delhi,2017-10,"{""type"":""MultiPoint"",""coordinates"":[]}"
33_0000000000000000000b,645.2169012778288,Ernakulam,2017-10,"{""type"":""MultiPoint"",""coordinates"":[]}"
33_0000000000000000000c,630.7255602957297,Gurugram,2017-10,"{""type"":""MultiPoint"",""coordinates"":[]}"
33_0000000000000000000d,395.0689672195511,Guwahati,2017-10,"{""type"":""MultiPoint"",""coordinates"":[]}"
33_0000000000000000000e,632.0949846316138,Hyderabad,2017-10,"{""type"":""MultiPoint"",""coordinates"":[]}"
33_0000000000000000000f,468.22685123933445,Jaipur,2017-10,"{""type"":""MultiPoint"",""coordinates"":[]}"
33_00000000000000000010,659.8121343606753,Jorapokhar,2017-10,"{""type"":""MultiPoint"",""coordinates"":[]}"
33_00000000000000000011,562.5304545726551,Kochi,2017-10,"{""type"":""MultiPoint"",""coordinates"":[]}"
33_00000000000000000012,603.3361673187484,Kolkata,2017-10,"{""type"":""MultiPoint"",""coordinates"":[]}"
33_00000000000000000013,879.7790174738491,Lucknow,2017-10,"{""type"":""MultiPoint"",""coordinates"":[]}"
33_00000000000000000014,603.3792529370357,Mumbai,2017-10,"{""type"":""MultiPoint"",""coordinates"":[]}"
33_00000000000000000015,772.5924323144715,Patna,2017-10,"{""type"":""MultiPoint"",""coordinates"":[]}"
33_00000000000000000016,183.80841625428602,Shillong,2017-10,"{""type"":""MultiPoint"",""coordinates"":[]}"
33_00000000000000000017,720.33045724357,Talcher,2017-10,"{""type"":""MultiPoint"",""coordinates"":[]}"
33_00000000000000000018,476.34255744920273,Thiruvananthapuram,2017-10,"{""type"":""MultiPoint"",""coordinates"":[]}"
33_00000000000000000019,586.7689158993123,Visakhapatnam,2017-10,"{""type"":""MultiPoint"",""coordinates"":[]}"
34_00000000000000000000,625.9914840565243,Ahmedabad,2017-11,"{""type"":""MultiPoint"",""coordinates"":[]}"
34_00000000000000000001,73.50541158715582,Aizawl,2017-11,"{""type"":""MultiPoint"",""coordinates"":[]}"
34_00000000000000000002,444.1752331172872,Amaravati,2017-11,"{""type"":""MultiPoint"",""coordinates"":[]}"
34_00000000000000000003,1094.7771404835835,Amritsar,2017-11,"{""type"":""MultiPoint"",""coordinates"":[]}"
34_00000000000000000004,413.9943437023934,Bengaluru,2017-11,"{""type"":""MultiPoint"",""coordinates"":[]}"
34_00000000000000000005,539.4821269120802,Bhopal,2017-11,"{""type"":""MultiPoint"",""coordinates"":[]}"
34_00000000000000000006,465.57424990960584,Brajrajnagar,2017-11,"{""type"":""MultiPoint"",""coordinates"":[]}"
34_00000000000000000007,777.9061321360493,Chandigarh,2017-11,"{""type"":""MultiPoint"",""coordinates"":[]}"
34_00000000000000000008,439.95149099807713,Chennai,2017-11,"{""type"":""MultiPoint"",""coordinates"":[]}"
34_00000000000000000009,915.7300915841582,Coimbatore,2017-11,"{""type"":""MultiPoint"",""coordinates"":[]}"
34_0000000000000000000a,1140.6427579075344,Delhi,2017-11,"{""type"":""MultiPoint"",""coordinates"":[]}"
34_0000000000000000000b,454.55575037937575,Ernakulam,2017-11,"{""type"":""MultiPoint"",""coordinates"":[]}"
34_0000000000000000000c,979.0318185029575,Gurugram,2017-11,"{""type"":""MultiPoint"",""coordinates"":[]}"
34_0000000000000000000d,251.59150271178277,Guwahati,2017-11,"{""type"":""MultiPoint"",""coordinates"":[]}"
34_0000000000000000000e,555.5632980072342,Hyderabad,2017-11,"{""type"":""MultiPoint"",""coordinates"":[]}"
34_0000000000000000000f,625.8506055476258,Jaipur,2017-11,"{""type"":""MultiPoint"",""coordinates"":[]}"
34_00000000000000000010,595.5023435228369,Jorapokhar,2017-11,"{""type"":""MultiPoint"",""coordinates"":[]}"
34_00000000000000000011,477.05060209219914,Kochi,2017-11,"{""type"":""MultiPoint"",""coordinates"":[]}"
34_00000000000000000012,468.26215244750364,Kolkata,2017-11,"{""type"":""MultiPoint"",""coordinates"":[]}"
34_00000000000000000013,1147.7035529095326,Lucknow,2017-11,"{""type"":""MultiPoint"",""coordinates"":[]}"
34_00000000000000000014,604.9743539504334,Mumbai,2017-11,"{""type"":""MultiPoint"",""coordinates"":[]}"
34_00000000000000000015,919.2689856324322,Patna,2017-11,"{""type"":""MultiPoint"",""coordinates"":[]}"
34_00000000000000000016,88.95521965368597,Shillong,2017-11,"{""type"":""MultiPoint"",""coordinates"":[]}"
34_00000000000000000017,539.7612235590941,Talcher,2017-11,"{""type"":""MultiPoint"",""coordinates"":[]}"
34_00000000000000000018,312.16376379336987,Thiruvananthapuram,2017-11,"{""type"":""MultiPoint"",""coordinates"":[]}"
34_00000000000000000019,509.24835246159137,Visakhapatnam,2017-11,"{""type"":""MultiPoint"",""coordinates"":[]}"
35_00000000000000000000,584.4069825327722,Ahmedabad,2017-12,"{""type"":""MultiPoint"",""coordinates"":[]}"
35_00000000000000000001,60.39025941816865,Aizawl,2017-12,"{""type"":""MultiPoint"",""coordinates"":[]}"
35_00000000000000000002,552.1545674574257,Amaravati,2017-12,"{""type"":""MultiPoint"",""coordinates"":[]}"
35_00000000000000000003,401.92725114402697,Amritsar,2017-12,"{""type"":""MultiPoint"",""coordinates"":[]}"
35_00000000000000000004,408.29449851106017,Bengaluru,2017-12,"{""type"":""MultiPoint"",""coordinates"":[]}"
35_00000000000000000005,392.48774825337665,Bhopal,2017-12,"{""type"":""MultiPoint"",""coordinates"":[]}"
35_00000000000000000006,511.2400171493794,Brajrajnagar,2017-12,"{""type"":""MultiPoint"",""coordinates"":[]}"
35_00000000000000000007,352.02562603896433,Chandigarh,2017-12,"{""type"":""MultiPoint"",""coordinates"":[]}"
35_00000000000000000008,568.2432357950522,Chennai,2017-12,"{""type"":""MultiPoint"",""coordinates"":[]}"
35_00000000000000000009,548.989428466061,Coimbatore,2017-12,"{""type"":""MultiPoint"",""coordinates"":[]}"
35_0000000000000000000a,633.0593304058725,Delhi,2017-12,"{""type"":""MultiPoint"",""coordinates"":[]}"
35_0000000000000000000b,463.3141552285897,Ernakulam,2017-12,"{""type"":""MultiPoint"",""coordinates"":[]}"
35_0000000000000000000c,517.8700052464665,Gurugram,2017-12,"{""type"":""MultiPoint"",""coordinates"":[]}"
35_0000000000000000000d,385.9015166808009,Guwahati,2017-12,"{""type"":""MultiPoint"",""coordinates"":[]}"
35_0000000000000000000e,500.5589195744039,Hyderabad,2017-12,"{""type"":""MultiPoint"",""coordinates"":[]}"
35_0000000000000000000f,410.69907563560304,Jaipur,2017-12,"{""type"":""MultiPoint"",""coordinates"":[]}"
35_00000000000000000010,664.4918037443256,Jorapokhar,2017-12,"{""type"":""MultiPoint"",""coordinates"":[]}"
35_00000000000000000011,460.74284409793216,Kochi,2017-12,"{""type"":""MultiPoint"",""coordinates"":[]}"
35_00000000000000000012,635.5485517540607,Kolkata,2017-12,"{""type"":""MultiPoint"",""coordinates"":[]}"
35_00000000000000000013,792.0094487826107,Lucknow,2017-12,"{""type"":""MultiPoint"",""coordinates"":[]}"
35_00000000000000000014,661.3655206468997,Mumbai,2017-12,"{""type"":""MultiPoint"",""coordinates"":[]}"
35_00000000000000000015,925.8788856438434,Patna,2017-12,"{""type"":""MultiPoint"",""coordinates"":[]}"
35_00000000000000000016,95.03739486117193,Shillong,2017-12,"{""type"":""MultiPoint"",""coordinates"":[]}"
35_00000000000000000017,731.5581144835278,Talcher,2017-12,"{""type"":""MultiPoint"",""coordinates"":[]}"
35_00000000000000000018,424.4779263947436,Thiruvananthapuram,2017-12,"{""type"":""MultiPoint"",""coordinates"":[]}"
35_00000000000000000019,558.7467039107989,Visakhapatnam,2017-12,"{""type"":""MultiPoint"",""coordinates"":[]}"
36_00000000000000000000,490.0548027901193,Ahmedabad,2018-01,"{""type"":""MultiPoint"",""coordinates"":[]}"
36_00000000000000000001,176.12531171985333,Aizawl,2018-01,"{""type"":""MultiPoint"",""coordinates"":[]}"
36_00000000000000000002,880.3035771617951,Amaravati,2018-01,"{""type"":""MultiPoint"",""coordinates"":[]}"
36_00000000000000000003,565.5339486111071,Amritsar,2018-01,"{""type"":""MultiPoint"",""coordinates"":[]}"
36_00000000000000000004,584.1891265195429,Bengaluru,2018-01,"{""type"":""MultiPoint"",""coordinates"":[]}"
36_00000000000000000005,362.996296669381,Bhopal,2018-01,"{""type"":""MultiPoint"",""coordinates"":[]}"
36_00000000000000000006,435.31015627167784,Brajrajnagar,2018-01,"{""type"":""MultiPoint"",""coordinates"":[]}"
36_00000000000000000007,437.13573423491124,Chandigarh,2018-01,"{""type"":""MultiPoint"",""coordinates"":[]}"
36_00000000000000000008,595.8253938017376,Chennai,2018-01,"{""type"":""MultiPoint"",""coordinates"":[]}"
36_00000000000000000009,828.5690571801933,Coimbatore,2018-01,"{""type"":""MultiPoint"",""coordinates"":[]}"
36_0000000000000000000a,652.2399133016016,Delhi,2018-01,"{""type"":""MultiPoint"",""coordinates"":[]}"
36_0000000000000000000b,744.4010430647571,Ernakulam,2018-01,"{""type"":""MultiPoint"",""coordinates"":[]}"
36_0000000000000000000c,556.594849005938,Gurugram,2018-01,"{""type"":""MultiPoint"",""coordinates"":[]}"
36_0000000000000000000d,750.1322651124981,Guwahati,2018-01,"{""type"":""MultiPoint"",""coordinates"":[]}"
36_0000000000000000000e,606.0115686349478,Hyderabad,2018-01,"{""type"":""MultiPoint"",""coordinates"":[]}"
36_0000000000000000000f,431.1795997901985,Jaipur,2018-01,"{""type"":""MultiPoint"",""coordinates"":[]}"
36_00000000000000000010,543.3578513028834,Jorapokhar,2018-01,"{""type"":""MultiPoint"",""coordinates"":[]}"
36_00000000000000000011,725.3295490044635,Kochi,2018-01,"{""type"":""MultiPoint"",""coordinates"":[]}"
36_00000000000000000012,798.4276139076846,Kolkata,2018-01,"{""type"":""MultiPoint"",""coordinates"":[]}"
36_00000000000000000013,792.9910893910949,Lucknow,2018-01,"{""type"":""MultiPoint"",""coordinates"":[]}"
36_00000000000000000014,643.2308324580108,Mumbai,2018-01,"{""type"":""MultiPoint"",""coordinates"":[]}"
36_00000000000000000015,1319.9965008638035,Patna,2018-01,"{""type"":""MultiPoint"",""coordinates"":[]}"
36_00000000000000000016,168.9766156495133,Shillong,2018-01,"{""type"":""MultiPoint"",""coordinates"":[]}"
36_00000000000000000017,629.4767125078675,Talcher,2018-01,"{""type"":""MultiPoint"",""coordinates"":[]}"
36_00000000000000000018,727.9635173913895,Thiruvananthapuram,2018-01,"{""type"":""MultiPoint"",""coordinates"":[]}"
36_00000000000000000019,745.0338761755694,Visakhapatnam,2018-01,"{""type"":""MultiPoint"",""coordinates"":[]}"
37_00000000000000000000,498.60280802100317,Ahmedabad,2018-02,"{""type"":""MultiPoint"",""coordinates"":[]}"
37_00000000000000000001,359.90046814225445,Aizawl,2018-02,"{""type"":""MultiPoint"",""coordinates"":[]}"
37_00000000000000000002,508.9942594549603,Amaravati,2018-02,"{""type"":""MultiPoint"",""coordinates"":[]}"
37_00000000000000000003,469.99232134822785,Amritsar,2018-02,"{""type"":""MultiPoint"",""coordinates"":[]}"
37_00000000000000000004,390.8000741752435,Bengaluru,2018-02,"{""type"":""MultiPoint"",""coordinates"":[]}"
37_00000000000000000005,409.0258016356813,Bhopal,2018-02,"{""type"":""MultiPoint"",""coordinates"":[]}"
37_00000000000000000006,513.3378788816831,Brajrajnagar,2018-02,"{""type"":""MultiPoint"",""coordinates"":[]}"
37_00000000000000000007,323.67829518226864,Chandigarh,2018-02,"{""type"":""MultiPoint"",""coordinates"":[]}"
37_00000000000000000008,417.0916822380728,Chennai,2018-02,"{""type"":""MultiPoint"",""coordinates"":[]}"
37_00000000000000000009,473.2634034424974,Coimbatore,2018-02,"{""type"":""MultiPoint"",""coordinates"":[]}"
37_0000000000000000000a,491.456370073744,Delhi,2018-02,"{""type"":""MultiPoint"",""coordinates"":[]}"
37_0000000000000000000b,500.1125551292716,Ernakulam,2018-02,"{""type"":""MultiPoint"",""coordinates"":[]}"
37_0000000000000000000c,521.4344808533514,Gurugram,2018-02,"{""type"":""MultiPoint"",""coordinates"":[]}"
37_0000000000000000000d,988.9070897321371,Guwahati,2018-02,"{""type"":""MultiPoint"",""coordinates"":[]}"
37_0000000000000000000e,485.3893178261913,Hyderabad,2018-02,"{""type"":""MultiPoint"",""coordinates"":[]}"
37_0000000000000000000f,424.3421958732191,Jaipur,2018-02,"{""type"":""MultiPoint"",""coordinates"":[]}"
37_00000000000000000010,564.4512985152472,Jorapokhar,2018-02,"{""type"":""MultiPoint"",""coordinates"":[]}"
37_00000000000000000011,514.1159872177848,Kochi,2018-02,"{""type"":""MultiPoint"",""coordinates"":[]}"
37_00000000000000000012,668.4218451865219,Kolkata,2018-02,"{""type"":""MultiPoint"",""coordinates"":[]}"
37_00000000000000000013,549.281650967214,Lucknow,2018-02,"{""type"":""MultiPoint"",""coordinates"":[]}"
37_00000000000000000014,589.6938327987037,Mumbai,2018-02,"{""type"":""MultiPoint"",""coordinates"":[]}"
37_00000000000000000015,781.1655684687439,Patna,2018-02,"{""type"":""MultiPoint"",""coordinates"":[]}"
37_00000000000000000016,231.24051861466307,Shillong,2018-02,"{""type"":""MultiPoint"",""coordinates"":[]}"
37_00000000000000000017,544.3922195557581,Talcher,2018-02,"{""type"":""MultiPoint"",""coordinates"":[]}"
37_00000000000000000018,412.37280717178845,Thiruvananthapuram,2018-02,"{""type"":""MultiPoint"",""coordinates"":[]}"
37_00000000000000000019,493.88835007334603,Visakhapatnam,2018-02,"{""type"":""MultiPoint"",""coordinates"":[]}"
38_00000000000000000000,490.50216560304233,Ahmedabad,2018-03,"{""type"":""MultiPoint"",""coordinates"":[]}"
38_00000000000000000001,454.02603493313984,Aizawl,2018-03,"{""type"":""MultiPoint"",""coordinates"":[]}"
38_00000000000000000002,776.6376138533312,Amaravati,2018-03,"{""type"":""MultiPoint"",""coordinates"":[]}"
38_00000000000000000003,433.6815623047693,Amritsar,2018-03,"{""type"":""MultiPoint"",""coordinates"":[]}"
38_00000000000000000004,598.5335674002451,Bengaluru,2018-03,"{""type"":""MultiPoint"",""coordinates"":[]}"
38_00000000000000000005,509.52594760713737,Bhopal,2018-03,"{""type"":""MultiPoint"",""coordinates"":[]}"
38_00000000000000000006,776.1657287928117,Brajrajnagar,2018-03,"{""type"":""MultiPoint"",""coordinates"":[]}"
38_00000000000000000007,312.74182494804506,Chandigarh,2018-03,"{""type"":""MultiPoint"",""coordinates"":[]}"
38_00000000000000000008,560.097481462992,Chennai,2018-03,"{""type"":""MultiPoint"",""coordinates"":[]}"
38_00000000000000000009,714.3284760674832,Coimbatore,2018-03,"{""type"":""MultiPoint"",""coordinates"":[]}"
38_0000000000000000000a,325.7759634951166,Delhi,2018-03,"{""type"":""MultiPoint"",""coordinates"":[]}"
38_0000000000000000000b,639.7670367983478,Ernakulam,2018-03,"{""type"":""MultiPoint"",""coordinates"":[]}"
38_0000000000000000000c,334.70042129440975,Gurugram,2018-03,"{""type"":""MultiPoint"",""coordinates"":[]}"
38_0000000000000000000d,819.4960595576882,Guwahati,2018-03,"{""type"":""MultiPoint"",""coordinates"":[]}"
38_0000000000000000000e,669.0574757715275,Hyderabad,2018-03,"{""type"":""MultiPoint"",""coordinates"":[]}"
38_0000000000000000000f,441.9093455551668,Jaipur,2018-03,"{""type"":""MultiPoint"",""coordinates"":[]}"
38_00000000000000000010,559.846235307878,Jorapokhar,2018-03,"{""type"":""MultiPoint"",""coordinates"":[]}"
38_00000000000000000011,580.1847699786952,Kochi,2018-03,"{""type"":""MultiPoint"",""coordinates"":[]}"
38_00000000000000000012,680.9691697059086,Kolkata,2018-03,"{""type"":""MultiPoint"",""coordinates"":[]}"
38_00000000000000000013,484.83380802334136,Lucknow,2018-03,"{""type"":""MultiPoint"",""coordinates"":[]}"
38_00000000000000000014,687.8860581245481,Mumbai,2018-03,"{""type"":""MultiPoint"",""coordinates"":[]}"
38_00000000000000000015,507.0834085257166,Patna,2018-03,"{""type"":""MultiPoint"",""coordinates"":[]}"
38_00000000000000000016,304.1771977555311,Shillong,2018-03,"{""type"":""MultiPoint"",""coordinates"":[]}"
38_00000000000000000017,1015.1738051377918,Talcher,2018-03,"{""type"":""MultiPoint"",""coordinates"":[]}"
38_00000000000000000018,642.845822039169,Thiruvananthapuram,2018-03,"{""type"":""MultiPoint"",""coordinates"":[]}"
38_00000000000000000019,944.6433809919018,Visakhapatnam,2018-03,"{""type"":""MultiPoint"",""coordinates"":[]}"
39_00000000000000000000,569.584393461367,Ahmedabad,2018-04,"{""type"":""MultiPoint"",""coordinates"":[]}"
39_00000000000000000001,467.7845399654602,Aizawl,2018-04,"{""type"":""MultiPoint"",""coordinates"":[]}"
39_00000000000000000002,676.4434990858615,Amaravati,2018-04,"{""type"":""MultiPoint"",""coordinates"":[]}"
39_00000000000000000003,583.0162392355579,Amritsar,2018-04,"{""type"":""MultiPoint"",""coordinates"":[]}"
39_00000000000000000004,723.4027465824385,Bengaluru,2018-04,"{""type"":""MultiPoint"",""coordinates"":[]}"
39_00000000000000000005,541.7527224414905,Bhopal,2018-04,"{""type"":""MultiPoint"",""coordinates"":[]}"
39_00000000000000000006,742.538493408198,Brajrajnagar,2018-04,"{""type"":""MultiPoint"",""coordinates"":[]}"
39_00000000000000000007,506.4253310172206,Chandigarh,2018-04,"{""type"":""MultiPoint"",""coordinates"":[]}"
39_00000000000000000008,551.1611661822203,Chennai,2018-04,"{""type"":""MultiPoint"",""coordinates"":[]}"
39_00000000000000000009,985.7743656209035,Coimbatore,2018-04,"{""type"":""MultiPoint"",""coordinates"":[]}"
39_0000000000000000000a,473.79229279125593,Delhi,2018-04,"{""type"":""MultiPoint"",""coordinates"":[]}"
39_0000000000000000000b,919.3570344142332,Ernakulam,2018-04,"{""type"":""MultiPoint"",""coordinates"":[]}"
39_0000000000000000000c,479.2212661624107,Gurugram,2018-04,"{""type"":""MultiPoint"",""coordinates"":[]}"
39_0000000000000000000d,741.0457704813902,Guwahati,2018-04,"{""type"":""MultiPoint"",""coordinates"":[]}"
39_0000000000000000000e,692.2384571717862,Hyderabad,2018-04,"{""type"":""MultiPoint"",""coordinates"":[]}"
39_0000000000000000000f,585.9089979310471,Jaipur,2018-04,"{""type"":""MultiPoint"",""coordinates"":[]}"
39_00000000000000000010,670.0826041639245,Jorapokhar,2018-04,"{""type"":""MultiPoint"",""coordinates"":[]}"
39_00000000000000000011,812.8684137706296,Kochi,2018-04,"{""type"":""MultiPoint"",""coordinates"":[]}"
39_00000000000000000012,705.5316185146596,Kolkata,2018-04,"{""type"":""MultiPoint"",""coordinates"":[]}"
39_00000000000000000013,686.0613531024089,Lucknow,2018-04,"{""type"":""MultiPoint"",""coordinates"":[]}"
39_00000000000000000014,541.1557908757347,Mumbai,2018-04,"{""type"":""MultiPoint"",""coordinates"":[]}"
39_00000000000000000015,710.5069360869425,Patna,2018-04,"{""type"":""MultiPoint"",""coordinates"":[]}"
39_00000000000000000016,254.6452573764099,Shillong,2018-04,"{""type"":""MultiPoint"",""coordinates"":[]}"
39_00000000000000000017,781.1657022819941,Talcher,2018-04,"{""type"":""MultiPoint"",""coordinates"":[]}"
39_00000000000000000018,714.3343888672789,Thiruvananthapuram,2018-04,"{""type"":""MultiPoint"",""coordinates"":[]}"
39_00000000000000000019,714.5780751299529,Visakhapatnam,2018-04,"{""type"":""MultiPoint"",""coordinates"":[]}"
40_00000000000000000000,789.3386362605374,Ahmedabad,2018-05,"{""type"":""MultiPoint"",""coordinates"":[]}"
40_00000000000000000001,319.90698050448117,Aizawl,2018-05,"{""type"":""MultiPoint"",""coordinates"":[]}"
40_00000000000000000002,886.4300257712279,Amaravati,2018-05,"{""type"":""MultiPoint"",""coordinates"":[]}"
40_00000000000000000003,812.5698382077627,Amritsar,2018-05,"{""type"":""MultiPoint"",""coordinates"":[]}"
40_00000000000000000004,648.1529999134159,Bengaluru,2018-05,"{""type"":""MultiPoint"",""coordinates"":[]}"
40_00000000000000000005,778.8514420117805,Bhopal,2018-05,"{""type"":""MultiPoint"",""coordinates"":[]}"
40_00000000000000000006,847.8161944444564,Brajrajnagar,2018-05,"{""type"":""MultiPoint"",""coordinates"":[]}"
40_00000000000000000007,654.8320200336935,Chandigarh,2018-05,"{""type"":""MultiPoint"",""coordinates"":[]}"
40_00000000000000000008,641.1739296710851,Chennai,2018-05,"{""type"":""MultiPoint"",""coordinates"":[]}"
40_00000000000000000009,737.9497799387084,Coimbatore,2018-05,"{""type"":""MultiPoint"",""coordinates"":[]}"
40_0000000000000000000a,731.8904449825425,Delhi,2018-05,"{""type"":""MultiPoint"",""coordinates"":[]}"
40_0000000000000000000b,381.49459353714263,Ernakulam,2018-05,"{""type"":""MultiPoint"",""coordinates"":[]}"
40_0000000000000000000c,721.614504740001,Gurugram,2018-05,"{""type"":""MultiPoint"",""coordinates"":[]}"
40_0000000000000000000d,546.6495911019564,Guwahati,2018-05,"{""type"":""MultiPoint"",""coordinates"":[]}"
40_0000000000000000000e,908.3713780590246,Hyderabad,2018-05,"{""type"":""MultiPoint"",""coordinates"":[]}"
40_0000000000000000000f,853.6374192472834,Jaipur,2018-05,"{""type"":""MultiPoint"",""coordinates"":[]}"
40_00000000000000000010,861.2744838346191,Jorapokhar,2018-05,"{""type"":""MultiPoint"",""coordinates"":[]}"
40_00000000000000000011,319.2620188293253,Kochi,2018-05,"{""type"":""MultiPoint"",""coordinates"":[]}"
40_00000000000000000012,866.4391321450013,Kolkata,2018-05,"{""type"":""MultiPoint"",""coordinates"":[]}"
40_00000000000000000013,895.6747039587525,Lucknow,2018-05,"{""type"":""MultiPoint"",""coordinates"":[]}"
40_00000000000000000014,667.7396791049482,Mumbai,2018-05,"{""type"":""MultiPoint"",""coordinates"":[]}"
40_00000000000000000015,1079.6527207430374,Patna,2018-05,"{""type"":""MultiPoint"",""coordinates"":[]}"
40_00000000000000000016,346.48792086741497,Shillong,2018-05,"{""type"":""MultiPoint"",""coordinates"":[]}"
40_00000000000000000017,961.6380525299089,Talcher,2018-05,"{""type"":""MultiPoint"",""coordinates"":[]}"
40_00000000000000000018,823.0949894235855,Thiruvananthapuram,2018-05,"{""type"":""MultiPoint"",""coordinates"":[]}"
40_00000000000000000019,769.2441565743778,Visakhapatnam,2018-05,"{""type"":""MultiPoint"",""coordinates"":[]}"
41_00000000000000000000,842.7063211721746,Ahmedabad,2018-06,"{""type"":""MultiPoint"",""coordinates"":[]}"
41_00000000000000000001,358.99386126457944,Aizawl,2018-06,"{""type"":""MultiPoint"",""coordinates"":[]}"
41_00000000000000000002,684.5647913554042,Amaravati,2018-06,"{""type"":""MultiPoint"",""coordinates"":[]}"
41_00000000000000000003,919.9263173838093,Amritsar,2018-06,"{""type"":""MultiPoint"",""coordinates"":[]}"
41_00000000000000000004,406.35643185298625,Bengaluru,2018-06,"{""type"":""MultiPoint"",""coordinates"":[]}"
41_00000000000000000005,906.196293234119,Bhopal,2018-06,"{""type"":""MultiPoint"",""coordinates"":[]}"
41_00000000000000000006,875.6457064039938,Brajrajnagar,2018-06,"{""type"":""MultiPoint"",""coordinates"":[]}"
41_00000000000000000007,744.4702294256745,Chandigarh,2018-06,"{""type"":""MultiPoint"",""coordinates"":[]}"
41_00000000000000000008,563.3300417758002,Chennai,2018-06,"{""type"":""MultiPoint"",""coordinates"":[]}"
41_00000000000000000009,677.6304893252299,Coimbatore,2018-06,"{""type"":""MultiPoint"",""coordinates"":[]}"
41_0000000000000000000a,1050.0049365097423,Delhi,2018-06,"{""type"":""MultiPoint"",""coordinates"":[]}"
41_0000000000000000000b,538.5250923603807,Ernakulam,2018-06,"{""type"":""MultiPoint"",""coordinates"":[]}"
41_0000000000000000000c,1042.9685096876194,Gurugram,2018-06,"{""type"":""MultiPoint"",""coordinates"":[]}"
41_0000000000000000000d,373.68758247558725,Guwahati,2018-06,"{""type"":""MultiPoint"",""coordinates"":[]}"
41_0000000000000000000e,1046.2408247562294,Hyderabad,2018-06,"{""type"":""MultiPoint"",""coordinates"":[]}"
41_0000000000000000000f,960.0457172559951,Jaipur,2018-06,"{""type"":""MultiPoint"",""coordinates"":[]}"
41_00000000000000000010,782.9400179937019,Jorapokhar,2018-06,"{""type"":""MultiPoint"",""coordinates"":[]}"
41_00000000000000000011,471.08435857448154,Kochi,2018-06,"{""type"":""MultiPoint"",""coordinates"":[]}"
41_00000000000000000012,944.7669213462046,Kolkata,2018-06,"{""type"":""MultiPoint"",""coordinates"":[]}"
41_00000000000000000013,1473.390546362346,Lucknow,2018-06,"{""type"":""MultiPoint"",""coordinates"":[]}"
41_00000000000000000014,1005.2914023960537,Mumbai,2018-06,"{""type"":""MultiPoint"",""coordinates"":[]}"
41_00000000000000000015,1657.7745789561448,Patna,2018-06,"{""type"":""MultiPoint"",""coordinates"":[]}"
41_00000000000000000016,218.24209012464047,Shillong,2018-06,"{""type"":""MultiPoint"",""coordinates"":[]}"
41_00000000000000000017,951.465452690546,Talcher,2018-06,"{""type"":""MultiPoint"",""coordinates"":[]}"
41_00000000000000000018,508.1567255553611,Thiruvananthapuram,2018-06,"{""type"":""MultiPoint"",""coordinates"":[]}"
41_00000000000000000019,667.0494334520467,Visakhapatnam,2018-06,"{""type"":""MultiPoint"",""coordinates"":[]}"
42_00000000000000000000,,Ahmedabad,2018-07,"{""type"":""MultiPoint"",""coordinates"":[]}"
42_00000000000000000001,262.84387782928826,Aizawl,2018-07,"{""type"":""MultiPoint"",""coordinates"":[]}"
42_00000000000000000002,514.478334543694,Amaravati,2018-07,"{""type"":""MultiPoint"",""coordinates"":[]}"
42_00000000000000000003,870.9070488213029,Amritsar,2018-07,"{""type"":""MultiPoint"",""coordinates"":[]}"
42_00000000000000000004,,Bengaluru,2018-07,"{""type"":""MultiPoint"",""coordinates"":[]}"
42_00000000000000000005,,Bhopal,2018-07,"{""type"":""MultiPoint"",""coordinates"":[]}"
42_00000000000000000006,1397.0,Brajrajnagar,2018-07,"{""type"":""MultiPoint"",""coordinates"":[]}"
42_00000000000000000007,801.8003952943151,Chandigarh,2018-07,"{""type"":""MultiPoint"",""coordinates"":[]}"
42_00000000000000000008,561.5778900835566,Chennai,2018-07,"{""type"":""MultiPoint"",""coordinates"":[]}"
42_00000000000000000009,563.6070251525031,Coimbatore,2018-07,"{""type"":""MultiPoint"",""coordinates"":[]}"
42_0000000000000000000a,921.3644015882857,Delhi,2018-07,"{""type"":""MultiPoint"",""coordinates"":[]}"
42_0000000000000000000b,398.8600758729396,Ernakulam,2018-07,"{""type"":""MultiPoint"",""coordinates"":[]}"
42_0000000000000000000c,880.4506492439184,Gurugram,2018-07,"{""type"":""MultiPoint"",""coordinates"":[]}"
42_0000000000000000000d,342.21756080114443,Guwahati,2018-07,"{""type"":""MultiPoint"",""coordinates"":[]}"
42_0000000000000000000e,,Hyderabad,2018-07,"{""type"":""MultiPoint"",""coordinates"":[]}"
42_0000000000000000000f,,Jaipur,2018-07,"{""type"":""MultiPoint"",""coordinates"":[]}"
42_00000000000000000010,,Jorapokhar,2018-07,"{""type"":""MultiPoint"",""coordinates"":[]}"
42_00000000000000000011,408.24371744136647,Kochi,2018-07,"{""type"":""MultiPoint"",""coordinates"":[]}"
42_00000000000000000012,882.0154935812305,Kolkata,2018-07,"{""type"":""MultiPoint"",""coordinates"":[]}"
42_00000000000000000013,438.1666666666667,Lucknow,2018-07,"{""type"":""MultiPoint"",""coordinates"":[]}"
42_00000000000000000014,,Mumbai,2018-07,"{""type"":""MultiPoint"",""coordinates"":[]}"
42_00000000000000000015,,Patna,2018-07,"{""type"":""MultiPoint"",""coordinates"":[]}"
42_00000000000000000016,230.8189426142402,Shillong,2018-07,"{""type"":""MultiPoint"",""coordinates"":[]}"
42_00000000000000000017,,Talcher,2018-07,"{""type"":""MultiPoint"",""coordinates"":[]}"
42_00000000000000000018,363.8749373306111,Thiruvananthapuram,2018-07,"{""type"":""MultiPoint"",""coordinates"":[]}"
42_00000000000000000019,448.92083229192707,Visakhapatnam,2018-07,"{""type"":""MultiPoint"",""coordinates"":[]}"
43_00000000000000000000,,Ahmedabad,2018-08,"{""type"":""MultiPoint"",""coordinates"":[]}"
43_00000000000000000001,139.72743142144634,Aizawl,2018-08,"{""type"":""MultiPoint"",""coordinates"":[]}"
43_00000000000000000002,590.956658527423,Amaravati,2018-08,"{""type"":""MultiPoint"",""coordinates"":[]}"
43_00000000000000000003,1116.7704007360182,Amritsar,2018-08,"{""type"":""MultiPoint"",""coordinates"":[]}"
43_00000000000000000004,,Bengaluru,2018-08,"{""type"":""MultiPoint"",""coordinates"":[]}"
43_00000000000000000005,,Bhopal,2018-08,"{""type"":""MultiPoint"",""coordinates"":[]}"
43_00000000000000000006,,Brajrajnagar,2018-08,"{""type"":""MultiPoint"",""coordinates"":[]}"
43_00000000000000000007,952.9265504524087,Chandigarh,2018-08,"{""type"":""MultiPoint"",""coordinates"":[]}"
43_00000000000000000008,478.4637898467496,Chennai,2018-08,"{""type"":""MultiPoint"",""coordinates"":[]}"
43_00000000000000000009,556.0916383718981,Coimbatore,2018-08,"{""type"":""MultiPoint"",""coordinates"":[]}"
43_0000000000000000000a,1135.5975862243095,Delhi,2018-08,"{""type"":""MultiPoint"",""coordinates"":[]}"
43_0000000000000000000b,423.88189693171574,Ernakulam,2018-08,"{""type"":""MultiPoint"",""coordinates"":[]}"
43_0000000000000000000c,866.9063376207212,Gurugram,2018-08,"{""type"":""MultiPoint"",""coordinates"":[]}"
43_0000000000000000000d,204.6953274045636,Guwahati,2018-08,"{""type"":""MultiPoint"",""coordinates"":[]}"
43_0000000000000000000e,,Hyderabad,2018-08,"{""type"":""MultiPoint"",""coordinates"":[]}"
43_0000000000000000000f,,Jaipur,2018-08,"{""type"":""MultiPoint"",""coordinates"":[]}"
43_00000000000000000010,,Jorapokhar,2018-08,"{""type"":""MultiPoint"",""coordinates"":[]}"
43_00000000000000000011,385.4976038503645,Kochi,2018-08,"{""type"":""MultiPoint"",""coordinates"":[]}"
43_00000000000000000012,,Kolkata,2018-08,"{""type"":""MultiPoint"",""coordinates"":[]}"
43_00000000000000000013,,Lucknow,2018-08,"{""type"":""MultiPoint"",""coordinates"":[]}"
43_00000000000000000014,,Mumbai,2018-08,"{""type"":""MultiPoint"",""coordinates"":[]}"
43_00000000000000000015,,Patna,2018-08,"{""type"":""MultiPoint"",""coordinates"":[]}"
43_00000000000000000016,282.38044945987644,Shillong,2018-08,"{""type"":""MultiPoint"",""coordinates"":[]}"
43_00000000000000000017,767.2792547016486,Talcher,2018-08,"{""type"":""MultiPoint"",""coordinates"":[]}"
43_00000000000000000018,349.671664649229,Thiruvananthapuram,2018-08,"{""type"":""MultiPoint"",""coordinates"":[]}"
43_00000000000000000019,468.6557024246131,Visakhapatnam,2018-08,"{""type"":""MultiPoint"",""coordinates"":[]}"
44_00000000000000000000,542.75438310645,Ahmedabad,2018-09,"{""type"":""MultiPoint"",""coordinates"":[]}"
44_00000000000000000001,188.56490013582754,Aizawl,2018-09,"{""type"":""MultiPoint"",""coordinates"":[]}"
44_00000000000000000002,467.6670385390623,Amaravati,2018-09,"{""type"":""MultiPoint"",""coordinates"":[]}"
44_00000000000000000003,565.9571919951011,Amritsar,2018-09,"{""type"":""MultiPoint"",""coordinates"":[]}"
44_00000000000000000004,417.06298180090755,Bengaluru,2018-09,"{""type"":""MultiPoint"",""coordinates"":[]}"
44_00000000000000000005,399.86985609549646,Bhopal,2018-09,"{""type"":""MultiPoint"",""coordinates"":[]}"
44_00000000000000000006,592.334631274553,Brajrajnagar,2018-09,"{""type"":""MultiPoint"",""coordinates"":[]}"
44_00000000000000000007,380.13817544098185,Chandigarh,2018-09,"{""type"":""MultiPoint"",""coordinates"":[]}"
44_00000000000000000008,532.8486468890861,Chennai,2018-09,"{""type"":""MultiPoint"",""coordinates"":[]}"
44_00000000000000000009,476.0835668769368,Coimbatore,2018-09,"{""type"":""MultiPoint"",""coordinates"":[]}"
44_0000000000000000000a,411.4785201769116,Delhi,2018-09,"{""type"":""MultiPoint"",""coordinates"":[]}"
44_0000000000000000000b,295.18623798111736,Ernakulam,2018-09,"{""type"":""MultiPoint"",""coordinates"":[]}"
44_0000000000000000000c,418.0062953109559,Gurugram,2018-09,"{""type"":""MultiPoint"",""coordinates"":[]}"
44_0000000000000000000d,303.8899296037241,Guwahati,2018-09,"{""type"":""MultiPoint"",""coordinates"":[]}"
44_0000000000000000000e,815.2468440036068,Hyderabad,2018-09,"{""type"":""MultiPoint"",""coordinates"":[]}"
44_0000000000000000000f,406.44136674032404,Jaipur,2018-09,"{""type"":""MultiPoint"",""coordinates"":[]}"
44_00000000000000000010,486.25522262151793,Jorapokhar,2018-09,"{""type"":""MultiPoint"",""coordinates"":[]}"
44_00000000000000000011,262.13405134407196,Kochi,2018-09,"{""type"":""MultiPoint"",""coordinates"":[]}"
44_00000000000000000012,484.5873766090184,Kolkata,2018-09,"{""type"":""MultiPoint"",""coordinates"":[]}"
44_00000000000000000013,431.2071743724604,Lucknow,2018-09,"{""type"":""MultiPoint"",""coordinates"":[]}"
44_00000000000000000014,701.9144377498734,Mumbai,2018-09,"{""type"":""MultiPoint"",""coordinates"":[]}"
44_00000000000000000015,496.9834213761254,Patna,2018-09,"{""type"":""MultiPoint"",""coordinates"":[]}"
44_00000000000000000016,265.19140935759737,Shillong,2018-09,"{""type"":""MultiPoint"",""coordinates"":[]}"
44_00000000000000000017,1192.9265238686005,Talcher,2018-09,"{""type"":""MultiPoint"",""coordinates"":[]}"
44_00000000000000000018,322.67705594908006,Thiruvananthapuram,2018-09,"{""type"":""MultiPoint"",""coordinates"":[]}"
44_00000000000000000019,614.1661635705091,Visakhapatnam,2018-09,"{""type"":""MultiPoint"",""coordinates"":[]}"
45_00000000000000000000,616.3867467090427,Ahmedabad,2018-10,"{""type"":""MultiPoint"",""coordinates"":[]}"
45_00000000000000000001,193.03394225978775,Aizawl,2018-10,"{""type"":""MultiPoint"",""coordinates"":[]}"
45_00000000000000000002,648.7445117055964,Amaravati,2018-10,"{""type"":""MultiPoint"",""coordinates"":[]}"
45_00000000000000000003,637.756396582394,Amritsar,2018-10,"{""type"":""MultiPoint"",""coordinates"":[]}"
45_00000000000000000004,502.5006734186744,Bengaluru,2018-10,"{""type"":""MultiPoint"",""coordinates"":[]}"
45_00000000000000000005,465.4355834904334,Bhopal,2018-10,"{""type"":""MultiPoint"",""coordinates"":[]}"
45_00000000000000000006,590.646889393517,Brajrajnagar,2018-10,"{""type"":""MultiPoint"",""coordinates"":[]}"
45_00000000000000000007,374.0491943433527,Chandigarh,2018-10,"{""type"":""MultiPoint"",""coordinates"":[]}"
45_00000000000000000008,476.3673660324015,Chennai,2018-10,"{""type"":""MultiPoint"",""coordinates"":[]}"
45_00000000000000000009,714.3639031492436,Coimbatore,2018-10,"{""type"":""MultiPoint"",""coordinates"":[]}"
45_0000000000000000000a,649.8503572212437,Delhi,2018-10,"{""type"":""MultiPoint"",""coordinates"":[]}"
45_0000000000000000000b,664.6620047094902,Ernakulam,2018-10,"{""type"":""MultiPoint"",""coordinates"":[]}"
45_0000000000000000000c,640.9342175223385,Gurugram,2018-10,"{""type"":""MultiPoint"",""coordinates"":[]}"
45_0000000000000000000d,343.2013070478114,Guwahati,2018-10,"{""type"":""MultiPoint"",""coordinates"":[]}"
45_0000000000000000000e,605.3455877541361,Hyderabad,2018-10,"{""type"":""MultiPoint"",""coordinates"":[]}"
45_0000000000000000000f,545.416097741646,Jaipur,2018-10,"{""type"":""MultiPoint"",""coordinates"":[]}"
45_00000000000000000010,546.2888084438363,Jorapokhar,2018-10,"{""type"":""MultiPoint"",""coordinates"":[]}"
45_00000000000000000011,762.6708932461004,Kochi,2018-10,"{""type"":""MultiPoint"",""coordinates"":[]}"
45_00000000000000000012,575.3081819615285,Kolkata,2018-10,"{""type"":""MultiPoint"",""coordinates"":[]}"
45_00000000000000000013,566.2871284286811,Lucknow,2018-10,"{""type"":""MultiPoint"",""coordinates"":[]}"
45_00000000000000000014,803.7233531984402,Mumbai,2018-10,"{""type"":""MultiPoint"",""coordinates"":[]}"
45_00000000000000000015,661.2171710082324,Patna,2018-10,"{""type"":""MultiPoint"",""coordinates"":[]}"
45_00000000000000000016,177.1833035708854,Shillong,2018-10,"{""type"":""MultiPoint"",""coordinates"":[]}"
45_00000000000000000017,745.8389064365136,Talcher,2018-10,"{""type"":""MultiPoint"",""coordinates"":[]}"
45_00000000000000000018,541.9363541795414,Thiruvananthapuram,2018-10,"{""type"":""MultiPoint"",""coordinates"":[]}"
45_00000000000000000019,731.5090888525269,Visakhapatnam,2018-10,"{""type"":""MultiPoint"",""coordinates"":[]}"
46_00000000000000000000,528.5603713637402,Ahmedabad,2018-11,"{""type"":""MultiPoint"",""coordinates"":[]}"
46_00000000000000000001,112.68926265161689,Aizawl,2018-11,"{""type"":""MultiPoint"",""coordinates"":[]}"
46_00000000000000000002,540.9665303943766,Amaravati,2018-11,"{""type"":""MultiPoint"",""coordinates"":[]}"
46_00000000000000000003,662.6363416791085,Amritsar,2018-11,"{""type"":""MultiPoint"",""coordinates"":[]}"
46_00000000000000000004,429.47855198997945,Bengaluru,2018-11,"{""type"":""MultiPoint"",""coordinates"":[]}"
46_00000000000000000005,528.6755198226061,Bhopal,2018-11,"{""type"":""MultiPoint"",""coordinates"":[]}"
46_00000000000000000006,606.790760401257,Brajrajnagar,2018-11,"{""type"":""MultiPoint"",""coordinates"":[]}"
46_00000000000000000007,441.10248433616505,Chandigarh,2018-11,"{""type"":""MultiPoint"",""coordinates"":[]}"
46_00000000000000000008,600.3084776536914,Chennai,2018-11,"{""type"":""MultiPoint"",""coordinates"":[]}"
46_00000000000000000009,583.6575430221596,Coimbatore,2018-11,"{""type"":""MultiPoint"",""coordinates"":[]}"
46_0000000000000000000a,804.4673917530365,Delhi,2018-11,"{""type"":""MultiPoint"",""coordinates"":[]}"
46_0000000000000000000b,661.3383294590518,Ernakulam,2018-11,"{""type"":""MultiPoint"",""coordinates"":[]}"
46_0000000000000000000c,762.5015440438528,Gurugram,2018-11,"{""type"":""MultiPoint"",""coordinates"":[]}"
46_0000000000000000000d,436.78300185643155,Guwahati,2018-11,"{""type"":""MultiPoint"",""coordinates"":[]}"
46_0000000000000000000e,568.5833440205898,Hyderabad,2018-11,"{""type"":""MultiPoint"",""coordinates"":[]}"
46_0000000000000000000f,510.49480920967255,Jaipur,2018-11,"{""type"":""MultiPoint"",""coordinates"":[]}"
46_00000000000000000010,763.0843913439777,Jorapokhar,2018-11,"{""type"":""MultiPoint"",""coordinates"":[]}"
46_00000000000000000011,655.5542869809311,Kochi,2018-11,"{""type"":""MultiPoint"",""coordinates"":[]}"
46_00000000000000000012,826.2149185857375,Kolkata,2018-11,"{""type"":""MultiPoint"",""coordinates"":[]}"
46_00000000000000000013,926.2690765221389,Lucknow,2018-11,"{""type"":""MultiPoint"",""coordinates"":[]}"
46_00000000000000000014,547.538999995684,Mumbai,2018-11,"{""type"":""MultiPoint"",""coordinates"":[]}"
46_00000000000000000015,994.4516197185742,Patna,2018-11,"{""type"":""MultiPoint"",""coordinates"":[]}"
46_00000000000000000016,116.7599801852294,Shillong,2018-11,"{""type"":""MultiPoint"",""coordinates"":[]}"
46_00000000000000000017,841.9773273156075,Talcher,2018-11,"{""type"":""MultiPoint"",""coordinates"":[]}"
46_00000000000000000018,625.4769040474232,Thiruvananthapuram,2018-11,"{""type"":""MultiPoint"",""coordinates"":[]}"
46_00000000000000000019,517.2499954501064,Visakhapatnam,2018-11,"{""type"":""MultiPoint"",""coordinates"":[]}"
47_00000000000000000000,454.93598691543406,Ahmedabad,2018-12,"{""type"":""MultiPoint"",""coordinates"":[]}"
47_00000000000000000001,68.85666533223413,Aizawl,2018-12,"{""type"":""MultiPoint"",""coordinates"":[]}"
47_00000000000000000002,856.9863340825035,Amaravati,2018-12,"{""type"":""MultiPoint"",""coordinates"":[]}"
47_00000000000000000003,568.8970842815654,Amritsar,2018-12,"{""type"":""MultiPoint"",""coordinates"":[]}"
47_00000000000000000004,572.5505449576879,Bengaluru,2018-12,"{""type"":""MultiPoint"",""coordinates"":[]}"
47_00000000000000000005,425.17840942443013,Bhopal,2018-12,"{""type"":""MultiPoint"",""coordinates"":[]}"
47_00000000000000000006,655.4359304367013,Brajrajnagar,2018-12,"{""type"":""MultiPoint"",""coordinates"":[]}"
47_00000000000000000007,342.77720927219315,Chandigarh,2018-12,"{""type"":""MultiPoint"",""coordinates"":[]}"
47_00000000000000000008,568.9617070001399,Chennai,2018-12,"{""type"":""MultiPoint"",""coordinates"":[]}"
47_00000000000000000009,829.4527660355322,Coimbatore,2018-12,"{""type"":""MultiPoint"",""coordinates"":[]}"
47_0000000000000000000a,640.1466411779079,Delhi,2018-12,"{""type"":""MultiPoint"",""coordinates"":[]}"
47_0000000000000000000b,724.607578576671,Ernakulam,2018-12,"{""type"":""MultiPoint"",""coordinates"":[]}"
47_0000000000000000000c,592.7982222531732,Gurugram,2018-12,"{""type"":""MultiPoint"",""coordinates"":[]}"
47_0000000000000000000d,339.2140623545666,Guwahati,2018-12,"{""type"":""MultiPoint"",""coordinates"":[]}"
47_0000000000000000000e,804.6539352757223,Hyderabad,2018-12,"{""type"":""MultiPoint"",""coordinates"":[]}"
47_0000000000000000000f,379.62956730676865,Jaipur,2018-12,"{""type"":""MultiPoint"",""coordinates"":[]}"
47_00000000000000000010,691.60603776257,Jorapokhar,2018-12,"{""type"":""MultiPoint"",""coordinates"":[]}"
47_00000000000000000011,679.848422741327,Kochi,2018-12,"{""type"":""MultiPoint"",""coordinates"":[]}"
47_00000000000000000012,810.6269737760508,Kolkata,2018-12,"{""type"":""MultiPoint"",""coordinates"":[]}"
47_00000000000000000013,769.3357812360802,Lucknow,2018-12,"{""type"":""MultiPoint"",""coordinates"":[]}"
47_00000000000000000014,465.2227290399735,Mumbai,2018-12,"{""type"":""MultiPoint"",""coordinates"":[]}"
47_00000000000000000015,913.562776209862,Patna,2018-12,"{""type"":""MultiPoint"",""coordinates"":[]}"
47_00000000000000000016,94.53977974027418,Shillong,2018-12,"{""type"":""MultiPoint"",""coordinates"":[]}"
47_00000000000000000017,869.1692801617293,Talcher,2018-12,"{""type"":""MultiPoint"",""coordinates"":[]}"
47_00000000000000000018,616.0105215854836,Thiruvananthapuram,2018-12,"{""type"":""MultiPoint"",""coordinates"":[]}"
47_00000000000000000019,739.9183424568014,Visakhapatnam,2018-12,"{""type"":""MultiPoint"",""coordinates"":[]}"
48_00000000000000000000,448.2216950962464,Ahmedabad,2019-01,"{""type"":""MultiPoint"",""coordinates"":[]}"
48_00000000000000000001,112.82492477350989,Aizawl,2019-01,"{""type"":""MultiPoint"",""coordinates"":[]}"
48_00000000000000000002,786.0013968859124,Amaravati,2019-01,"{""type"":""MultiPoint"",""coordinates"":[]}"
48_00000000000000000003,563.6988386841892,Amritsar,2019-01,"{""type"":""MultiPoint"",""coordinates"":[]}"
48_00000000000000000004,424.1611095352649,Bengaluru,2019-01,"{""type"":""MultiPoint"",""coordinates"":[]}"
48_00000000000000000005,400.60564550168044,Bhopal,2019-01,"{""type"":""MultiPoint"",""coordinates"":[]}"
48_00000000000000000006,549.1509309061838,Brajrajnagar,2019-01,"{""type"":""MultiPoint"",""coordinates"":[]}"
48_00000000000000000007,410.7636781540969,Chandigarh,2019-01,"{""type"":""MultiPoint"",""coordinates"":[]}"
48_00000000000000000008,526.0152532552836,Chennai,2019-01,"{""type"":""MultiPoint"",""coordinates"":[]}"
48_00000000000000000009,483.8266070857371,Coimbatore,2019-01,"{""type"":""MultiPoint"",""coordinates"":[]}"
48_0000000000000000000a,731.5677604615889,Delhi,2019-01,"{""type"":""MultiPoint"",""coordinates"":[]}"
48_0000000000000000000b,426.6855263002706,Ernakulam,2019-01,"{""type"":""MultiPoint"",""coordinates"":[]}"
48_0000000000000000000c,756.2964124112982,Gurugram,2019-01,"{""type"":""MultiPoint"",""coordinates"":[]}"
48_0000000000000000000d,473.67677470094776,Guwahati,2019-01,"{""type"":""MultiPoint"",""coordinates"":[]}"
48_0000000000000000000e,547.7600437399011,Hyderabad,2019-01,"{""type"":""MultiPoint"",""coordinates"":[]}"
48_0000000000000000000f,475.7866081175673,Jaipur,2019-01,"{""type"":""MultiPoint"",""coordinates"":[]}"
48_00000000000000000010,712.7285398055633,Jorapokhar,2019-01,"{""type"":""MultiPoint"",""coordinates"":[]}"
48_00000000000000000011,409.06069693250123,Kochi,2019-01,"{""type"":""MultiPoint"",""coordinates"":[]}"
48_00000000000000000012,790.2117671068025,Kolkata,2019-01,"{""type"":""MultiPoint"",""coordinates"":[]}"
48_00000000000000000013,835.2864338088075,Lucknow,2019-01,"{""type"":""MultiPoint"",""coordinates"":[]}"
48_00000000000000000014,494.4192113014356,Mumbai,2019-01,"{""type"":""MultiPoint"",""coordinates"":[]}"
48_00000000000000000015,1014.1902110199778,Patna,2019-01,"{""type"":""MultiPoint"",""coordinates"":[]}"
48_00000000000000000016,119.5690877264125,Shillong,2019-01,"{""type"":""MultiPoint"",""coordinates"":[]}"
48_00000000000000000017,937.8324787484529,Talcher,2019-01,"{""type"":""MultiPoint"",""coordinates"":[]}"
48_00000000000000000018,378.96093152781526,Thiruvananthapuram,2019-01,"{""type"":""MultiPoint"",""coordinates"":[]}"
48_00000000000000000019,790.2970781620578,Visakhapatnam,2019-01,"{""type"":""MultiPoint"",""coordinates"":[]}"
49_00000000000000000000,469.7189177423164,Ahmedabad,2019-02,"{""type"":""MultiPoint"",""coordinates"":[]}"
49_00000000000000000001,178.86293161721642,Aizawl,2019-02,"{""type"":""MultiPoint"",""coordinates"":[]}"
49_00000000000000000002,537.9276937068092,Amaravati,2019-02,"{""type"":""MultiPoint"",""coordinates"":[]}"
49_00000000000000000003,509.3440343517661,Amritsar,2019-02,"{""type"":""MultiPoint"",""coordinates"":[]}"
49_00000000000000000004,460.41486219579156,Bengaluru,2019-02,"{""type"":""MultiPoint"",""coordinates"":[]}"
49_00000000000000000005,497.1022013839858,Bhopal,2019-02,"{""type"":""MultiPoint"",""coordinates"":[]}"
49_00000000000000000006,585.3883470260237,Brajrajnagar,2019-02,"{""type"":""MultiPoint"",""coordinates"":[]}"
49_00000000000000000007,322.1686447948061,Chandigarh,2019-02,"{""type"":""MultiPoint"",""coordinates"":[]}"
49_00000000000000000008,441.9959327730054,Chennai,2019-02,"{""type"":""MultiPoint"",""coordinates"":[]}"
49_00000000000000000009,492.9819777818133,Coimbatore,2019-02,"{""type"":""MultiPoint"",""coordinates"":[]}"
49_0000000000000000000a,526.0915986301286,Delhi,2019-02,"{""type"":""MultiPoint"",""coordinates"":[]}"
49_0000000000000000000b,429.093279947886,Ernakulam,2019-02,"{""type"":""MultiPoint"",""coordinates"":[]}"
49_0000000000000000000c,523.4358158911108,Gurugram,2019-02,"{""type"":""MultiPoint"",""coordinates"":[]}"
49_0000000000000000000d,607.5734780795326,Guwahati,2019-02,"{""type"":""MultiPoint"",""coordinates"":[]}"
49_0000000000000000000e,623.5404564677376,Hyderabad,2019-02,"{""type"":""MultiPoint"",""coordinates"":[]}"
49_0000000000000000000f,534.1901744797941,Jaipur,2019-02,"{""type"":""MultiPoint"",""coordinates"":[]}"
49_00000000000000000010,475.62803013385366,Jorapokhar,2019-02,"{""type"":""MultiPoint"",""coordinates"":[]}"
49_00000000000000000011,412.3494273305104,Kochi,2019-02,"{""type"":""MultiPoint"",""coordinates"":[]}"
49_00000000000000000012,665.2399176028866,Kolkata,2019-02,"{""type"":""MultiPoint"",""coordinates"":[]}"
49_00000000000000000013,713.8139827573452,Lucknow,2019-02,"{""type"":""MultiPoint"",""coordinates"":[]}"
49_00000000000000000014,482.22002464203206,Mumbai,2019-02,"{""type"":""MultiPoint"",""coordinates"":[]}"
49_00000000000000000015,687.1654963169993,Patna,2019-02,"{""type"":""MultiPoint"",""coordinates"":[]}"
49_00000000000000000016,172.19703395718025,Shillong,2019-02,"{""type"":""MultiPoint"",""coordinates"":[]}"
49_00000000000000000017,667.9681182584685,Talcher,2019-02,"{""type"":""MultiPoint"",""coordinates"":[]}"
49_00000000000000000018,394.6844252122149,Thiruvananthapuram,2019-02,"{""type"":""MultiPoint"",""coordinates"":[]}"
49_00000000000000000019,559.9670732044544,Visakhapatnam,2019-02,"{""type"":""MultiPoint"",""coordinates"":[]}"
50_00000000000000000000,485.2760333154675,Ahmedabad,2019-03,"{""type"":""MultiPoint"",""coordinates"":[]}"
50_00000000000000000001,352.24597366802055,Aizawl,2019-03,"{""type"":""MultiPoint"",""coordinates"":[]}"
50_00000000000000000002,632.73462788189,Amaravati,2019-03,"{""type"":""MultiPoint"",""coordinates"":[]}"
50_00000000000000000003,408.24377283250215,Amritsar,2019-03,"{""type"":""MultiPoint"",""coordinates"":[]}"
50_00000000000000000004,589.8428593338613,Bengaluru,2019-03,"{""type"":""MultiPoint"",""coordinates"":[]}"
50_00000000000000000005,473.37341892502747,Bhopal,2019-03,"{""type"":""MultiPoint"",""coordinates"":[]}"
50_00000000000000000006,740.5019135670312,Brajrajnagar,2019-03,"{""type"":""MultiPoint"",""coordinates"":[]}"
50_00000000000000000007,292.01917653946595,Chandigarh,2019-03,"{""type"":""MultiPoint"",""coordinates"":[]}"
50_00000000000000000008,510.68619239036246,Chennai,2019-03,"{""type"":""MultiPoint"",""coordinates"":[]}"
50_00000000000000000009,589.2491479420082,Coimbatore,2019-03,"{""type"":""MultiPoint"",""coordinates"":[]}"
50_0000000000000000000a,367.19999162422255,Delhi,2019-03,"{""type"":""MultiPoint"",""coordinates"":[]}"
50_0000000000000000000b,637.7550994539187,Ernakulam,2019-03,"{""type"":""MultiPoint"",""coordinates"":[]}"
50_0000000000000000000c,396.4865941544982,Gurugram,2019-03,"{""type"":""MultiPoint"",""coordinates"":[]}"
50_0000000000000000000d,694.9308473220289,Guwahati,2019-03,"{""type"":""MultiPoint"",""coordinates"":[]}"
50_0000000000000000000e,615.4904232552286,Hyderabad,2019-03,"{""type"":""MultiPoint"",""coordinates"":[]}"
50_0000000000000000000f,443.89072576892613,Jaipur,2019-03,"{""type"":""MultiPoint"",""coordinates"":[]}"
50_00000000000000000010,584.0308543284397,Jorapokhar,2019-03,"{""type"":""MultiPoint"",""coordinates"":[]}"
50_00000000000000000011,626.7238010874254,Kochi,2019-03,"{""type"":""MultiPoint"",""coordinates"":[]}"
50_00000000000000000012,662.890610335751,Kolkata,2019-03,"{""type"":""MultiPoint"",""coordinates"":[]}"
50_00000000000000000013,486.65138087420036,Lucknow,2019-03,"{""type"":""MultiPoint"",""coordinates"":[]}"
50_00000000000000000014,469.15334044332894,Mumbai,2019-03,"{""type"":""MultiPoint"",""coordinates"":[]}"
50_00000000000000000015,495.20408930017254,Patna,2019-03,"{""type"":""MultiPoint"",""coordinates"":[]}"
50_00000000000000000016,217.8173510418597,Shillong,2019-03,"{""type"":""MultiPoint"",""coordinates"":[]}"
50_00000000000000000017,873.4777962057685,Talcher,2019-03,"{""type"":""MultiPoint"",""coordinates"":[]}"
50_00000000000000000018,530.4329307190666,Thiruvananthapuram,2019-03,"{""type"":""MultiPoint"",""coordinates"":[]}"
50_00000000000000000019,680.5469975166901,Visakhapatnam,2019-03,"{""type"":""MultiPoint"",""coordinates"":[]}"
51_00000000000000000000,516.9640456937926,Ahmedabad,2019-04,"{""type"":""MultiPoint"",""coordinates"":[]}"
51_00000000000000000001,496.21150815160786,Aizawl,2019-04,"{""type"":""MultiPoint"",""coordinates"":[]}"
51_00000000000000000002,654.8294402106626,Amaravati,2019-04,"{""type"":""MultiPoint"",""coordinates"":[]}"
51_00000000000000000003,483.45745205796186,Amritsar,2019-04,"{""type"":""MultiPoint"",""coordinates"":[]}"
51_00000000000000000004,663.7864599828889,Bengaluru,2019-04,"{""type"":""MultiPoint"",""coordinates"":[]}"
51_00000000000000000005,490.2342550078682,Bhopal,2019-04,"{""type"":""MultiPoint"",""coordinates"":[]}"
51_00000000000000000006,763.939525300102,Brajrajnagar,2019-04,"{""type"":""MultiPoint"",""coordinates"":[]}"
51_00000000000000000007,362.35546882943834,Chandigarh,2019-04,"{""type"":""MultiPoint"",""coordinates"":[]}"
51_00000000000000000008,510.40464928287065,Chennai,2019-04,"{""type"":""MultiPoint"",""coordinates"":[]}"
51_00000000000000000009,617.9108140066771,Coimbatore,2019-04,"{""type"":""MultiPoint"",""coordinates"":[]}"
51_0000000000000000000a,439.14222358473467,Delhi,2019-04,"{""type"":""MultiPoint"",""coordinates"":[]}"
51_0000000000000000000b,659.1639046782692,Ernakulam,2019-04,"{""type"":""MultiPoint"",""coordinates"":[]}"
51_0000000000000000000c,445.3945506409359,Gurugram,2019-04,"{""type"":""MultiPoint"",""coordinates"":[]}"
51_0000000000000000000d,514.6476315546425,Guwahati,2019-04,"{""type"":""MultiPoint"",""coordinates"":[]}"
51_0000000000000000000e,675.0481084629247,Hyderabad,2019-04,"{""type"":""MultiPoint"",""coordinates"":[]}"
51_0000000000000000000f,547.8745084297293,Jaipur,2019-04,"{""type"":""MultiPoint"",""coordinates"":[]}"
51_00000000000000000010,631.5823740888176,Jorapokhar,2019-04,"{""type"":""MultiPoint"",""coordinates"":[]}"
51_00000000000000000011,621.0202253543779,Kochi,2019-04,"{""type"":""MultiPoint"",""coordinates"":[]}"
51_00000000000000000012,764.5337167290395,Kolkata,2019-04,"{""type"":""MultiPoint"",""coordinates"":[]}"
51_00000000000000000013,608.9320298840374,Lucknow,2019-04,"{""type"":""MultiPoint"",""coordinates"":[]}"
51_00000000000000000014,478.8634916821139,Mumbai,2019-04,"{""type"":""MultiPoint"",""coordinates"":[]}"
51_00000000000000000015,592.2008393210798,Patna,2019-04,"{""type"":""MultiPoint"",""coordinates"":[]}"
51_00000000000000000016,371.3773220634503,Shillong,2019-04,"{""type"":""MultiPoint"",""coordinates"":[]}"
51_00000000000000000017,848.310186217581,Talcher,2019-04,"{""type"":""MultiPoint"",""coordinates"":[]}"
51_00000000000000000018,592.9556035014825,Thiruvananthapuram,2019-04,"{""type"":""MultiPoint"",""coordinates"":[]}"
51_00000000000000000019,682.7408975662804,Visakhapatnam,2019-04,"{""type"":""MultiPoint"",""coordinates"":[]}"
52_00000000000000000000,693.5100617786267,Ahmedabad,2019-05,"{""type"":""MultiPoint"",""coordinates"":[]}"
52_00000000000000000001,387.471366156942,Aizawl,2019-05,"{""type"":""MultiPoint"",""coordinates"":[]}"
52_00000000000000000002,914.4221069780152,Amaravati,2019-05,"{""type"":""MultiPoint"",""coordinates"":[]}"
52_00000000000000000003,486.8990066118448,Amritsar,2019-05,"{""type"":""MultiPoint"",""coordinates"":[]}"
52_00000000000000000004,888.1769429482249,Bengaluru,2019-05,"{""type"":""MultiPoint"",""coordinates"":[]}"
52_00000000000000000005,567.644615164611,Bhopal,2019-05,"{""type"":""MultiPoint"",""coordinates"":[]}"
52_00000000000000000006,715.7261818831151,Brajrajnagar,2019-05,"{""type"":""MultiPoint"",""coordinates"":[]}"
52_00000000000000000007,344.0494488741965,Chandigarh,2019-05,"{""type"":""MultiPoint"",""coordinates"":[]}"
52_00000000000000000008,757.0972999549141,Chennai,2019-05,"{""type"":""MultiPoint"",""coordinates"":[]}"
52_00000000000000000009,830.3112304242464,Coimbatore,2019-05,"{""type"":""MultiPoint"",""coordinates"":[]}"
52_0000000000000000000a,468.4429306891233,Delhi,2019-05,"{""type"":""MultiPoint"",""coordinates"":[]}"
52_0000000000000000000b,777.0353978494337,Ernakulam,2019-05,"{""type"":""MultiPoint"",""coordinates"":[]}"
52_0000000000000000000c,475.1238266958271,Gurugram,2019-05,"{""type"":""MultiPoint"",""coordinates"":[]}"
52_0000000000000000000d,777.9726583361108,Guwahati,2019-05,"{""type"":""MultiPoint"",""coordinates"":[]}"
52_0000000000000000000e,767.1475653224957,Hyderabad,2019-05,"{""type"":""MultiPoint"",""coordinates"":[]}"
52_0000000000000000000f,713.8550971275779,Jaipur,2019-05,"{""type"":""MultiPoint"",""coordinates"":[]}"
52_00000000000000000010,631.8934421169496,Jorapokhar,2019-05,"{""type"":""MultiPoint"",""coordinates"":[]}"
52_00000000000000000011,738.4423223865618,Kochi,2019-05,"{""type"":""MultiPoint"",""coordinates"":[]}"
52_00000000000000000012,755.7169634320388,Kolkata,2019-05,"{""type"":""MultiPoint"",""coordinates"":[]}"
52_00000000000000000013,574.8475609276937,Lucknow,2019-05,"{""type"":""MultiPoint"",""coordinates"":[]}"
52_00000000000000000014,489.9110757346938,Mumbai,2019-05,"{""type"":""MultiPoint"",""coordinates"":[]}"
52_00000000000000000015,660.93289378186,Patna,2019-05,"{""type"":""MultiPoint"",""coordinates"":[]}"
52_00000000000000000016,370.2404978249959,Shillong,2019-05,"{""type"":""MultiPoint"",""coordinates"":[]}"
52_00000000000000000017,860.7151160977857,Talcher,2019-05,"{""type"":""MultiPoint"",""coordinates"":[]}"
52_00000000000000000018,745.0821701673874,Thiruvananthapuram,2019-05,"{""type"":""MultiPoint"",""coordinates"":[]}"
52_00000000000000000019,924.5938738544195,Visakhapatnam,2019-05,"{""type"":""MultiPoint"",""coordinates"":[]}"
53_00000000000000000000,718.8241750630596,Ahmedabad,2019-06,"{""type"":""MultiPoint"",""coordinates"":[]}"
53_00000000000000000001,306.2487733071639,Aizawl,2019-06,"{""type"":""MultiPoint"",""coordinates"":[]}"
53_00000000000000000002,749.4667588711212,Amaravati,2019-06,"{""type"":""MultiPoint"",""coordinates"":[]}"
53_00000000000000000003,697.2295981087931,Amritsar,2019-06,"{""type"":""MultiPoint"",""coordinates"":[]}"
53_00000000000000000004,707.8290157284177,Bengaluru,2019-06,"{""type"":""MultiPoint"",""coordinates"":[]}"
53_00000000000000000005,793.0512894288152,Bhopal,2019-06,"{""type"":""MultiPoint"",""coordinates"":[]}"
53_00000000000000000006,894.2817321307468,Brajrajnagar,2019-06,"{""type"":""MultiPoint"",""coordinates"":[]}"
53_00000000000000000007,503.06558978277496,Chandigarh,2019-06,"{""type"":""MultiPoint"",""coordinates"":[]}"
53_00000000000000000008,496.80664078874196,Chennai,2019-06,"{""type"":""MultiPoint"",""coordinates"":[]}"
53_00000000000000000009,515.5360977579903,Coimbatore,2019-06,"{""type"":""MultiPoint"",""coordinates"":[]}"
53_0000000000000000000a,561.2876055482016,Delhi,2019-06,"{""type"":""MultiPoint"",""coordinates"":[]}"
53_0000000000000000000b,412.9930925597,Ernakulam,2019-06,"{""type"":""MultiPoint"",""coordinates"":[]}"
53_0000000000000000000c,528.5118825889749,Gurugram,2019-06,"{""type"":""MultiPoint"",""coordinates"":[]}"
53_0000000000000000000d,326.0157696077345,Guwahati,2019-06,"{""type"":""MultiPoint"",""coordinates"":[]}"
53_0000000000000000000e,653.9092711407833,Hyderabad,2019-06,"{""type"":""MultiPoint"",""coordinates"":[]}"
53_0000000000000000000f,732.5974040587774,Jaipur,2019-06,"{""type"":""MultiPoint"",""coordinates"":[]}"
53_00000000000000000010,806.8084875372451,Jorapokhar,2019-06,"{""type"":""MultiPoint"",""coordinates"":[]}"
53_00000000000000000011,412.19491895637503,Kochi,2019-06,"{""type"":""MultiPoint"",""coordinates"":[]}"
53_00000000000000000012,768.3064887274085,Kolkata,2019-06,"{""type"":""MultiPoint"",""coordinates"":[]}"
53_00000000000000000013,729.6733241048362,Lucknow,2019-06,"{""type"":""MultiPoint"",""coordinates"":[]}"
53_00000000000000000014,918.2823561317867,Mumbai,2019-06,"{""type"":""MultiPoint"",""coordinates"":[]}"
53_00000000000000000015,1067.9637432230325,Patna,2019-06,"{""type"":""MultiPoint"",""coordinates"":[]}"
53_00000000000000000016,379.78798650988966,Shillong,2019-06,"{""type"":""MultiPoint"",""coordinates"":[]}"
53_00000000000000000017,867.4755563143218,Talcher,2019-06,"{""type"":""MultiPoint"",""coordinates"":[]}"
53_00000000000000000018,433.9107408509373,Thiruvananthapuram,2019-06,"{""type"":""MultiPoint"",""coordinates"":[]}"
53_00000000000000000019,915.0457739057042,Visakhapatnam,2019-06,"{""type"":""MultiPoint"",""coordinates"":[]}"
54_00000000000000000000,,Ahmedabad,2019-07,"{""type"":""MultiPoint"",""coordinates"":[]}"
54_00000000000000000001,151.3232120352867,Aizawl,2019-07,"{""type"":""MultiPoint"",""coordinates"":[]}"
54_00000000000000000002,622.3489069867124,Amaravati,2019-07,"{""type"":""MultiPoint"",""coordinates"":[]}"
54_00000000000000000003,1145.9987627736778,Amritsar,2019-07,"{""type"":""MultiPoint"",""coordinates"":[]}"
54_00000000000000000004,454.29104477611935,Bengaluru,2019-07,"{""type"":""MultiPoint"",""coordinates"":[]}"
54_00000000000000000005,,Bhopal,2019-07,"{""type"":""MultiPoint"",""coordinates"":[]}"
54_00000000000000000006,805.2743792921286,Brajrajnagar,2019-07,"{""type"":""MultiPoint"",""coordinates"":[]}"
54_00000000000000000007,875.2079273042436,Chandigarh,2019-07,"{""type"":""MultiPoint"",""coordinates"":[]}"
54_00000000000000000008,502.9215902861528,Chennai,2019-07,"{""type"":""MultiPoint"",""coordinates"":[]}"
54_00000000000000000009,363.27257425742596,Coimbatore,2019-07,"{""type"":""MultiPoint"",""coordinates"":[]}"
54_0000000000000000000a,1575.2930446077999,Delhi,2019-07,"{""type"":""MultiPoint"",""coordinates"":[]}"
54_0000000000000000000b,384.7536287694767,Ernakulam,2019-07,"{""type"":""MultiPoint"",""coordinates"":[]}"
54_0000000000000000000c,1727.270840168476,Gurugram,2019-07,"{""type"":""MultiPoint"",""coordinates"":[]}"
54_0000000000000000000d,549.9224568355505,Guwahati,2019-07,"{""type"":""MultiPoint"",""coordinates"":[]}"
54_0000000000000000000e,676.5808423913044,Hyderabad,2019-07,"{""type"":""MultiPoint"",""coordinates"":[]}"
54_0000000000000000000f,,Jaipur,2019-07,"{""type"":""MultiPoint"",""coordinates"":[]}"
54_00000000000000000010,,Jorapokhar,2019-07,"{""type"":""MultiPoint"",""coordinates"":[]}"
54_00000000000000000011,342.4277750041605,Kochi,2019-07,"{""type"":""MultiPoint"",""coordinates"":[]}"
54_00000000000000000012,,Kolkata,2019-07,"{""type"":""MultiPoint"",""coordinates"":[]}"
54_00000000000000000013,1534.5447698036558,Lucknow,2019-07,"{""type"":""MultiPoint"",""coordinates"":[]}"
54_00000000000000000014,,Mumbai,2019-07,"{""type"":""MultiPoint"",""coordinates"":[]}"
54_00000000000000000015,,Patna,2019-07,"{""type"":""MultiPoint"",""coordinates"":[]}"
54_00000000000000000016,191.22871923498977,Shillong,2019-07,"{""type"":""MultiPoint"",""coordinates"":[]}"
54_00000000000000000017,1217.9271876632372,Talcher,2019-07,"{""type"":""MultiPoint"",""coordinates"":[]}"
54_00000000000000000018,415.01999374518863,Thiruvananthapuram,2019-07,"{""type"":""MultiPoint"",""coordinates"":[]}"
54_00000000000000000019,468.1887390635516,Visakhapatnam,2019-07,"{""type"":""MultiPoint"",""coordinates"":[]}"
55_00000000000000000000,,Ahmedabad,2019-08,"{""type"":""MultiPoint"",""coordinates"":[]}"
55_00000000000000000001,221.1964080840174,Aizawl,2019-08,"{""type"":""MultiPoint"",""coordinates"":[]}"
55_00000000000000000002,441.12050939399336,Amaravati,2019-08,"{""type"":""MultiPoint"",""coordinates"":[]}"
55_00000000000000000003,533.8573301778132,Amritsar,2019-08,"{""type"":""MultiPoint"",""coordinates"":[]}"
55_00000000000000000004,,Bengaluru,2019-08,"{""type"":""MultiPoint"",""coordinates"":[]}"
55_00000000000000000005,,Bhopal,2019-08,"{""type"":""MultiPoint"",""coordinates"":[]}"
55_00000000000000000006,,Brajrajnagar,2019-08,"{""type"":""MultiPoint"",""coordinates"":[]}"
55_00000000000000000007,453.2099283763447,Chandigarh,2019-08,"{""type"":""MultiPoint"",""coordinates"":[]}"
55_00000000000000000008,463.9835964555882,Chennai,2019-08,"{""type"":""MultiPoint"",""coordinates"":[]}"
55_00000000000000000009,556.9931377765954,Coimbatore,2019-08,"{""type"":""MultiPoint"",""coordinates"":[]}"
55_0000000000000000000a,367.6725,Delhi,2019-08,"{""type"":""MultiPoint"",""coordinates"":[]}"
55_0000000000000000000b,467.0219665271967,Ernakulam,2019-08,"{""type"":""MultiPoint"",""coordinates"":[]}"
55_0000000000000000000c,606.0918860178701,Gurugram,2019-08,"{""type"":""MultiPoint"",""coordinates"":[]}"
55_0000000000000000000d,209.35862755671707,Guwahati,2019-08,"{""type"":""MultiPoint"",""coordinates"":[]}"
55_0000000000000000000e,427.41005589746476,Hyderabad,2019-08,"{""type"":""MultiPoint"",""coordinates"":[]}"
55_0000000000000000000f,587.8862976180594,Jaipur,2019-08,"{""type"":""MultiPoint"",""coordinates"":[]}"
55_00000000000000000010,,Jorapokhar,2019-08,"{""type"":""MultiPoint"",""coordinates"":[]}"
55_00000000000000000011,345.9188445667125,Kochi,2019-08,"{""type"":""MultiPoint"",""coordinates"":[]}"
55_00000000000000000012,,Kolkata,2019-08,"{""type"":""MultiPoint"",""coordinates"":[]}"
55_00000000000000000013,400.00539665407445,Lucknow,2019-08,"{""type"":""MultiPoint"",""coordinates"":[]}"
55_00000000000000000014,546.3760959630021,Mumbai,2019-08,"{""type"":""MultiPoint"",""coordinates"":[]}"
55_00000000000000000015,402.2675367047308,Patna,2019-08,"{""type"":""MultiPoint"",""coordinates"":[]}"
55_00000000000000000016,134.50543062984391,Shillong,2019-08,"{""type"":""MultiPoint"",""coordinates"":[]}"
55_00000000000000000017,1130.2841603053434,Talcher,2019-08,"{""type"":""MultiPoint"",""coordinates"":[]}"
55_00000000000000000018,463.05702335597147,Thiruvananthapuram,2019-08,"{""type"":""MultiPoint"",""coordinates"":[]}"
55_00000000000000000019,550.4156431961637,Visakhapatnam,2019-08,"{""type"":""MultiPoint"",""coordinates"":[]}"
56_00000000000000000000,,Ahmedabad,2019-09,"{""type"":""MultiPoint"",""coordinates"":[]}"
56_00000000000000000001,114.93858429715301,Aizawl,2019-09,"{""type"":""MultiPoint"",""coordinates"":[]}"
56_00000000000000000002,372.7070567986231,Amaravati,2019-09,"{""type"":""MultiPoint"",""coordinates"":[]}"
56_00000000000000000003,912.1552424280075,Amritsar,2019-09,"{""type"":""MultiPoint"",""coordinates"":[]}"
56_00000000000000000004,,Bengaluru,2019-09,"{""type"":""MultiPoint"",""coordinates"":[]}"
56_00000000000000000005,,Bhopal,2019-09,"{""type"":""MultiPoint"",""coordinates"":[]}"
56_00000000000000000006,393.6834759710336,Brajrajnagar,2019-09,"{""type"":""MultiPoint"",""coordinates"":[]}"
56_00000000000000000007,655.6893286533843,Chandigarh,2019-09,"{""type"":""MultiPoint"",""coordinates"":[]}"
56_00000000000000000008,413.639374853527,Chennai,2019-09,"{""type"":""MultiPoint"",""coordinates"":[]}"
56_00000000000000000009,584.55137574483,Coimbatore,2019-09,"{""type"":""MultiPoint"",""coordinates"":[]}"
56_0000000000000000000a,746.191745638119,Delhi,2019-09,"{""type"":""MultiPoint"",""coordinates"":[]}"
56_0000000000000000000b,415.9298813551968,Ernakulam,2019-09,"{""type"":""MultiPoint"",""coordinates"":[]}"
56_0000000000000000000c,717.9646419862557,Gurugram,2019-09,"{""type"":""MultiPoint"",""coordinates"":[]}"
56_0000000000000000000d,303.66764421314974,Guwahati,2019-09,"{""type"":""MultiPoint"",""coordinates"":[]}"
56_0000000000000000000e,,Hyderabad,2019-09,"{""type"":""MultiPoint"",""coordinates"":[]}"
56_0000000000000000000f,697.4090024038461,Jaipur,2019-09,"{""type"":""MultiPoint"",""coordinates"":[]}"
56_00000000000000000010,525.2130442996125,Jorapokhar,2019-09,"{""type"":""MultiPoint"",""coordinates"":[]}"
56_00000000000000000011,380.83394920149516,Kochi,2019-09,"{""type"":""MultiPoint"",""coordinates"":[]}"
56_00000000000000000012,246.36507275174665,Kolkata,2019-09,"{""type"":""MultiPoint"",""coordinates"":[]}"
56_00000000000000000013,338.30696202531647,Lucknow,2019-09,"{""type"":""MultiPoint"",""coordinates"":[]}"
56_00000000000000000014,455.6493506493507,Mumbai,2019-09,"{""type"":""MultiPoint"",""coordinates"":[]}"
56_00000000000000000015,,Patna,2019-09,"{""type"":""MultiPoint"",""coordinates"":[]}"
56_00000000000000000016,238.2710808580858,Shillong,2019-09,"{""type"":""MultiPoint"",""coordinates"":[]}"
56_00000000000000000017,908.6314072693383,Talcher,2019-09,"{""type"":""MultiPoint"",""coordinates"":[]}"
56_00000000000000000018,428.39085442731084,Thiruvananthapuram,2019-09,"{""type"":""MultiPoint"",""coordinates"":[]}"
56_00000000000000000019,375.01037664170207,Visakhapatnam,2019-09,"{""type"":""MultiPoint"",""coordinates"":[]}"
57_00000000000000000000,601.097455097348,Ahmedabad,2019-10,"{""type"":""MultiPoint"",""coordinates"":[]}"
57_00000000000000000001,181.17324216945389,Aizawl,2019-10,"{""type"":""MultiPoint"",""coordinates"":[]}"
57_00000000000000000002,393.0995570960908,Amaravati,2019-10,"{""type"":""MultiPoint"",""coordinates"":[]}"
57_00000000000000000003,862.9132511978883,Amritsar,2019-10,"{""type"":""MultiPoint"",""coordinates"":[]}"
57_00000000000000000004,280.2139171458058,Bengaluru,2019-10,"{""type"":""MultiPoint"",""coordinates"":[]}"
57_00000000000000000005,474.72734644432876,Bhopal,2019-10,"{""type"":""MultiPoint"",""coordinates"":[]}"
57_00000000000000000006,776.8420357711394,Brajrajnagar,2019-10,"{""type"":""MultiPoint"",""coordinates"":[]}"
57_00000000000000000007,689.8167981766316,Chandigarh,2019-10,"{""type"":""MultiPoint"",""coordinates"":[]}"
57_00000000000000000008,484.78433120201515,Chennai,2019-10,"{""type"":""MultiPoint"",""coordinates"":[]}"
57_00000000000000000009,416.2387960193168,Coimbatore,2019-10,"{""type"":""MultiPoint"",""coordinates"":[]}"
57_0000000000000000000a,960.3088505049116,Delhi,2019-10,"{""type"":""MultiPoint"",""coordinates"":[]}"
57_0000000000000000000b,362.058875408966,Ernakulam,2019-10,"{""type"":""MultiPoint"",""coordinates"":[]}"
57_0000000000000000000c,780.7745666025676,Gurugram,2019-10,"{""type"":""MultiPoint"",""coordinates"":[]}"
57_0000000000000000000d,446.2325034878607,Guwahati,2019-10,"{""type"":""MultiPoint"",""coordinates"":[]}"
57_0000000000000000000e,931.67104,Hyderabad,2019-10,"{""type"":""MultiPoint"",""coordinates"":[]}"
57_0000000000000000000f,552.7898454234369,Jaipur,2019-10,"{""type"":""MultiPoint"",""coordinates"":[]}"
57_00000000000000000010,820.3073017588891,Jorapokhar,2019-10,"{""type"":""MultiPoint"",""coordinates"":[]}"
57_00000000000000000011,324.0019975812796,Kochi,2019-10,"{""type"":""MultiPoint"",""coordinates"":[]}"
57_00000000000000000012,768.932177016512,Kolkata,2019-10,"{""type"":""MultiPoint"",""coordinates"":[]}"
57_00000000000000000013,1001.7098092578069,Lucknow,2019-10,"{""type"":""MultiPoint"",""coordinates"":[]}"
57_00000000000000000014,668.421385671804,Mumbai,2019-10,"{""type"":""MultiPoint"",""coordinates"":[]}"
57_00000000000000000015,1388.7700188992542,Patna,2019-10,"{""type"":""MultiPoint"",""coordinates"":[]}"
57_00000000000000000016,188.70041719928733,Shillong,2019-10,"{""type"":""MultiPoint"",""coordinates"":[]}"
57_00000000000000000017,804.7590234736213,Talcher,2019-10,"{""type"":""MultiPoint"",""coordinates"":[]}"
57_00000000000000000018,343.3529583437267,Thiruvananthapuram,2019-10,"{""type"":""MultiPoint"",""coordinates"":[]}"
57_00000000000000000019,529.1125004004484,Visakhapatnam,2019-10,"{""type"":""MultiPoint"",""coordinates"":[]}"
58_00000000000000000000,1019.4864694877729,Ahmedabad,2019-11,"{""type"":""MultiPoint"",""coordinates"":[]}"
58_00000000000000000001,51.861319326514796,Aizawl,2019-11,"{""type"":""MultiPoint"",""coordinates"":[]}"
58_00000000000000000002,609.614542163679,Amaravati,2019-11,"{""type"":""MultiPoint"",""coordinates"":[]}"
58_00000000000000000003,538.2966595604345,Amritsar,2019-11,"{""type"":""MultiPoint"",""coordinates"":[]}"
58_00000000000000000004,394.85475685400894,Bengaluru,2019-11,"{""type"":""MultiPoint"",""coordinates"":[]}"
58_00000000000000000005,600.2975643023576,Bhopal,2019-11,"{""type"":""MultiPoint"",""coordinates"":[]}"
58_00000000000000000006,623.329611516098,Brajrajnagar,2019-11,"{""type"":""MultiPoint"",""coordinates"":[]}"
58_00000000000000000007,376.8219918915878,Chandigarh,2019-11,"{""type"":""MultiPoint"",""coordinates"":[]}"
58_00000000000000000008,757.6422853550505,Chennai,2019-11,"{""type"":""MultiPoint"",""coordinates"":[]}"
58_00000000000000000009,540.4732986798682,Coimbatore,2019-11,"{""type"":""MultiPoint"",""coordinates"":[]}"
58_0000000000000000000a,1093.1112571511178,Delhi,2019-11,"{""type"":""MultiPoint"",""coordinates"":[]}"
58_0000000000000000000b,458.33516475080404,Ernakulam,2019-11,"{""type"":""MultiPoint"",""coordinates"":[]}"
58_0000000000000000000c,1141.919732875565,Gurugram,2019-11,"{""type"":""MultiPoint"",""coordinates"":[]}"
58_0000000000000000000d,327.9572523923287,Guwahati,2019-11,"{""type"":""MultiPoint"",""coordinates"":[]}"
58_0000000000000000000e,660.4412709835617,Hyderabad,2019-11,"{""type"":""MultiPoint"",""coordinates"":[]}"
58_0000000000000000000f,996.5971865712505,Jaipur,2019-11,"{""type"":""MultiPoint"",""coordinates"":[]}"
58_00000000000000000010,936.2428308231259,Jorapokhar,2019-11,"{""type"":""MultiPoint"",""coordinates"":[]}"
58_00000000000000000011,457.3246016798654,Kochi,2019-11,"{""type"":""MultiPoint"",""coordinates"":[]}"
58_00000000000000000012,805.2323845404007,Kolkata,2019-11,"{""type"":""MultiPoint"",""coordinates"":[]}"
58_00000000000000000013,1082.4294180532966,Lucknow,2019-11,"{""type"":""MultiPoint"",""coordinates"":[]}"
58_00000000000000000014,682.7336815524832,Mumbai,2019-11,"{""type"":""MultiPoint"",""coordinates"":[]}"
58_00000000000000000015,1062.0802430064723,Patna,2019-11,"{""type"":""MultiPoint"",""coordinates"":[]}"
58_00000000000000000016,77.90666871678616,Shillong,2019-11,"{""type"":""MultiPoint"",""coordinates"":[]}"
58_00000000000000000017,920.910109386938,Talcher,2019-11,"{""type"":""MultiPoint"",""coordinates"":[]}"
58_00000000000000000018,403.8469232268522,Thiruvananthapuram,2019-11,"{""type"":""MultiPoint"",""coordinates"":[]}"
58_00000000000000000019,613.9837846965447,Visakhapatnam,2019-11,"{""type"":""MultiPoint"",""coordinates"":[]}"
59_00000000000000000000,671.3162830400041,Ahmedabad,2019-12,"{""type"":""MultiPoint"",""coordinates"":[]}"
59_00000000000000000001,127.37830017471852,Aizawl,2019-12,"{""type"":""MultiPoint"",""coordinates"":[]}"
59_00000000000000000002,654.8462856436867,Amaravati,2019-12,"{""type"":""MultiPoint"",""coordinates"":[]}"
59_00000000000000000003,442.13881285297936,Amritsar,2019-12,"{""type"":""MultiPoint"",""coordinates"":[]}"
59_00000000000000000004,441.17543684140344,Bengaluru,2019-12,"{""type"":""MultiPoint"",""coordinates"":[]}"
59_00000000000000000005,527.9086477846311,Bhopal,2019-12,"{""type"":""MultiPoint"",""coordinates"":[]}"
59_00000000000000000006,614.2915461473787,Brajrajnagar,2019-12,"{""type"":""MultiPoint"",""coordinates"":[]}"
59_00000000000000000007,325.5344817036182,Chandigarh,2019-12,"{""type"":""MultiPoint"",""coordinates"":[]}"
59_00000000000000000008,425.14129424057495,Chennai,2019-12,"{""type"":""MultiPoint"",""coordinates"":[]}"
59_00000000000000000009,408.7954634173544,Coimbatore,2019-12,"{""type"":""MultiPoint"",""coordinates"":[]}"
59_0000000000000000000a,949.1046036112693,Delhi,2019-12,"{""type"":""MultiPoint"",""coordinates"":[]}"
59_0000000000000000000b,450.16610393971473,Ernakulam,2019-12,"{""type"":""MultiPoint"",""coordinates"":[]}"
59_0000000000000000000c,832.2244435897268,Gurugram,2019-12,"{""type"":""MultiPoint"",""coordinates"":[]}"
59_0000000000000000000d,364.4456581544416,Guwahati,2019-12,"{""type"":""MultiPoint"",""coordinates"":[]}"
59_0000000000000000000e,780.3900795217138,Hyderabad,2019-12,"{""type"":""MultiPoint"",""coordinates"":[]}"
59_0000000000000000000f,499.6470692487759,Jaipur,2019-12,"{""type"":""MultiPoint"",""coordinates"":[]}"
59_00000000000000000010,721.1470123206191,Jorapokhar,2019-12,"{""type"":""MultiPoint"",""coordinates"":[]}"
59_00000000000000000011,445.8590383400083,Kochi,2019-12,"{""type"":""MultiPoint"",""coordinates"":[]}"
59_00000000000000000012,952.1199171808643,Kolkata,2019-12,"{""type"":""MultiPoint"",""coordinates"":[]}"
59_00000000000000000013,1146.8363931111364,Lucknow,2019-12,"{""type"":""MultiPoint"",""coordinates"":[]}"
59_00000000000000000014,680.4104992426212,Mumbai,2019-12,"{""type"":""MultiPoint"",""coordinates"":[]}"
59_00000000000000000015,1138.5922132350647,Patna,2019-12,"{""type"":""MultiPoint"",""coordinates"":[]}"
59_00000000000000000016,102.16277217339662,Shillong,2019-12,"{""type"":""MultiPoint"",""coordinates"":[]}"
59_00000000000000000017,767.8083359492346,Talcher,2019-12,"{""type"":""MultiPoint"",""coordinates"":[]}"
59_00000000000000000018,343.77230319208246,Thiruvananthapuram,2019-12,"{""type"":""MultiPoint"",""coordinates"":[]}"
59_00000000000000000019,664.156250890889,Visakhapatnam,2019-12,"{""type"":""MultiPoint"",""coordinates"":[]}"
60_00000000000000000000,611.1628695043573,Ahmedabad,2020-01,"{""type"":""MultiPoint"",""coordinates"":[]}"
60_00000000000000000001,188.93511026482815,Aizawl,2020-01,"{""type"":""MultiPoint"",""coordinates"":[]}"
60_00000000000000000002,605.9435591228104,Amaravati,2020-01,"{""type"":""MultiPoint"",""coordinates"":[]}"
60_00000000000000000003,374.983532822144,Amritsar,2020-01,"{""type"":""MultiPoint"",""coordinates"":[]}"
60_00000000000000000004,397.8050101455527,Bengaluru,2020-01,"{""type"":""MultiPoint"",""coordinates"":[]}"
60_00000000000000000005,360.22067263805536,Bhopal,2020-01,"{""type"":""MultiPoint"",""coordinates"":[]}"
60_00000000000000000006,471.64250943692184,Brajrajnagar,2020-01,"{""type"":""MultiPoint"",""coordinates"":[]}"
60_00000000000000000007,347.3584821303083,Chandigarh,2020-01,"{""type"":""MultiPoint"",""coordinates"":[]}"
60_00000000000000000008,430.05335287609927,Chennai,2020-01,"{""type"":""MultiPoint"",""coordinates"":[]}"
60_00000000000000000009,491.90440147829855,Coimbatore,2020-01,"{""type"":""MultiPoint"",""coordinates"":[]}"
60_0000000000000000000a,569.6854803457738,Delhi,2020-01,"{""type"":""MultiPoint"",""coordinates"":[]}"
60_0000000000000000000b,458.29890338815216,Ernakulam,2020-01,"{""type"":""MultiPoint"",""coordinates"":[]}"
60_0000000000000000000c,475.7603189176812,Gurugram,2020-01,"{""type"":""MultiPoint"",""coordinates"":[]}"
60_0000000000000000000d,745.3070670800563,Guwahati,2020-01,"{""type"":""MultiPoint"",""coordinates"":[]}"
60_0000000000000000000e,665.2460873332993,Hyderabad,2020-01,"{""type"":""MultiPoint"",""coordinates"":[]}"
60_0000000000000000000f,440.35918731813314,Jaipur,2020-01,"{""type"":""MultiPoint"",""coordinates"":[]}"
60_00000000000000000010,651.8227520016296,Jorapokhar,2020-01,"{""type"":""MultiPoint"",""coordinates"":[]}"
60_00000000000000000011,452.46616212353877,Kochi,2020-01,"{""type"":""MultiPoint"",""coordinates"":[]}"
60_00000000000000000012,886.1368642588408,Kolkata,2020-01,"{""type"":""MultiPoint"",""coordinates"":[]}"
60_00000000000000000013,787.8550440686874,Lucknow,2020-01,"{""type"":""MultiPoint"",""coordinates"":[]}"
60_00000000000000000014,572.536525231505,Mumbai,2020-01,"{""type"":""MultiPoint"",""coordinates"":[]}"
60_00000000000000000015,948.8776969937611,Patna,2020-01,"{""type"":""MultiPoint"",""coordinates"":[]}"
60_00000000000000000016,158.821654517644,Shillong,2020-01,"{""type"":""MultiPoint"",""coordinates"":[]}"
60_00000000000000000017,673.899924492324,Talcher,2020-01,"{""type"":""MultiPoint"",""coordinates"":[]}"
60_00000000000000000018,375.8090151019366,Thiruvananthapuram,2020-01,"{""type"":""MultiPoint"",""coordinates"":[]}"
60_00000000000000000019,809.1171814092579,Visakhapatnam,2020-01,"{""type"":""MultiPoint"",""coordinates"":[]}"
61_00000000000000000000,542.8144047058477,Ahmedabad,2020-02,"{""type"":""MultiPoint"",""coordinates"":[]}"
61_00000000000000000001,265.86718221817256,Aizawl,2020-02,"{""type"":""MultiPoint"",""coordinates"":[]}"
61_00000000000000000002,425.08623493608087,Amaravati,2020-02,"{""type"":""MultiPoint"",""coordinates"":[]}"
61_00000000000000000003,552.3703461522113,Amritsar,2020-02,"{""type"":""MultiPoint"",""coordinates"":[]}"
61_00000000000000000004,525.3659409041398,Bengaluru,2020-02,"{""type"":""MultiPoint"",""coordinates"":[]}"
61_00000000000000000005,456.50949976129016,Bhopal,2020-02,"{""type"":""MultiPoint"",""coordinates"":[]}"
61_00000000000000000006,494.1218698074259,Brajrajnagar,2020-02,"{""type"":""MultiPoint"",""coordinates"":[]}"
61_00000000000000000007,408.4876672099546,Chandigarh,2020-02,"{""type"":""MultiPoint"",""coordinates"":[]}"
61_00000000000000000008,472.6814962163367,Chennai,2020-02,"{""type"":""MultiPoint"",""coordinates"":[]}"
61_00000000000000000009,611.885352692718,Coimbatore,2020-02,"{""type"":""MultiPoint"",""coordinates"":[]}"
61_0000000000000000000a,626.8023839437775,Delhi,2020-02,"{""type"":""MultiPoint"",""coordinates"":[]}"
61_0000000000000000000b,516.5522034376179,Ernakulam,2020-02,"{""type"":""MultiPoint"",""coordinates"":[]}"
61_0000000000000000000c,605.3299090895692,Gurugram,2020-02,"{""type"":""MultiPoint"",""coordinates"":[]}"
61_0000000000000000000d,906.4683175689044,Guwahati,2020-02,"{""type"":""MultiPoint"",""coordinates"":[]}"
61_0000000000000000000e,585.7390300160552,Hyderabad,2020-02,"{""type"":""MultiPoint"",""coordinates"":[]}"
61_0000000000000000000f,560.3712525204642,Jaipur,2020-02,"{""type"":""MultiPoint"",""coordinates"":[]}"
61_00000000000000000010,594.1241369959323,Jorapokhar,2020-02,"{""type"":""MultiPoint"",""coordinates"":[]}"
61_00000000000000000011,502.25905077623025,Kochi,2020-02,"{""type"":""MultiPoint"",""coordinates"":[]}"
61_00000000000000000012,814.7413164759354,Kolkata,2020-02,"{""type"":""MultiPoint"",""coordinates"":[]}"
61_00000000000000000013,715.5008918383496,Lucknow,2020-02,"{""type"":""MultiPoint"",""coordinates"":[]}"
61_00000000000000000014,601.5566011359215,Mumbai,2020-02,"{""type"":""MultiPoint"",""coordinates"":[]}"
61_00000000000000000015,752.5693172982134,Patna,2020-02,"{""type"":""MultiPoint"",""coordinates"":[]}"
61_00000000000000000016,236.17849919652846,Shillong,2020-02,"{""type"":""MultiPoint"",""coordinates"":[]}"
61_00000000000000000017,617.6203250076899,Talcher,2020-02,"{""type"":""MultiPoint"",""coordinates"":[]}"
61_00000000000000000018,423.2794641025128,Thiruvananthapuram,2020-02,"{""type"":""MultiPoint"",""coordinates"":[]}"
61_00000000000000000019,587.104851515053,Visakhapatnam,2020-02,"{""type"":""MultiPoint"",""coordinates"":[]}"
62_00000000000000000000,525.6049544936943,Ahmedabad,2020-03,"{""type"":""MultiPoint"",""coordinates"":[]}"
62_00000000000000000001,272.4971037241641,Aizawl,2020-03,"{""type"":""MultiPoint"",""coordinates"":[]}"
62_00000000000000000002,615.4839281775495,Amaravati,2020-03,"{""type"":""MultiPoint"",""coordinates"":[]}"
62_00000000000000000003,420.59230611534406,Amritsar,2020-03,"{""type"":""MultiPoint"",""coordinates"":[]}"
62_00000000000000000004,497.2232073457214,Bengaluru,2020-03,"{""type"":""MultiPoint"",""coordinates"":[]}"
62_00000000000000000005,457.6340327659071,Bhopal,2020-03,"{""type"":""MultiPoint"",""coordinates"":[]}"
62_00000000000000000006,724.6592456349944,Brajrajnagar,2020-03,"{""type"":""MultiPoint"",""coordinates"":[]}"
62_00000000000000000007,306.78290950775227,Chandigarh,2020-03,"{""type"":""MultiPoint"",""coordinates"":[]}"
62_00000000000000000008,493.9950859907077,Chennai,2020-03,"{""type"":""MultiPoint"",""coordinates"":[]}"
62_00000000000000000009,652.2330476963259,Coimbatore,2020-03,"{""type"":""MultiPoint"",""coordinates"":[]}"
62_0000000000000000000a,382.57097185866303,Delhi,2020-03,"{""type"":""MultiPoint"",""coordinates"":[]}"
62_0000000000000000000b,652.7241573817565,Ernakulam,2020-03,"{""type"":""MultiPoint"",""coordinates"":[]}"
62_0000000000000000000c,505.2614138360909,Gurugram,2020-03,"{""type"":""MultiPoint"",""coordinates"":[]}"
62_0000000000000000000d,571.6597389552862,Guwahati,2020-03,"{""type"":""MultiPoint"",""coordinates"":[]}"
62_0000000000000000000e,675.876012869304,Hyderabad,2020-03,"{""type"":""MultiPoint"",""coordinates"":[]}"
62_0000000000000000000f,552.6136285696094,Jaipur,2020-03,"{""type"":""MultiPoint"",""coordinates"":[]}"
62_00000000000000000010,521.4273395507855,Jorapokhar,2020-03,"{""type"":""MultiPoint"",""coordinates"":[]}"
62_00000000000000000011,755.17460700233,Kochi,2020-03,"{""type"":""MultiPoint"",""coordinates"":[]}"
62_00000000000000000012,741.4717858980855,Kolkata,2020-03,"{""type"":""MultiPoint"",""coordinates"":[]}"
62_00000000000000000013,518.5250993315831,Lucknow,2020-03,"{""type"":""MultiPoint"",""coordinates"":[]}"
62_00000000000000000014,432.88215375967474,Mumbai,2020-03,"{""type"":""MultiPoint"",""coordinates"":[]}"
62_00000000000000000015,598.4090299683062,Patna,2020-03,"{""type"":""MultiPoint"",""coordinates"":[]}"
62_00000000000000000016,233.5618903796455,Shillong,2020-03,"{""type"":""MultiPoint"",""coordinates"":[]}"
62_00000000000000000017,799.4953775883831,Talcher,2020-03,"{""type"":""MultiPoint"",""coordinates"":[]}"
62_00000000000000000018,542.7447788315176,Thiruvananthapuram,2020-03,"{""type"":""MultiPoint"",""coordinates"":[]}"
62_00000000000000000019,704.3336077936074,Visakhapatnam,2020-03,"{""type"":""MultiPoint"",""coordinates"":[]}"
63_00000000000000000000,622.7062454673849,Ahmedabad,2020-04,"{""type"":""MultiPoint"",""coordinates"":[]}"
63_00000000000000000001,320.05366877352,Aizawl,2020-04,"{""type"":""MultiPoint"",""coordinates"":[]}"
63_00000000000000000002,660.2730917623976,Amaravati,2020-04,"{""type"":""MultiPoint"",""coordinates"":[]}"
63_00000000000000000003,379.93386881254116,Amritsar,2020-04,"{""type"":""MultiPoint"",""coordinates"":[]}"
63_00000000000000000004,588.8678528939562,Bengaluru,2020-04,"{""type"":""MultiPoint"",""coordinates"":[]}"
63_00000000000000000005,491.8130353649842,Bhopal,2020-04,"{""type"":""MultiPoint"",""coordinates"":[]}"
63_00000000000000000006,763.4764013587695,Brajrajnagar,2020-04,"{""type"":""MultiPoint"",""coordinates"":[]}"
63_00000000000000000007,341.7076274370789,Chandigarh,2020-04,"{""type"":""MultiPoint"",""coordinates"":[]}"
63_00000000000000000008,517.733262828581,Chennai,2020-04,"{""type"":""MultiPoint"",""coordinates"":[]}"
63_00000000000000000009,526.3971044311852,Coimbatore,2020-04,"{""type"":""MultiPoint"",""coordinates"":[]}"
63_0000000000000000000a,382.97786448623884,Delhi,2020-04,"{""type"":""MultiPoint"",""coordinates"":[]}"
63_0000000000000000000b,579.365642421744,Ernakulam,2020-04,"{""type"":""MultiPoint"",""coordinates"":[]}"
63_0000000000000000000c,374.7292301451162,Gurugram,2020-04,"{""type"":""MultiPoint"",""coordinates"":[]}"
63_0000000000000000000d,582.543432525224,Guwahati,2020-04,"{""type"":""MultiPoint"",""coordinates"":[]}"
63_0000000000000000000e,677.464562602184,Hyderabad,2020-04,"{""type"":""MultiPoint"",""coordinates"":[]}"
63_0000000000000000000f,499.42159916656476,Jaipur,2020-04,"{""type"":""MultiPoint"",""coordinates"":[]}"
63_00000000000000000010,561.4170338029205,Jorapokhar,2020-04,"{""type"":""MultiPoint"",""coordinates"":[]}"
63_00000000000000000011,628.0902352913196,Kochi,2020-04,"{""type"":""MultiPoint"",""coordinates"":[]}"
63_00000000000000000012,761.5159311293938,Kolkata,2020-04,"{""type"":""MultiPoint"",""coordinates"":[]}"
63_00000000000000000013,421.08835255739143,Lucknow,2020-04,"{""type"":""MultiPoint"",""coordinates"":[]}"
63_00000000000000000014,500.8598639482561,Mumbai,2020-04,"{""type"":""MultiPoint"",""coordinates"":[]}"
63_00000000000000000015,477.7422823096567,Patna,2020-04,"{""type"":""MultiPoint"",""coordinates"":[]}"
63_00000000000000000016,258.6751779255192,Shillong,2020-04,"{""type"":""MultiPoint"",""coordinates"":[]}"
63_00000000000000000017,913.7203244441732,Talcher,2020-04,"{""type"":""MultiPoint"",""coordinates"":[]}"
63_00000000000000000018,482.7913756177383,Thiruvananthapuram,2020-04,"{""type"":""MultiPoint"",""coordinates"":[]}"
63_00000000000000000019,655.9831220247603,Visakhapatnam,2020-04,"{""type"":""MultiPoint"",""coordinates"":[]}"
64_00000000000000000000,604.5294070349541,Ahmedabad,2020-05,"{""type"":""MultiPoint"",""coordinates"":[]}"
64_00000000000000000001,220.1042709236209,Aizawl,2020-05,"{""type"":""MultiPoint"",""coordinates"":[]}"
64_00000000000000000002,677.9700584411523,Amaravati,2020-05,"{""type"":""MultiPoint"",""coordinates"":[]}"
64_00000000000000000003,510.07777968964865,Amritsar,2020-05,"{""type"":""MultiPoint"",""coordinates"":[]}"
64_00000000000000000004,723.0397326181939,Bengaluru,2020-05,"{""type"":""MultiPoint"",""coordinates"":[]}"
64_00000000000000000005,460.29599429095134,Bhopal,2020-05,"{""type"":""MultiPoint"",""coordinates"":[]}"
64_00000000000000000006,710.334282492407,Brajrajnagar,2020-05,"{""type"":""MultiPoint"",""coordinates"":[]}"
64_00000000000000000007,386.1607135087073,Chandigarh,2020-05,"{""type"":""MultiPoint"",""coordinates"":[]}"
64_00000000000000000008,674.5733627513827,Chennai,2020-05,"{""type"":""MultiPoint"",""coordinates"":[]}"
64_00000000000000000009,753.2974335165662,Coimbatore,2020-05,"{""type"":""MultiPoint"",""coordinates"":[]}"
64_0000000000000000000a,411.1398528610163,Delhi,2020-05,"{""type"":""MultiPoint"",""coordinates"":[]}"
64_0000000000000000000b,740.5216524490622,Ernakulam,2020-05,"{""type"":""MultiPoint"",""coordinates"":[]}"
64_0000000000000000000c,412.27562408312946,Gurugram,2020-05,"{""type"":""MultiPoint"",""coordinates"":[]}"
64_0000000000000000000d,369.50832503563055,Guwahati,2020-05,"{""type"":""MultiPoint"",""coordinates"":[]}"
64_0000000000000000000e,753.4736765363065,Hyderabad,2020-05,"{""type"":""MultiPoint"",""coordinates"":[]}"
64_0000000000000000000f,585.6685847781921,Jaipur,2020-05,"{""type"":""MultiPoint"",""coordinates"":[]}"
64_00000000000000000010,616.5132288718339,Jorapokhar,2020-05,"{""type"":""MultiPoint"",""coordinates"":[]}"
64_00000000000000000011,572.1377515626223,Kochi,2020-05,"{""type"":""MultiPoint"",""coordinates"":[]}"
64_00000000000000000012,579.6947741046401,Kolkata,2020-05,"{""type"":""MultiPoint"",""coordinates"":[]}"
64_00000000000000000013,655.1953446508081,Lucknow,2020-05,"{""type"":""MultiPoint"",""coordinates"":[]}"
64_00000000000000000014,467.85524613675494,Mumbai,2020-05,"{""type"":""MultiPoint"",""coordinates"":[]}"
64_00000000000000000015,601.7621242982399,Patna,2020-05,"{""type"":""MultiPoint"",""coordinates"":[]}"
64_00000000000000000016,371.78033225064286,Shillong,2020-05,"{""type"":""MultiPoint"",""coordinates"":[]}"
64_00000000000000000017,716.8857296064988,Talcher,2020-05,"{""type"":""MultiPoint"",""coordinates"":[]}"
64_00000000000000000018,445.14390146356226,Thiruvananthapuram,2020-05,"{""type"":""MultiPoint"",""coordinates"":[]}"
64_00000000000000000019,624.8773308353352,Visakhapatnam,2020-05,"{""type"":""MultiPoint"",""coordinates"":[]}"
65_00000000000000000000,4.577584870562704,Ahmedabad,2020-06,"{""type"":""MultiPoint"",""coordinates"":[]}"
65_00000000000000000001,64.97801749360929,Aizawl,2020-06,"{""type"":""MultiPoint"",""coordinates"":[]}"
65_00000000000000000002,637.0752932823418,Amaravati,2020-06,"{""type"":""MultiPoint"",""coordinates"":[]}"
65_00000000000000000003,757.3380749073647,Amritsar,2020-06,"{""type"":""MultiPoint"",""coordinates"":[]}"
65_00000000000000000004,473.14017545514577,Bengaluru,2020-06,"{""type"":""MultiPoint"",""coordinates"":[]}"
65_00000000000000000005,2.4267015706806285,Bhopal,2020-06,"{""type"":""MultiPoint"",""coordinates"":[]}"
65_00000000000000000006,919.2785508244003,Brajrajnagar,2020-06,"{""type"":""MultiPoint"",""coordinates"":[]}"
65_00000000000000000007,636.0601827156225,Chandigarh,2020-06,"{""type"":""MultiPoint"",""coordinates"":[]}"
65_00000000000000000008,469.2894720751004,Chennai,2020-06,"{""type"":""MultiPoint"",""coordinates"":[]}"
65_00000000000000000009,382.3757813387884,Coimbatore,2020-06,"{""type"":""MultiPoint"",""coordinates"":[]}"
65_0000000000000000000a,713.4164743670971,Delhi,2020-06,"{""type"":""MultiPoint"",""coordinates"":[]}"
65_0000000000000000000b,348.8838672768878,Ernakulam,2020-06,"{""type"":""MultiPoint"",""coordinates"":[]}"
65_0000000000000000000c,668.6166472893888,Gurugram,2020-06,"{""type"":""MultiPoint"",""coordinates"":[]}"
65_0000000000000000000d,395.1015482695811,Guwahati,2020-06,"{""type"":""MultiPoint"",""coordinates"":[]}"
65_0000000000000000000e,369.8995098039216,Hyderabad,2020-06,"{""type"":""MultiPoint"",""coordinates"":[]}"
65_0000000000000000000f,476.8252156926373,Jaipur,2020-06,"{""type"":""MultiPoint"",""coordinates"":[]}"
65_00000000000000000010,0.0,Jorapokhar,2020-06,"{""type"":""MultiPoint"",""coordinates"":[]}"
65_00000000000000000011,418.9163358778626,Kochi,2020-06,"{""type"":""MultiPoint"",""coordinates"":[]}"
65_00000000000000000012,564.1725513943234,Kolkata,2020-06,"{""type"":""MultiPoint"",""coordinates"":[]}"
65_00000000000000000013,1301.5862704101953,Lucknow,2020-06,"{""type"":""MultiPoint"",""coordinates"":[]}"
65_00000000000000000014,392.69532160644275,Mumbai,2020-06,"{""type"":""MultiPoint"",""coordinates"":[]}"
65_00000000000000000015,3.766784452296819,Patna,2020-06,"{""type"":""MultiPoint"",""coordinates"":[]}"
65_00000000000000000016,135.81151349039735,Shillong,2020-06,"{""type"":""MultiPoint"",""coordinates"":[]}"
65_00000000000000000017,960.1389666985235,Talcher,2020-06,"{""type"":""MultiPoint"",""coordinates"":[]}"
65_00000000000000000018,384.7468627552074,Thiruvananthapuram,2020-06,"{""type"":""MultiPoint"",""coordinates"":[]}"
65_00000000000000000019,451.92758695154004,Visakhapatnam,2020-06,"{""type"":""MultiPoint"",""coordinates"":[]}"
