system:index,City,Month,PBLTOP,PS,QV2M,T2M,U10M,V10M,.geo
0_00000000000000000000,Ahmedabad,2015-01,89437.71875,100497.5625,0.00480760307982564,292.1882019042969,-1.2374175786972046,-1.2155308723449707,"{""type"":""MultiPoint"",""coordinates"":[]}"
0_00000000000000000001,Aizawl,2015-01,84397.359375,92965.84375,0.008053389377892017,289.8867492675781,0.17329369485378265,0.12793129682540894,"{""type"":""MultiPoint"",""coordinates"":[]}"
0_00000000000000000002,Amaravati,2015-01,85429.84375,100950.2421875,0.010603956878185272,297.11724853515625,-1.7558940649032593,0.35206595063209534,"{""type"":""MultiPoint"",""coordinates"":[]}"
0_00000000000000000003,Amritsar,2015-01,92296.3203125,98928.8359375,0.004115510266274214,285.5304260253906,1.2659777402877808,-0.36550575494766235,"{""type"":""MultiPoint"",""coordinates"":[]}"
0_00000000000000000004,Bengaluru,2015-01,79690.0703125,91987.2734375,0.0091228187084198,294.74627685546875,-2.961756706237793,0.27997666597366333,"{""type"":""MultiPoint"",""coordinates"":[]}"
0_00000000000000000005,Bhopal,2015-01,87151.0859375,96250.03125,0.006498672999441624,287.9299011230469,-1.3483076095581055,-1.0966622829437256,"{""type"":""MultiPoint"",""coordinates"":[]}"
0_00000000000000000006,Brajrajnagar,2015-01,91494.296875,98221.9296875,0.0075258370488882065,290.1779479980469,-0.4355436861515045,-1.5043154954910278,"{""type"":""MultiPoint"",""coordinates"":[]}"
0_00000000000000000007,Chandigarh,2015-01,85072.6328125,91605.5234375,0.00418635131791234,283.8169860839844,0.39626407623291016,-0.9173743724822998,"{""type"":""MultiPoint"",""coordinates"":[]}"
0_00000000000000000008,Chennai,2015-01,90345.203125,101432.390625,0.014783695340156555,298.4320068359375,-3.28096079826355,-2.291454315185547,"{""type"":""MultiPoint"",""coordinates"":[]}"
0_00000000000000000009,Coimbatore,2015-01,84447.875,96622.875,0.011084544472396374,297.061767578125,-1.670520305633545,-0.17788074910640717,"{""type"":""MultiPoint"",""coordinates"":[]}"
0_0000000000000000000a,Delhi,2015-01,92596.2734375,99196.265625,0.004478005226701498,285.73876953125,2.2574734687805176,-0.5897190570831299,"{""type"":""MultiPoint"",""coordinates"":[]}"
0_0000000000000000000b,Ernakulam,2015-01,88572.8359375,100212.4609375,0.013709230348467827,299.72113037109375,-0.7589722275733948,-0.38189631700515747,"{""type"":""MultiPoint"",""coordinates"":[]}"
0_0000000000000000000c,Gurugram,2015-01,92596.2734375,99196.265625,0.004478005226701498,285.73876953125,2.2574734687805176,-0.5897190570831299,"{""type"":""MultiPoint"",""coordinates"":[]}"
0_0000000000000000000d,Guwahati,2015-01,93295.515625,99892.3203125,0.009595136158168316,291.14227294921875,0.7047564387321472,-0.9708607196807861,"{""type"":""MultiPoint"",""coordinates"":[]}"
0_0000000000000000000e,Hyderabad,2015-01,83570.515625,95880.53125,0.007153169251978397,293.99285888671875,-1.9362950325012207,0.1550075113773346,"{""type"":""MultiPoint"",""coordinates"":[]}"
0_0000000000000000000f,Jaipur,2015-01,88653.328125,97094.203125,0.00435143057256937,286.6427307128906,-0.6751610636711121,-0.11735855787992477,"{""type"":""MultiPoint"",""coordinates"":[]}"
0_00000000000000000010,Jorapokhar,2015-01,93172.046875,99593.078125,0.0071300119161605835,289.19573974609375,1.7634198665618896,-1.9759167432785034,"{""type"":""MultiPoint"",""coordinates"":[]}"
0_00000000000000000011,Kochi,2015-01,88572.8359375,100212.4609375,0.013709230348467827,299.72113037109375,-0.7589722275733948,-0.38189631700515747,"{""type"":""MultiPoint"",""coordinates"":[]}"
0_00000000000000000012,Kolkata,2015-01,93123.46875,101506.046875,0.007476212456822395,291.3839416503906,1.2122827768325806,-1.9079468250274658,"{""type"":""MultiPoint"",""coordinates"":[]}"
0_00000000000000000013,Lucknow,2015-01,93353.609375,100373.15625,0.005196206737309694,287.4920654296875,2.19527268409729,-0.9248808026313782,"{""type"":""MultiPoint"",""coordinates"":[]}"
0_00000000000000000014,Mumbai,2015-01,87095.15625,99959.2421875,0.007463369984179735,296.356689453125,-1.0001091957092285,-0.8721778988838196,"{""type"":""MultiPoint"",""coordinates"":[]}"
0_00000000000000000015,Patna,2015-01,93914.8046875,101017.703125,0.006398715544492006,288.3512268066406,2.341566324234009,-0.6935387849807739,"{""type"":""MultiPoint"",""coordinates"":[]}"
0_00000000000000000016,Shillong,2015-01,79764.234375,87953.7578125,0.007670796476304531,285.3074951171875,0.793427050113678,0.23073482513427734,"{""type"":""MultiPoint"",""coordinates"":[]}"
0_00000000000000000017,Talcher,2015-01,90415.0078125,99213.1640625,0.008229568600654602,291.62103271484375,-0.08582282811403275,-0.6312472820281982,"{""type"":""MultiPoint"",""coordinates"":[]}"
0_00000000000000000018,Thiruvananthapuram,2015-01,90355.609375,98341.09375,0.01463205087929964,296.4568176269531,-2.501744270324707,-2.0527639389038086,"{""type"":""MultiPoint"",""coordinates"":[]}"
0_00000000000000000019,Visakhapatnam,2015-01,92134.2109375,101253.78125,0.01174124889075756,296.2079772949219,-2.0576250553131104,-1.15771484375,"{""type"":""MultiPoint"",""coordinates"":[]}"
1_00000000000000000000,Ahmedabad,2015-02,86219.59375,100197.640625,0.0046209474094212055,296.7935485839844,0.29557058215141296,-0.8665899038314819,"{""type"":""MultiPoint"",""coordinates"":[]}"
1_00000000000000000001,Aizawl,2015-02,84192.03125,92888.0390625,0.007083582226186991,291.6115417480469,0.5079277157783508,0.17494963109493256,"{""type"":""MultiPoint"",""coordinates"":[]}"
1_00000000000000000002,Amaravati,2015-02,86743.21875,100836.046875,0.011078005656599998,299.4082946777344,-1.4624686241149902,1.9674266576766968,"{""type"":""MultiPoint"",""coordinates"":[]}"
1_00000000000000000003,Amritsar,2015-02,89382.390625,98619.34375,0.006174094974994659,289.5248107910156,0.5170921087265015,-0.5393783450126648,"{""type"":""MultiPoint"",""coordinates"":[]}"
1_00000000000000000004,Bengaluru,2015-02,77614.3515625,91935.8828125,0.007373996544629335,296.2078552246094,-3.1663379669189453,0.4761580526828766,"{""type"":""MultiPoint"",""coordinates"":[]}"
1_00000000000000000005,Bhopal,2015-02,81070.2734375,95998.625,0.006490082945674658,293.7509765625,-0.4437009394168854,-0.35092148184776306,"{""type"":""MultiPoint"",""coordinates"":[]}"
1_00000000000000000006,Brajrajnagar,2015-02,85656.5234375,98023.9375,0.00733931316062808,295.2793273925781,0.026798000559210777,-1.1106325387954712,"{""type"":""MultiPoint"",""coordinates"":[]}"
1_00000000000000000007,Chandigarh,2015-02,82950.5234375,91420.5234375,0.005383798386901617,287.8291320800781,-0.015321115963160992,-0.3333622217178345,"{""type"":""MultiPoint"",""coordinates"":[]}"
1_00000000000000000008,Chennai,2015-02,92155.375,101361.8671875,0.014924773015081882,298.9281311035156,-3.5826427936553955,-0.019812386482954025,"{""type"":""MultiPoint"",""coordinates"":[]}"
1_00000000000000000009,Coimbatore,2015-02,83177.921875,96555.0234375,0.009340629912912846,298.9101867675781,-1.9688208103179932,-0.020443586632609367,"{""type"":""MultiPoint"",""coordinates"":[]}"
1_0000000000000000000a,Delhi,2015-02,91196.5703125,98873.9375,0.005061173811554909,290.9880676269531,1.338352918624878,-0.32622507214546204,"{""type"":""MultiPoint"",""coordinates"":[]}"
1_0000000000000000000b,Ernakulam,2015-02,88233.7578125,100125.59375,0.012736042961478233,301.7439270019531,-0.4121870696544647,-0.24072463810443878,"{""type"":""MultiPoint"",""coordinates"":[]}"
1_0000000000000000000c,Gurugram,2015-02,91196.5703125,98873.9375,0.005061173811554909,290.9880676269531,1.338352918624878,-0.32622507214546204,"{""type"":""MultiPoint"",""coordinates"":[]}"
1_0000000000000000000d,Guwahati,2015-02,92236.3984375,99719.1015625,0.009721319191157818,293.3824462890625,1.4719024896621704,-0.8409437537193298,"{""type"":""MultiPoint"",""coordinates"":[]}"
1_0000000000000000000e,Hyderabad,2015-02,78101.734375,95754.8984375,0.007250290829688311,297.3694763183594,-1.5416882038116455,1.7176222801208496,"{""type"":""MultiPoint"",""coordinates"":[]}"
1_0000000000000000000f,Jaipur,2015-02,86426.9921875,96786.203125,0.004427586682140827,291.5582580566406,-0.5625590085983276,-0.1191498413681984,"{""type"":""MultiPoint"",""coordinates"":[]}"
1_00000000000000000010,Jorapokhar,2015-02,88227.4921875,99367.828125,0.0073477826081216335,294.3226318359375,1.2141077518463135,-0.9129418730735779,"{""type"":""MultiPoint"",""coordinates"":[]}"
1_00000000000000000011,Kochi,2015-02,88233.7578125,100125.59375,0.012736042961478233,301.7439270019531,-0.4121870696544647,-0.24072463810443878,"{""type"":""MultiPoint"",""coordinates"":[]}"
1_00000000000000000012,Kolkata,2015-02,90258.7109375,101296.09375,0.008679489605128765,295.77532958984375,1.428391933441162,-0.1072002723813057,"{""type"":""MultiPoint"",""coordinates"":[]}"
1_00000000000000000013,Lucknow,2015-02,89475.6015625,100066.9765625,0.005923514254391193,292.8824768066406,1.239029049873352,-0.4027615785598755,"{""type"":""MultiPoint"",""coordinates"":[]}"
1_00000000000000000014,Mumbai,2015-02,88296.21875,99820.2578125,0.007368574850261211,299.094970703125,0.06863963603973389,-0.8487905263900757,"{""type"":""MultiPoint"",""coordinates"":[]}"
1_00000000000000000015,Patna,2015-02,90442.78125,100736.59375,0.006533458363264799,293.7605285644531,1.4059501886367798,-0.19616344571113586,"{""type"":""MultiPoint"",""coordinates"":[]}"
1_00000000000000000016,Shillong,2015-02,79609.6171875,87896.90625,0.007672480307519436,286.52667236328125,1.4952338933944702,0.7023118138313293,"{""type"":""MultiPoint"",""coordinates"":[]}"
1_00000000000000000017,Talcher,2015-02,84936.0078125,99020.7109375,0.008031348697841167,296.1707458496094,0.2820824086666107,-0.29027625918388367,"{""type"":""MultiPoint"",""coordinates"":[]}"
1_00000000000000000018,Thiruvananthapuram,2015-02,88602.96875,98265.9609375,0.013901310041546822,298.6617431640625,-2.966794013977051,-1.8737975358963013,"{""type"":""MultiPoint"",""coordinates"":[]}"
1_00000000000000000019,Visakhapatnam,2015-02,93250.234375,101124.6484375,0.013138041831552982,298.1741027832031,-0.23562085628509521,1.5974278450012207,"{""type"":""MultiPoint"",""coordinates"":[]}"
2_00000000000000000000,Ahmedabad,2015-03,81463.3046875,100091.5234375,0.006210413295775652,300.1353454589844,1.0679278373718262,-0.7292835712432861,"{""type"":""MultiPoint"",""coordinates"":[]}"
2_00000000000000000001,Aizawl,2015-03,82580.6875,92826.875,0.00810870248824358,295.4842529296875,0.8766429424285889,0.15376508235931396,"{""type"":""MultiPoint"",""coordinates"":[]}"
2_00000000000000000002,Amaravati,2015-03,87974.0390625,100705.4921875,0.01309666782617569,302.9450988769531,-1.0201853513717651,2.574093818664551,"{""type"":""MultiPoint"",""coordinates"":[]}"
2_00000000000000000003,Amritsar,2015-03,87286.859375,98524.9453125,0.00867830216884613,292.19207763671875,0.6870217323303223,-0.4418090283870697,"{""type"":""MultiPoint"",""coordinates"":[]}"
2_00000000000000000004,Bengaluru,2015-03,78344.9765625,91914.03125,0.009664042852818966,299.07916259765625,-2.976428985595703,1.5407636165618896,"{""type"":""MultiPoint"",""coordinates"":[]}"
2_00000000000000000005,Bhopal,2015-03,79315.0078125,95945.2890625,0.008086368441581726,296.7090759277344,0.02293091081082821,-0.3721068799495697,"{""type"":""MultiPoint"",""coordinates"":[]}"
2_00000000000000000006,Brajrajnagar,2015-03,82903.640625,97889.421875,0.008748979307711124,300.0538024902344,0.5524209141731262,-1.3129061460494995,"{""type"":""MultiPoint"",""coordinates"":[]}"
2_00000000000000000007,Chandigarh,2015-03,81344.1171875,91401.765625,0.0077929263934493065,289.93450927734375,0.2663446068763733,-0.2845166027545929,"{""type"":""MultiPoint"",""coordinates"":[]}"
2_00000000000000000008,Chennai,2015-03,93533.359375,101253.3515625,0.01725679822266102,300.8283996582031,-2.902570962905884,1.9465659856796265,"{""type"":""MultiPoint"",""coordinates"":[]}"
2_00000000000000000009,Coimbatore,2015-03,83430.6328125,96496.296875,0.011015581898391247,301.66925048828125,-1.936625599861145,0.6777649521827698,"{""type"":""MultiPoint"",""coordinates"":[]}"
2_0000000000000000000a,Delhi,2015-03,89175.0859375,98792.90625,0.007552413269877434,294.07861328125,1.3449697494506836,-0.2765890061855316,"{""type"":""MultiPoint"",""coordinates"":[]}"
2_0000000000000000000b,Ernakulam,2015-03,88394.7421875,100103.75,0.0159439779818058,302.69580078125,1.1723860502243042,-0.09114253520965576,"{""type"":""MultiPoint"",""coordinates"":[]}"
2_0000000000000000000c,Gurugram,2015-03,89175.0859375,98792.90625,0.007552413269877434,294.07861328125,1.3449697494506836,-0.2765890061855316,"{""type"":""MultiPoint"",""coordinates"":[]}"
2_0000000000000000000d,Guwahati,2015-03,90683.1484375,99535.03125,0.010726994834840298,297.2565002441406,2.0461723804473877,-0.8461414575576782,"{""type"":""MultiPoint"",""coordinates"":[]}"
2_0000000000000000000e,Hyderabad,2015-03,78106.203125,95676.34375,0.009568862617015839,300.96807861328125,-1.3518282175064087,1.4514470100402832,"{""type"":""MultiPoint"",""coordinates"":[]}"
2_0000000000000000000f,Jaipur,2015-03,84594.34375,96720.03125,0.007596432231366634,294.4910583496094,-0.8977473378181458,0.24184466898441315,"{""type"":""MultiPoint"",""coordinates"":[]}"
2_00000000000000000010,Jorapokhar,2015-03,85887.1484375,99221.859375,0.008239712566137314,299.2616882324219,2.068413019180298,-0.927273690700531,"{""type"":""MultiPoint"",""coordinates"":[]}"
2_00000000000000000011,Kochi,2015-03,88394.7421875,100103.75,0.0159439779818058,302.69580078125,1.1723860502243042,-0.09114253520965576,"{""type"":""MultiPoint"",""coordinates"":[]}"
2_00000000000000000012,Kolkata,2015-03,88657.15625,101131.4609375,0.009473842568695545,300.31915283203125,1.8699947595596313,-0.09990770369768143,"{""type"":""MultiPoint"",""coordinates"":[]}"
2_00000000000000000013,Lucknow,2015-03,85497.578125,99958.890625,0.00791376456618309,296.3292236328125,1.9033207893371582,-1.0117101669311523,"{""type"":""MultiPoint"",""coordinates"":[]}"
2_00000000000000000014,Mumbai,2015-03,87560.5546875,99755.96875,0.009939000941812992,301.0439453125,0.4149056375026703,-0.9635258316993713,"{""type"":""MultiPoint"",""coordinates"":[]}"
2_00000000000000000015,Patna,2015-03,85596.5234375,100574.1640625,0.007804649882018566,298.381591796875,2.268018960952759,-0.6711110472679138,"{""type"":""MultiPoint"",""coordinates"":[]}"
2_00000000000000000016,Shillong,2015-03,79764.578125,87886.953125,0.008690753020346165,289.9723815917969,2.2015299797058105,0.6189507246017456,"{""type"":""MultiPoint"",""coordinates"":[]}"
2_00000000000000000017,Talcher,2015-03,83276.0703125,98870.8203125,0.0097477613016963,301.2330627441406,0.2824907898902893,0.2774782180786133,"{""type"":""MultiPoint"",""coordinates"":[]}"
2_00000000000000000018,Thiruvananthapuram,2015-03,87565.171875,98227.1171875,0.014647412113845348,301.4160461425781,-2.1719067096710205,-0.12731266021728516,"{""type"":""MultiPoint"",""coordinates"":[]}"
2_00000000000000000019,Visakhapatnam,2015-03,93339.8359375,100991.96875,0.015423943288624287,301.0197448730469,0.24911831319332123,2.719376802444458,"{""type"":""MultiPoint"",""coordinates"":[]}"
3_00000000000000000000,Ahmedabad,2015-04,81621.859375,99628.21875,0.009099889546632767,305.1170654296875,2.4025328159332275,0.36517927050590515,"{""type"":""MultiPoint"",""coordinates"":[]}"
3_00000000000000000001,Aizawl,2015-04,84296.9296875,92622.015625,0.014065314084291458,295.667236328125,0.5708438754081726,0.5535962581634521,"{""type"":""MultiPoint"",""coordinates"":[]}"
3_00000000000000000002,Amaravati,2015-04,88866.78125,100383.6484375,0.0151158282533288,304.7957458496094,-0.6486074924468994,3.692337989807129,"{""type"":""MultiPoint"",""coordinates"":[]}"
3_00000000000000000003,Amritsar,2015-04,83778.453125,97950.515625,0.01096273586153984,298.9057312011719,0.6817651987075806,-0.8116921782493591,"{""type"":""MultiPoint"",""coordinates"":[]}"
3_00000000000000000004,Bengaluru,2015-04,78202.1484375,91726.484375,0.012944926507771015,300.10040283203125,-1.0536143779754639,1.4308098554611206,"{""type"":""MultiPoint"",""coordinates"":[]}"
3_00000000000000000005,Bhopal,2015-04,74098.3828125,95439.4375,0.007520580664277077,303.617431640625,2.2011771202087402,-0.777896523475647,"{""type"":""MultiPoint"",""coordinates"":[]}"
3_00000000000000000006,Brajrajnagar,2015-04,79863.6171875,97431.3046875,0.010685687884688377,304.2998046875,1.6176837682724,0.22252877056598663,"{""type"":""MultiPoint"",""coordinates"":[]}"
3_00000000000000000007,Chandigarh,2015-04,75457.0078125,91010.84375,0.009168002754449844,295.9925842285156,0.4926403760910034,-0.1692049652338028,"{""type"":""MultiPoint"",""coordinates"":[]}"
3_00000000000000000008,Chennai,2015-04,93152.203125,100961.1015625,0.019294442608952522,302.2114562988281,-1.4879636764526367,4.042063236236572,"{""type"":""MultiPoint"",""coordinates"":[]}"
3_00000000000000000009,Coimbatore,2015-04,83771.6328125,96288.7578125,0.01492288988083601,301.9175109863281,-0.6518798470497131,0.9826614260673523,"{""type"":""MultiPoint"",""coordinates"":[]}"
3_0000000000000000000a,Delhi,2015-04,81270.75,98212.8125,0.008921828120946884,300.9119873046875,1.1433398723602295,0.14149408042430878,"{""type"":""MultiPoint"",""coordinates"":[]}"
3_0000000000000000000b,Ernakulam,2015-04,90953.0078125,99959.21875,0.018269337713718414,301.7403259277344,1.8071612119674683,0.11911553144454956,"{""type"":""MultiPoint"",""coordinates"":[]}"
3_0000000000000000000c,Gurugram,2015-04,81270.75,98212.8125,0.008921828120946884,300.9119873046875,1.1433398723602295,0.14149408042430878,"{""type"":""MultiPoint"",""coordinates"":[]}"
3_0000000000000000000d,Guwahati,2015-04,88028.90625,99249.5234375,0.014452283270657063,299.42425537109375,1.5604866743087769,-0.38850662112236023,"{""type"":""MultiPoint"",""coordinates"":[]}"
3_0000000000000000000e,Hyderabad,2015-04,77335.59375,95378.6953125,0.01167417410761118,302.9227600097656,-0.09755939990282059,1.4537698030471802,"{""type"":""MultiPoint"",""coordinates"":[]}"
3_0000000000000000000f,Jaipur,2015-04,76746.9765625,96198.234375,0.00792448315769434,301.0889587402344,0.010639837943017483,-0.5125222206115723,"{""type"":""MultiPoint"",""coordinates"":[]}"
3_00000000000000000010,Jorapokhar,2015-04,81982.734375,98774.171875,0.012794680893421173,302.5626220703125,-0.1488184630870819,0.6109114289283752,"{""type"":""MultiPoint"",""coordinates"":[]}"
3_00000000000000000011,Kochi,2015-04,90953.0078125,99959.21875,0.018269337713718414,301.7403259277344,1.8071612119674683,0.11911553144454956,"{""type"":""MultiPoint"",""coordinates"":[]}"
3_00000000000000000012,Kolkata,2015-04,89786.296875,100734.671875,0.016022762283682823,302.3948059082031,0.6550355553627014,2.491793394088745,"{""type"":""MultiPoint"",""coordinates"":[]}"
3_00000000000000000013,Lucknow,2015-04,81213.859375,99387.171875,0.009587747044861317,302.1231384277344,0.5881522297859192,-0.5205841660499573,"{""type"":""MultiPoint"",""coordinates"":[]}"
3_00000000000000000014,Mumbai,2015-04,89187.765625,99516.5234375,0.013403013348579407,303.17572021484375,2.3190243244171143,-0.08673394471406937,"{""type"":""MultiPoint"",""coordinates"":[]}"
3_00000000000000000015,Patna,2015-04,80263.1953125,100041.9140625,0.009585129097104073,304.06414794921875,0.3932708501815796,-0.23468057811260223,"{""type"":""MultiPoint"",""coordinates"":[]}"
3_00000000000000000016,Shillong,2015-04,79874.7109375,87710.2265625,0.01267183106392622,291.9610595703125,1.5572669506072998,2.1861681938171387,"{""type"":""MultiPoint"",""coordinates"":[]}"
3_00000000000000000017,Talcher,2015-04,82189.5546875,98448.375,0.012559891678392887,304.3101806640625,1.0228323936462402,1.2419233322143555,"{""type"":""MultiPoint"",""coordinates"":[]}"
3_00000000000000000018,Thiruvananthapuram,2015-04,88877.921875,98060.671875,0.017155472189188004,300.8096618652344,0.41945144534111023,0.4295177161693573,"{""type"":""MultiPoint"",""coordinates"":[]}"
3_00000000000000000019,Visakhapatnam,2015-04,93181.453125,100640.6796875,0.01798698678612709,302.61981201171875,2.1276793479919434,4.638750076293945,"{""type"":""MultiPoint"",""coordinates"":[]}"
4_00000000000000000000,Ahmedabad,2015-05,81511.7734375,99393.4375,0.01056058518588543,308.1629638671875,4.368095874786377,-0.02403237484395504,"{""type"":""MultiPoint"",""coordinates"":[]}"
4_00000000000000000001,Aizawl,2015-05,85489.9296875,92345.0390625,0.016733627766370773,297.3124084472656,0.5893861651420593,0.486106276512146,"{""type"":""MultiPoint"",""coordinates"":[]}"
4_00000000000000000002,Amaravati,2015-05,86979.25,99997.6484375,0.01572040468454361,307.45611572265625,-0.14715969562530518,3.1203854084014893,"{""type"":""MultiPoint"",""coordinates"":[]}"
4_00000000000000000003,Amritsar,2015-05,74245.96875,97446.3359375,0.008869101293385029,306.00433349609375,1.920168399810791,-1.3641712665557861,"{""type"":""MultiPoint"",""coordinates"":[]}"
4_00000000000000000004,Bengaluru,2015-05,80848.2109375,91594.265625,0.014791715890169144,299.1850280761719,1.3985791206359863,0.19779308140277863,"{""type"":""MultiPoint"",""coordinates"":[]}"
4_00000000000000000005,Bhopal,2015-05,68970.4140625,95134.2734375,0.007758903782814741,308.80712890625,3.3458809852600098,-2.116699457168579,"{""type"":""MultiPoint"",""coordinates"":[]}"
4_00000000000000000006,Brajrajnagar,2015-05,76501.1875,97015.296875,0.01102493330836296,308.5451354980469,0.5966601967811584,-0.009272346273064613,"{""type"":""MultiPoint"",""coordinates"":[]}"
4_00000000000000000007,Chandigarh,2015-05,69168.0234375,90666.0703125,0.007858829572796822,302.4844665527344,1.6759426593780518,-0.369515985250473,"{""type"":""MultiPoint"",""coordinates"":[]}"
4_00000000000000000008,Chennai,2015-05,94058.7734375,100655.078125,0.02060100808739662,303.2140808105469,0.6259421110153198,4.469965934753418,"{""type"":""MultiPoint"",""coordinates"":[]}"
4_00000000000000000009,Coimbatore,2015-05,87283.515625,96146.2265625,0.01647699624300003,300.78082275390625,1.4415924549102783,0.19647552073001862,"{""type"":""MultiPoint"",""coordinates"":[]}"
4_0000000000000000000a,Delhi,2015-05,75111.0234375,97710.5859375,0.006403299979865551,307.9703063964844,3.138786792755127,-0.40739697217941284,"{""type"":""MultiPoint"",""coordinates"":[]}"
4_0000000000000000000b,Ernakulam,2015-05,93097.421875,99865.3046875,0.019467730075120926,301.1341247558594,2.2201087474823,-0.13051795959472656,"{""type"":""MultiPoint"",""coordinates"":[]}"
4_0000000000000000000c,Gurugram,2015-05,75111.0234375,97710.5859375,0.006403299979865551,307.9703063964844,3.138786792755127,-0.40739697217941284,"{""type"":""MultiPoint"",""coordinates"":[]}"
4_0000000000000000000d,Guwahati,2015-05,91357.6015625,98869.1328125,0.01884273998439312,301.40228271484375,1.9572492837905884,-0.5281084775924683,"{""type"":""MultiPoint"",""coordinates"":[]}"
4_0000000000000000000e,Hyderabad,2015-05,75761.8984375,95067.703125,0.011212261393666267,306.68572998046875,0.7090556621551514,0.2048734873533249,"{""type"":""MultiPoint"",""coordinates"":[]}"
4_0000000000000000000f,Jaipur,2015-05,75304.3046875,95853.3984375,0.006628038361668587,307.4231262207031,2.9114491939544678,-1.5382423400878906,"{""type"":""MultiPoint"",""coordinates"":[]}"
4_00000000000000000010,Jorapokhar,2015-05,80751.890625,98344.5859375,0.015552050434052944,305.5701904296875,-0.3577367961406708,1.8744057416915894,"{""type"":""MultiPoint"",""coordinates"":[]}"
4_00000000000000000011,Kochi,2015-05,93097.421875,99865.3046875,0.019467730075120926,301.1341247558594,2.2201087474823,-0.13051795959472656,"{""type"":""MultiPoint"",""coordinates"":[]}"
4_00000000000000000012,Kolkata,2015-05,91085.1875,100336.78125,0.018504446372389793,304.52899169921875,0.28870663046836853,3.506486177444458,"{""type"":""MultiPoint"",""coordinates"":[]}"
4_00000000000000000013,Lucknow,2015-05,71630.5546875,98858.875,0.00748012401163578,308.60919189453125,1.3757688999176025,-1.0567858219146729,"{""type"":""MultiPoint"",""coordinates"":[]}"
4_00000000000000000014,Mumbai,2015-05,89756.2421875,99332.078125,0.016092820093035698,304.8244934082031,3.1407310962677,-0.033142153173685074,"{""type"":""MultiPoint"",""coordinates"":[]}"
4_00000000000000000015,Patna,2015-05,73987.359375,99532.6484375,0.009624016471207142,309.2955322265625,-0.2288852334022522,-0.08449021726846695,"{""type"":""MultiPoint"",""coordinates"":[]}"
4_00000000000000000016,Shillong,2015-05,80933.2265625,87476.2734375,0.015533844009041786,294.1157531738281,1.1745792627334595,2.7270963191986084,"{""type"":""MultiPoint"",""coordinates"":[]}"
4_00000000000000000017,Talcher,2015-05,82363.2578125,98054.2265625,0.015195402316749096,306.636474609375,-0.2924771308898926,1.9141541719436646,"{""type"":""MultiPoint"",""coordinates"":[]}"
4_00000000000000000018,Thiruvananthapuram,2015-05,90863.65625,97970.453125,0.018674585968255997,299.78753662109375,2.9732751846313477,0.5363774299621582,"{""type"":""MultiPoint"",""coordinates"":[]}"
4_00000000000000000019,Visakhapatnam,2015-05,93949.53125,100246.6953125,0.020206289365887642,303.9990539550781,2.7308571338653564,4.826354503631592,"{""type"":""MultiPoint"",""coordinates"":[]}"
5_00000000000000000000,Ahmedabad,2015-06,85547.3125,99029.6171875,0.016587942838668823,306.00732421875,2.124046802520752,2.498706817626953,"{""type"":""MultiPoint"",""coordinates"":[]}"
5_00000000000000000001,Aizawl,2015-06,85728.6796875,92057.6875,0.018307983875274658,297.97503662109375,0.5811691880226135,0.5367500185966492,"{""type"":""MultiPoint"",""coordinates"":[]}"
5_00000000000000000002,Amaravati,2015-06,92146.859375,99844.4140625,0.018234269693493843,302.3500061035156,3.3417246341705322,1.2422940731048584,"{""type"":""MultiPoint"",""coordinates"":[]}"
5_00000000000000000003,Amritsar,2015-06,76952.8046875,97097.546875,0.010927225463092327,308.07794189453125,1.940814733505249,-0.05852801352739334,"{""type"":""MultiPoint"",""coordinates"":[]}"
5_00000000000000000004,Bengaluru,2015-06,83890.6875,91491.5,0.015085539780557156,297.4153747558594,5.531400680541992,0.7121217846870422,"{""type"":""MultiPoint"",""coordinates"":[]}"
5_00000000000000000005,Bhopal,2015-06,80847.1875,94858.78125,0.015376103110611439,304.7203063964844,3.7828190326690674,-0.592194139957428,"{""type"":""MultiPoint"",""coordinates"":[]}"
5_00000000000000000006,Brajrajnagar,2015-06,85911.171875,96769.125,0.017543958500027657,304.02349853515625,0.7779911160469055,1.0634433031082153,"{""type"":""MultiPoint"",""coordinates"":[]}"
5_00000000000000000007,Chandigarh,2015-06,71141.4765625,90371.171875,0.011182913556694984,303.1121826171875,1.9630467891693115,-0.33302125334739685,"{""type"":""MultiPoint"",""coordinates"":[]}"
5_00000000000000000008,Chennai,2015-06,92094.8984375,100498.6171875,0.01963840238749981,303.3062438964844,3.7764360904693604,2.7729809284210205,"{""type"":""MultiPoint"",""coordinates"":[]}"
5_00000000000000000009,Coimbatore,2015-06,88254.125,96058.390625,0.016002720221877098,299.9027404785156,3.7148497104644775,0.42416679859161377,"{""type"":""MultiPoint"",""coordinates"":[]}"
5_0000000000000000000a,Delhi,2015-06,80827.0078125,97407.5546875,0.011732866056263447,308.1485290527344,2.3077096939086914,0.13241305947303772,"{""type"":""MultiPoint"",""coordinates"":[]}"
5_0000000000000000000b,Ernakulam,2015-06,93580.28125,99846.40625,0.019344205036759377,299.9461669921875,3.0949013233184814,0.7778752446174622,"{""type"":""MultiPoint"",""coordinates"":[]}"
5_0000000000000000000c,Gurugram,2015-06,80827.0078125,97407.5546875,0.011732866056263447,308.1485290527344,2.3077096939086914,0.13241305947303772,"{""type"":""MultiPoint"",""coordinates"":[]}"
5_0000000000000000000d,Guwahati,2015-06,92148.3125,98546.046875,0.021367233246564865,302.1230773925781,1.419254183769226,-0.2631251811981201,"{""type"":""MultiPoint"",""coordinates"":[]}"
5_0000000000000000000e,Hyderabad,2015-06,84876.578125,94890.6015625,0.015705306082963943,301.68402099609375,4.662403583526611,0.37461498379707336,"{""type"":""MultiPoint"",""coordinates"":[]}"
5_0000000000000000000f,Jaipur,2015-06,77432.9140625,95512.1875,0.01269555278122425,307.0453186035156,1.7001134157180786,-0.7304862141609192,"{""type"":""MultiPoint"",""coordinates"":[]}"
5_00000000000000000010,Jorapokhar,2015-06,87392.8125,98027.234375,0.018241126090288162,304.4338073730469,-0.34059545397758484,2.796809196472168,"{""type"":""MultiPoint"",""coordinates"":[]}"
5_00000000000000000011,Kochi,2015-06,93580.28125,99846.40625,0.019344205036759377,299.9461669921875,3.0949013233184814,0.7778752446174622,"{""type"":""MultiPoint"",""coordinates"":[]}"
5_00000000000000000012,Kolkata,2015-06,92727.9921875,100028.8125,0.02015172317624092,303.24188232421875,0.3338438868522644,3.750343084335327,"{""type"":""MultiPoint"",""coordinates"":[]}"
5_00000000000000000013,Lucknow,2015-06,78620.4765625,98527.6875,0.01217080932110548,309.776611328125,0.18616819381713867,-0.5122767090797424,"{""type"":""MultiPoint"",""coordinates"":[]}"
5_00000000000000000014,Mumbai,2015-06,90434.0703125,99003.359375,0.019232947379350662,301.42510986328125,3.296658515930176,3.553678274154663,"{""type"":""MultiPoint"",""coordinates"":[]}"
5_00000000000000000015,Patna,2015-06,80724.5078125,99198.7578125,0.0144798643887043,309.2453308105469,-0.25309860706329346,0.9249122738838196,"{""type"":""MultiPoint"",""coordinates"":[]}"
5_00000000000000000016,Shillong,2015-06,80345.7421875,87214.84375,0.017778223380446434,295.2934875488281,1.2398701906204224,4.005205154418945,"{""type"":""MultiPoint"",""coordinates"":[]}"
5_00000000000000000017,Talcher,2015-06,88774.59375,97793.078125,0.018231583759188652,302.98443603515625,0.46775421500205994,1.850197672843933,"{""type"":""MultiPoint"",""coordinates"":[]}"
5_00000000000000000018,Thiruvananthapuram,2015-06,92011.578125,97954.4140625,0.01850772649049759,298.8265075683594,4.648963451385498,0.537856936454773,"{""type"":""MultiPoint"",""coordinates"":[]}"
5_00000000000000000019,Visakhapatnam,2015-06,94251.7421875,99935.578125,0.0208786241710186,302.2000427246094,3.2586562633514404,2.9828712940216064,"{""type"":""MultiPoint"",""coordinates"":[]}"
6_00000000000000000000,Ahmedabad,2015-07,88713.8359375,99028.15625,0.01827806606888771,303.3502197265625,4.777034759521484,3.10431170463562,"{""type"":""MultiPoint"",""coordinates"":[]}"
6_00000000000000000001,Aizawl,2015-07,86709.765625,91907.15625,0.018500713631510735,297.3640441894531,0.11444053798913956,0.3869512379169464,"{""type"":""MultiPoint"",""coordinates"":[]}"
6_00000000000000000002,Amaravati,2015-07,89509.8359375,99845.890625,0.01795925199985504,303.056884765625,3.524961471557617,-0.1540624052286148,"{""type"":""MultiPoint"",""coordinates"":[]}"
6_00000000000000000003,Amritsar,2015-07,82424.3359375,97004.09375,0.01790759526193142,305.8421325683594,0.5129626393318176,1.2123762369155884,"{""type"":""MultiPoint"",""coordinates"":[]}"
6_00000000000000000004,Bengaluru,2015-07,83426.8359375,91536.03125,0.014469773508608341,297.96600341796875,6.122735023498535,-0.7875019907951355,"{""type"":""MultiPoint"",""coordinates"":[]}"
6_00000000000000000005,Bhopal,2015-07,86431.9609375,94862.390625,0.018600085750222206,300.1817626953125,4.991155624389648,0.45121797919273376,"{""type"":""MultiPoint"",""coordinates"":[]}"
6_00000000000000000006,Brajrajnagar,2015-07,91210.390625,96757.859375,0.02014118619263172,300.45819091796875,2.939072847366333,0.5135784149169922,"{""type"":""MultiPoint"",""coordinates"":[]}"
6_00000000000000000007,Chandigarh,2015-07,80585.65625,90276.6015625,0.018313193693757057,299.406005859375,1.301290512084961,0.5902380347251892,"{""type"":""MultiPoint"",""coordinates"":[]}"
6_00000000000000000008,Chennai,2015-07,92163.5078125,100519.125,0.0194147489964962,303.2033386230469,3.2250466346740723,2.070563793182373,"{""type"":""MultiPoint"",""coordinates"":[]}"
6_00000000000000000009,Coimbatore,2015-07,87913.4765625,96085.953125,0.014895091764628887,300.78192138671875,4.101051330566406,-0.3665860891342163,"{""type"":""MultiPoint"",""coordinates"":[]}"
6_0000000000000000000a,Delhi,2015-07,86125.21875,97376.9140625,0.019282639026641846,303.41632080078125,0.6436854600906372,0.8370258212089539,"{""type"":""MultiPoint"",""coordinates"":[]}"
6_0000000000000000000b,Ernakulam,2015-07,94362.2265625,99924.3125,0.019014056771993637,299.2679138183594,3.3831498622894287,-0.5950146913528442,"{""type"":""MultiPoint"",""coordinates"":[]}"
6_0000000000000000000c,Gurugram,2015-07,86125.21875,97376.9140625,0.019282639026641846,303.41632080078125,0.6436854600906372,0.8370258212089539,"{""type"":""MultiPoint"",""coordinates"":[]}"
6_0000000000000000000d,Guwahati,2015-07,93067.6640625,98461.53125,0.021600892767310143,302.1766662597656,-0.4937003254890442,-0.6756221055984497,"{""type"":""MultiPoint"",""coordinates"":[]}"
6_0000000000000000000e,Hyderabad,2015-07,85014.3125,94924.953125,0.01531487237662077,301.8529968261719,5.367822170257568,-0.8881481289863586,"{""type"":""MultiPoint"",""coordinates"":[]}"
6_0000000000000000000f,Jaipur,2015-07,83665.9609375,95414.6328125,0.017794953659176826,303.2559814453125,1.6880841255187988,0.7571588158607483,"{""type"":""MultiPoint"",""coordinates"":[]}"
6_00000000000000000010,Jorapokhar,2015-07,91291.0625,97973.2578125,0.020752809941768646,301.42919921875,0.10131528228521347,0.7097209692001343,"{""type"":""MultiPoint"",""coordinates"":[]}"
6_00000000000000000011,Kochi,2015-07,94362.2265625,99924.3125,0.019014056771993637,299.2679138183594,3.3831498622894287,-0.5950146913528442,"{""type"":""MultiPoint"",""coordinates"":[]}"
6_00000000000000000012,Kolkata,2015-07,94735.3125,99871.2265625,0.021794889122247696,301.41143798828125,0.4760286808013916,1.6265896558761597,"{""type"":""MultiPoint"",""coordinates"":[]}"
6_00000000000000000013,Lucknow,2015-07,87211.1328125,98560.015625,0.01965990476310253,303.9949951171875,0.213082954287529,0.03352287411689758,"{""type"":""MultiPoint"",""coordinates"":[]}"
6_00000000000000000014,Mumbai,2015-07,91364.421875,99131.09375,0.019390275701880455,299.9217834472656,4.882843971252441,2.6450304985046387,"{""type"":""MultiPoint"",""coordinates"":[]}"
6_00000000000000000015,Patna,2015-07,89895.7421875,99224.140625,0.02072797901928425,303.1324768066406,0.08732569962739944,0.5995073914527893,"{""type"":""MultiPoint"",""coordinates"":[]}"
6_00000000000000000016,Shillong,2015-07,80932.4609375,87095.8046875,0.017732102423906326,295.2335510253906,-0.2408277839422226,2.2923340797424316,"{""type"":""MultiPoint"",""coordinates"":[]}"
6_00000000000000000017,Talcher,2015-07,92919.390625,97774.640625,0.020072439685463905,300.34112548828125,2.8644967079162598,0.6192852258682251,"{""type"":""MultiPoint"",""coordinates"":[]}"
6_00000000000000000018,Thiruvananthapuram,2015-07,91851.34375,98009.78125,0.01772240735590458,298.7438659667969,5.611999034881592,-0.30844560265541077,"{""type"":""MultiPoint"",""coordinates"":[]}"
6_00000000000000000019,Visakhapatnam,2015-07,95983.3203125,99954.0078125,0.021142462268471718,301.7567443847656,3.4952034950256348,2.6094248294830322,"{""type"":""MultiPoint"",""coordinates"":[]}"
7_00000000000000000000,Ahmedabad,2015-08,89134.3984375,99377.03125,0.01935148611664772,301.0567321777344,2.858839273452759,1.6609606742858887,"{""type"":""MultiPoint"",""coordinates"":[]}"
7_00000000000000000001,Aizawl,2015-08,86355.6484375,92155.765625,0.01864352636039257,297.4111328125,0.43022453784942627,0.3065831661224365,"{""type"":""MultiPoint"",""coordinates"":[]}"
7_00000000000000000002,Amaravati,2015-08,91531.40625,99991.5546875,0.019018402323126793,301.6249694824219,2.4636948108673096,0.07551811635494232,"{""type"":""MultiPoint"",""coordinates"":[]}"
7_00000000000000000003,Amritsar,2015-08,83608.796875,97255.8671875,0.01821628026664257,304.8283996582031,0.7279083132743835,0.7170454263687134,"{""type"":""MultiPoint"",""coordinates"":[]}"
7_00000000000000000004,Bengaluru,2015-08,83518.359375,91591.6796875,0.01473210845142603,297.6745910644531,4.556206226348877,-0.8537344336509705,"{""type"":""MultiPoint"",""coordinates"":[]}"
7_00000000000000000005,Bhopal,2015-08,88082.59375,95129.2578125,0.019283292815089226,298.8633728027344,3.216660499572754,-1.44076406955719,"{""type"":""MultiPoint"",""coordinates"":[]}"
7_00000000000000000006,Brajrajnagar,2015-08,91006.515625,96957.2109375,0.02028469182550907,300.18408203125,1.3846209049224854,0.7973592877388,"{""type"":""MultiPoint"",""coordinates"":[]}"
7_00000000000000000007,Chandigarh,2015-08,81268.1171875,90508.3828125,0.01812286116182804,298.39312744140625,1.5334429740905762,0.019679849967360497,"{""type"":""MultiPoint"",""coordinates"":[]}"
7_00000000000000000008,Chennai,2015-08,93421.59375,100634.734375,0.0195610374212265,302.54998779296875,2.9126856327056885,2.1700446605682373,"{""type"":""MultiPoint"",""coordinates"":[]}"
7_00000000000000000009,Coimbatore,2015-08,87459.1484375,96131.453125,0.015017179772257805,301.0247497558594,3.012068033218384,-0.26657333970069885,"{""type"":""MultiPoint"",""coordinates"":[]}"
7_0000000000000000000a,Delhi,2015-08,88967.171875,97643.40625,0.019428163766860962,302.0486145019531,2.0889041423797607,0.5388169884681702,"{""type"":""MultiPoint"",""coordinates"":[]}"
7_0000000000000000000b,Ernakulam,2015-08,94619.59375,99944.6953125,0.018969595432281494,299.1858215332031,2.7690834999084473,-0.46179527044296265,"{""type"":""MultiPoint"",""coordinates"":[]}"
7_0000000000000000000c,Gurugram,2015-08,88967.171875,97643.40625,0.019428163766860962,302.0486145019531,2.0889041423797607,0.5388169884681702,"{""type"":""MultiPoint"",""coordinates"":[]}"
7_0000000000000000000d,Guwahati,2015-08,93666.765625,98682.6484375,0.021485522389411926,301.7460632324219,1.6321756839752197,-0.4647473394870758,"{""type"":""MultiPoint"",""coordinates"":[]}"
7_0000000000000000000e,Hyderabad,2015-08,85061.203125,95065.25,0.01630013808608055,300.3546142578125,3.5001816749572754,-1.3142304420471191,"{""type"":""MultiPoint"",""coordinates"":[]}"
7_0000000000000000000f,Jaipur,2015-08,84306.28125,95761.734375,0.017715273424983025,302.24591064453125,3.030588388442993,0.11239210516214371,"{""type"":""MultiPoint"",""coordinates"":[]}"
7_00000000000000000010,Jorapokhar,2015-08,92332.75,98223.4296875,0.02095758728682995,301.1228332519531,0.0398416668176651,1.2766894102096558,"{""type"":""MultiPoint"",""coordinates"":[]}"
7_00000000000000000011,Kochi,2015-08,94619.59375,99944.6953125,0.018969595432281494,299.1858215332031,2.7690834999084473,-0.46179527044296265,"{""type"":""MultiPoint"",""coordinates"":[]}"
7_00000000000000000012,Kolkata,2015-08,94480.96875,100154.46875,0.021685250103473663,301.5184020996094,-0.1606946885585785,2.468566417694092,"{""type"":""MultiPoint"",""coordinates"":[]}"
7_00000000000000000013,Lucknow,2015-08,88860.3046875,98825.5703125,0.020129356533288956,303.186767578125,1.0227842330932617,-0.23592506349086761,"{""type"":""MultiPoint"",""coordinates"":[]}"
7_00000000000000000014,Mumbai,2015-08,91189.484375,99308.0078125,0.018967965617775917,299.4527282714844,3.494736433029175,0.8648390173912048,"{""type"":""MultiPoint"",""coordinates"":[]}"
7_00000000000000000015,Patna,2015-08,91658.0859375,99484.625,0.021364005282521248,302.52569580078125,0.5087202191352844,0.7863700985908508,"{""type"":""MultiPoint"",""coordinates"":[]}"
7_00000000000000000016,Shillong,2015-08,80197.625,87299.8984375,0.017806697636842728,295.3106689453125,1.2076117992401123,3.0226523876190186,"{""type"":""MultiPoint"",""coordinates"":[]}"
7_00000000000000000017,Talcher,2015-08,90827.8203125,97969.890625,0.020345911383628845,300.4415283203125,1.2268874645233154,0.8083059787750244,"{""type"":""MultiPoint"",""coordinates"":[]}"
7_00000000000000000018,Thiruvananthapuram,2015-08,90871.765625,98027.7109375,0.017329614609479904,299.4789123535156,4.8772711753845215,-0.031860869377851486,"{""type"":""MultiPoint"",""coordinates"":[]}"
7_00000000000000000019,Visakhapatnam,2015-08,94920.0,100098.6328125,0.02083582431077957,301.57281494140625,3.115542411804199,2.650400161743164,"{""type"":""MultiPoint"",""coordinates"":[]}"
8_00000000000000000000,Ahmedabad,2015-09,85657.6640625,99571.3125,0.016064174473285675,302.1029968261719,0.8569098114967346,0.6646777987480164,"{""type"":""MultiPoint"",""coordinates"":[]}"
8_00000000000000000001,Aizawl,2015-09,86443.2109375,92359.859375,0.018379859626293182,297.3337097167969,0.2527354955673218,0.18225418031215668,"{""type"":""MultiPoint"",""coordinates"":[]}"
8_00000000000000000002,Amaravati,2015-09,93184.59375,100186.890625,0.019037948921322823,300.70660400390625,1.1445889472961426,0.6338663697242737,"{""type"":""MultiPoint"",""coordinates"":[]}"
8_00000000000000000003,Amritsar,2015-09,84912.90625,97725.1875,0.012168822810053825,302.90863037109375,0.852463960647583,0.012037279084324837,"{""type"":""MultiPoint"",""coordinates"":[]}"
8_00000000000000000004,Bengaluru,2015-09,82343.265625,91625.1328125,0.014791745692491531,297.42657470703125,2.2913026809692383,-0.08057066053152084,"{""type"":""MultiPoint"",""coordinates"":[]}"
8_00000000000000000005,Bhopal,2015-09,87497.3515625,95426.2109375,0.0167540255934,298.4538269042969,1.1192632913589478,-0.8572508692741394,"{""type"":""MultiPoint"",""coordinates"":[]}"
8_00000000000000000006,Brajrajnagar,2015-09,90640.1171875,97294.1484375,0.01899050921201706,299.9959411621094,0.37269675731658936,-0.1912037432193756,"{""type"":""MultiPoint"",""coordinates"":[]}"
8_00000000000000000007,Chandigarh,2015-09,81119.5234375,90879.7265625,0.013187829405069351,297.3656311035156,1.018750548362732,-0.9064180850982666,"{""type"":""MultiPoint"",""coordinates"":[]}"
8_00000000000000000008,Chennai,2015-09,94165.5390625,100759.734375,0.019279779866337776,302.0525817871094,1.4121943712234497,2.212231397628784,"{""type"":""MultiPoint"",""coordinates"":[]}"
8_00000000000000000009,Coimbatore,2015-09,87323.609375,96175.7890625,0.015272317454218864,300.54266357421875,1.9215691089630127,0.3982531428337097,"{""type"":""MultiPoint"",""coordinates"":[]}"
8_0000000000000000000a,Delhi,2015-09,86972.828125,98028.34375,0.01312208455055952,301.3869323730469,2.0637054443359375,-0.8269352912902832,"{""type"":""MultiPoint"",""coordinates"":[]}"
8_0000000000000000000b,Ernakulam,2015-09,93046.2734375,99937.2109375,0.01879242993891239,299.5330810546875,2.3351316452026367,0.38722074031829834,"{""type"":""MultiPoint"",""coordinates"":[]}"
8_0000000000000000000c,Gurugram,2015-09,86972.828125,98028.34375,0.01312208455055952,301.3869323730469,2.0637054443359375,-0.8269352912902832,"{""type"":""MultiPoint"",""coordinates"":[]}"
8_0000000000000000000d,Guwahati,2015-09,93642.3203125,98972.9140625,0.0206198301166296,301.2384948730469,0.812737762928009,-0.5347864627838135,"{""type"":""MultiPoint"",""coordinates"":[]}"
8_0000000000000000000e,Hyderabad,2015-09,85379.953125,95227.578125,0.016489926725625992,299.5571594238281,1.5103673934936523,-0.23362527787685394,"{""type"":""MultiPoint"",""coordinates"":[]}"
8_0000000000000000000f,Jaipur,2015-09,77215.609375,96093.390625,0.012206560000777245,302.4839172363281,0.8964670300483704,-0.23702514171600342,"{""type"":""MultiPoint"",""coordinates"":[]}"
8_00000000000000000010,Jorapokhar,2015-09,91529.1875,98561.8671875,0.019276103004813194,300.7648010253906,0.7270228266716003,0.23896697163581848,"{""type"":""MultiPoint"",""coordinates"":[]}"
8_00000000000000000011,Kochi,2015-09,93046.2734375,99937.2109375,0.01879242993891239,299.5330810546875,2.3351316452026367,0.38722074031829834,"{""type"":""MultiPoint"",""coordinates"":[]}"
8_00000000000000000012,Kolkata,2015-09,94626.71875,100463.015625,0.020483624190092087,301.263671875,0.2607298493385315,0.9373409748077393,"{""type"":""MultiPoint"",""coordinates"":[]}"
8_00000000000000000013,Lucknow,2015-09,85879.6171875,99171.2421875,0.015346762724220753,303.2217102050781,1.1178743839263916,-0.7149813771247864,"{""type"":""MultiPoint"",""coordinates"":[]}"
8_00000000000000000014,Mumbai,2015-09,91786.8203125,99407.7890625,0.01817626692354679,299.3683166503906,1.4989488124847412,-0.12897889316082,"{""type"":""MultiPoint"",""coordinates"":[]}"
8_00000000000000000015,Patna,2015-09,91127.7890625,99842.703125,0.019180692732334137,301.3294677734375,1.0981132984161377,0.6264556050300598,"{""type"":""MultiPoint"",""coordinates"":[]}"
8_00000000000000000016,Shillong,2015-09,80494.3515625,87520.3203125,0.01694509945809841,294.91534423828125,0.6331279277801514,1.6924490928649902,"{""type"":""MultiPoint"",""coordinates"":[]}"
8_00000000000000000017,Talcher,2015-09,92273.1171875,98279.7109375,0.019487706944346428,299.8921203613281,0.5371309518814087,-0.12019319832324982,"{""type"":""MultiPoint"",""coordinates"":[]}"
8_00000000000000000018,Thiruvananthapuram,2015-09,90932.40625,98036.7421875,0.01744300313293934,299.3399963378906,3.8105874061584473,0.9141097068786621,"{""type"":""MultiPoint"",""coordinates"":[]}"
8_00000000000000000019,Visakhapatnam,2015-09,93848.34375,100340.6796875,0.0203830748796463,301.3005065917969,1.6381309032440186,1.7066088914871216,"{""type"":""MultiPoint"",""coordinates"":[]}"
9_00000000000000000000,Ahmedabad,2015-10,78200.4296875,100016.3125,0.010097984224557877,302.4790344238281,-0.4386100172996521,-0.5956123471260071,"{""type"":""MultiPoint"",""coordinates"":[]}"
9_00000000000000000001,Aizawl,2015-10,86389.078125,92767.90625,0.015972696244716644,295.251708984375,-0.10500605404376984,0.07595539838075638,"{""type"":""MultiPoint"",""coordinates"":[]}"
9_00000000000000000002,Amaravati,2015-10,91520.1640625,100576.953125,0.017126930877566338,300.8450622558594,-1.095917820930481,0.06774553656578064,"{""type"":""MultiPoint"",""coordinates"":[]}"
9_00000000000000000003,Amritsar,2015-10,87149.4140625,98340.4453125,0.009493687190115452,298.8406982421875,0.5974192023277283,-0.6653619408607483,"{""type"":""MultiPoint"",""coordinates"":[]}"
9_00000000000000000004,Bengaluru,2015-10,83458.5390625,91850.84375,0.01368438359349966,296.2557067871094,-1.3046364784240723,-0.09523063898086548,"{""type"":""MultiPoint"",""coordinates"":[]}"
9_00000000000000000005,Bhopal,2015-10,78714.203125,95863.6171875,0.012332737445831299,298.39190673828125,-0.045748520642519,-0.9657233953475952,"{""type"":""MultiPoint"",""coordinates"":[]}"
9_00000000000000000006,Brajrajnagar,2015-10,87016.6484375,97816.3125,0.015206835232675076,298.3730773925781,-0.01847008988261223,-0.5466314554214478,"{""type"":""MultiPoint"",""coordinates"":[]}"
9_00000000000000000007,Chandigarh,2015-10,81053.7578125,91353.921875,0.009256994351744652,294.92047119140625,0.5119518637657166,-0.7067754864692688,"{""type"":""MultiPoint"",""coordinates"":[]}"
9_00000000000000000008,Chennai,2015-10,91989.8515625,101072.640625,0.018462136387825012,301.9753112792969,-0.8424256443977356,0.23194991052150726,"{""type"":""MultiPoint"",""coordinates"":[]}"
9_00000000000000000009,Coimbatore,2015-10,87299.84375,96417.3359375,0.015225513838231564,299.1832580566406,-0.3956925868988037,-2.8843251129728742E-5,"{""type"":""MultiPoint"",""coordinates"":[]}"
9_0000000000000000000a,Delhi,2015-10,88342.484375,98602.359375,0.008695928379893303,299.02386474609375,1.440841555595398,-0.7536485195159912,"{""type"":""MultiPoint"",""coordinates"":[]}"
9_0000000000000000000b,Ernakulam,2015-10,92410.1171875,100072.9375,0.018531128764152527,299.8837585449219,0.4767521619796753,0.6854695677757263,"{""type"":""MultiPoint"",""coordinates"":[]}"
9_0000000000000000000c,Gurugram,2015-10,88342.484375,98602.359375,0.008695928379893303,299.02386474609375,1.440841555595398,-0.7536485195159912,"{""type"":""MultiPoint"",""coordinates"":[]}"
9_0000000000000000000d,Guwahati,2015-10,92760.34375,99512.828125,0.017331842333078384,298.8898620605469,-0.43315550684928894,-0.7586972117424011,"{""type"":""MultiPoint"",""coordinates"":[]}"
9_0000000000000000000e,Hyderabad,2015-10,80993.4765625,95593.96875,0.013348600827157497,300.0470886230469,-1.6348530054092407,-0.1493193507194519,"{""type"":""MultiPoint"",""coordinates"":[]}"
9_0000000000000000000f,Jaipur,2015-10,76171.6875,96600.9375,0.006966512184590101,300.1394348144531,0.32591503858566284,-1.0628095865249634,"{""type"":""MultiPoint"",""coordinates"":[]}"
9_00000000000000000010,Jorapokhar,2015-10,90236.046875,99113.9921875,0.015076951123774052,298.4380798339844,0.49464482069015503,-0.580463707447052,"{""type"":""MultiPoint"",""coordinates"":[]}"
9_00000000000000000011,Kochi,2015-10,92410.1171875,100072.9375,0.018531128764152527,299.8837585449219,0.4767521619796753,0.6854695677757263,"{""type"":""MultiPoint"",""coordinates"":[]}"
9_00000000000000000012,Kolkata,2015-10,92026.015625,100993.8203125,0.017196204513311386,299.75067138671875,0.13497033715248108,-0.19390064477920532,"{""type"":""MultiPoint"",""coordinates"":[]}"
9_00000000000000000013,Lucknow,2015-10,81983.8515625,99757.015625,0.00929916650056839,300.9598083496094,0.34544849395751953,-0.8661350011825562,"{""type"":""MultiPoint"",""coordinates"":[]}"
9_00000000000000000014,Mumbai,2015-10,89949.078125,99656.34375,0.01664140820503235,300.2395935058594,-1.4878138303756714,-0.44569098949432373,"{""type"":""MultiPoint"",""coordinates"":[]}"
9_00000000000000000015,Patna,2015-10,85231.7578125,100427.8828125,0.012187209911644459,300.0203857421875,0.48009783029556274,0.2651534676551819,"{""type"":""MultiPoint"",""coordinates"":[]}"
9_00000000000000000016,Shillong,2015-10,79600.8828125,87892.9140625,0.013955649919807911,292.6100158691406,-0.013574933633208275,0.4725382328033447,"{""type"":""MultiPoint"",""coordinates"":[]}"
9_00000000000000000017,Talcher,2015-10,90066.2578125,98801.5,0.01615968346595764,298.4462890625,0.5080526471138,-0.5305359363555908,"{""type"":""MultiPoint"",""coordinates"":[]}"
9_00000000000000000018,Thiruvananthapuram,2015-10,90413.7578125,98180.9375,0.017283588647842407,298.9841613769531,0.6558507084846497,0.25871187448501587,"{""type"":""MultiPoint"",""coordinates"":[]}"
9_00000000000000000019,Visakhapatnam,2015-10,91698.2265625,100826.7890625,0.01780996099114418,301.13446044921875,-0.8766798973083496,-0.3474173843860626,"{""type"":""MultiPoint"",""coordinates"":[]}"
10_00000000000000000000,Ahmedabad,2015-11,87105.1015625,100174.5,0.0063992151990532875,299.2519226074219,-0.9275577068328857,-1.0923411846160889,"{""type"":""MultiPoint"",""coordinates"":[]}"
10_00000000000000000001,Aizawl,2015-11,85499.53125,92904.140625,0.012240114621818066,292.4796142578125,-0.07226195186376572,0.26213595271110535,"{""type"":""MultiPoint"",""coordinates"":[]}"
10_00000000000000000002,Amaravati,2015-11,93821.78125,100715.4296875,0.015446229837834835,298.3197021484375,-2.9799857139587402,-1.1295301914215088,"{""type"":""MultiPoint"",""coordinates"":[]}"
10_00000000000000000003,Amritsar,2015-11,89084.7265625,98643.078125,0.006161080207675695,292.9284362792969,1.138414978981018,-0.8838127851486206,"{""type"":""MultiPoint"",""coordinates"":[]}"
10_00000000000000000004,Bengaluru,2015-11,86035.8984375,91809.9140625,0.014519130811095238,294.2695617675781,-2.480537176132202,-0.9975901246070862,"{""type"":""MultiPoint"",""coordinates"":[]}"
10_00000000000000000005,Bhopal,2015-11,80817.2890625,96015.8984375,0.009101787582039833,296.14495849609375,-1.0271327495574951,-0.4245692193508148,"{""type"":""MultiPoint"",""coordinates"":[]}"
10_00000000000000000006,Brajrajnagar,2015-11,89922.890625,98049.296875,0.011823241598904133,295.13800048828125,-0.5371221899986267,-0.9012301564216614,"{""type"":""MultiPoint"",""coordinates"":[]}"
10_00000000000000000007,Chandigarh,2015-11,83200.4765625,91512.4140625,0.0063073355704545975,290.8250732421875,0.34507685899734497,-0.5301437377929688,"{""type"":""MultiPoint"",""coordinates"":[]}"
10_00000000000000000008,Chennai,2015-11,91325.2421875,101060.7109375,0.018704945221543312,300.5904235839844,-4.042749881744385,-2.3951210975646973,"{""type"":""MultiPoint"",""coordinates"":[]}"
10_00000000000000000009,Coimbatore,2015-11,90165.15625,96396.3203125,0.01614285632967949,296.702880859375,-1.013614535331726,-0.7985336780548096,"{""type"":""MultiPoint"",""coordinates"":[]}"
10_0000000000000000000a,Delhi,2015-11,88868.7578125,98873.640625,0.006216603796929121,294.35980224609375,1.561073660850525,-1.1974883079528809,"{""type"":""MultiPoint"",""coordinates"":[]}"
10_0000000000000000000b,Ernakulam,2015-11,93127.9765625,99985.546875,0.01783549040555954,299.24615478515625,-0.5548707842826843,-0.12613937258720398,"{""type"":""MultiPoint"",""coordinates"":[]}"
10_0000000000000000000c,Gurugram,2015-11,88868.7578125,98873.640625,0.006216603796929121,294.35980224609375,1.561073660850525,-1.1974883079528809,"{""type"":""MultiPoint"",""coordinates"":[]}"
10_0000000000000000000d,Guwahati,2015-11,93449.734375,99724.578125,0.013707585632801056,295.1411437988281,-0.5922291278839111,-1.1567357778549194,"{""type"":""MultiPoint"",""coordinates"":[]}"
10_0000000000000000000e,Hyderabad,2015-11,83970.421875,95694.1875,0.011665986850857735,298.3387145996094,-2.896501064300537,0.0700569599866867,"{""type"":""MultiPoint"",""coordinates"":[]}"
10_0000000000000000000f,Jaipur,2015-11,83817.1796875,96824.8125,0.006032420322299004,294.61529541015625,-0.8934406638145447,-0.7127683758735657,"{""type"":""MultiPoint"",""coordinates"":[]}"
10_00000000000000000010,Jorapokhar,2015-11,90390.0,99350.8125,0.010961570776998997,295.36859130859375,0.9663471579551697,-0.7404057383537292,"{""type"":""MultiPoint"",""coordinates"":[]}"
10_00000000000000000011,Kochi,2015-11,93127.9765625,99985.546875,0.01783549040555954,299.24615478515625,-0.5548707842826843,-0.12613937258720398,"{""type"":""MultiPoint"",""coordinates"":[]}"
10_00000000000000000012,Kolkata,2015-11,91257.9765625,101260.296875,0.012640127912163734,296.6966247558594,0.796663761138916,-0.8162314891815186,"{""type"":""MultiPoint"",""coordinates"":[]}"
10_00000000000000000013,Lucknow,2015-11,85986.3125,100020.203125,0.006546481046825647,297.1083068847656,0.8667313456535339,-0.945245623588562,"{""type"":""MultiPoint"",""coordinates"":[]}"
10_00000000000000000014,Mumbai,2015-11,86730.7890625,99725.28125,0.012748584151268005,298.94610595703125,-2.191159248352051,-0.6225289702415466,"{""type"":""MultiPoint"",""coordinates"":[]}"
10_00000000000000000015,Patna,2015-11,87656.15625,100689.046875,0.008429464884102345,297.3005676269531,0.6408520936965942,-0.17747758328914642,"{""type"":""MultiPoint"",""coordinates"":[]}"
10_00000000000000000016,Shillong,2015-11,79493.9375,87956.3515625,0.01079155970364809,289.52728271484375,0.3462313115596771,0.3173658847808838,"{""type"":""MultiPoint"",""coordinates"":[]}"
10_00000000000000000017,Talcher,2015-11,90732.9375,99030.4140625,0.012367403134703636,295.4336853027344,0.27933362126350403,-0.8683820366859436,"{""type"":""MultiPoint"",""coordinates"":[]}"
10_00000000000000000018,Thiruvananthapuram,2015-11,91310.671875,98097.703125,0.017720859497785568,297.7077331542969,-0.24463367462158203,-0.6273986101150513,"{""type"":""MultiPoint"",""coordinates"":[]}"
10_00000000000000000019,Visakhapatnam,2015-11,93010.09375,101035.5,0.015969902276992798,298.493408203125,-3.0668532848358154,-2.5131919384002686,"{""type"":""MultiPoint"",""coordinates"":[]}"
11_00000000000000000000,Ahmedabad,2015-12,92040.7734375,100444.0234375,0.0027744779363274574,294.1745300292969,-1.4634428024291992,-1.479836344718933,"{""type"":""MultiPoint"",""coordinates"":[]}"
11_00000000000000000001,Aizawl,2015-12,85702.3125,93022.4140625,0.008476750925183296,288.8221435546875,0.1218937411904335,0.44556954503059387,"{""type"":""MultiPoint"",""coordinates"":[]}"
11_00000000000000000002,Amaravati,2015-12,90846.671875,100948.2578125,0.01322848442941904,297.5554504394531,-1.705020546913147,0.8307439684867859,"{""type"":""MultiPoint"",""coordinates"":[]}"
11_00000000000000000003,Amritsar,2015-12,90633.2734375,98828.2265625,0.004244848154485226,288.07855224609375,1.3738501071929932,-0.5811163783073425,"{""type"":""MultiPoint"",""coordinates"":[]}"
11_00000000000000000004,Bengaluru,2015-12,84655.984375,92030.765625,0.012514682486653328,293.82830810546875,-3.0954740047454834,-0.32235851883888245,"{""type"":""MultiPoint"",""coordinates"":[]}"
11_00000000000000000005,Bhopal,2015-12,86363.5546875,96198.28125,0.00393850589171052,291.6369323730469,-0.9840335845947266,-1.0903329849243164,"{""type"":""MultiPoint"",""coordinates"":[]}"
11_00000000000000000006,Brajrajnagar,2015-12,91512.9453125,98202.7734375,0.009669328108429909,292.1627197265625,-0.5329186916351318,-0.9617137312889099,"{""type"":""MultiPoint"",""coordinates"":[]}"
11_00000000000000000007,Chandigarh,2015-12,84976.0703125,91587.9609375,0.0042380657978355885,285.9413757324219,0.4203742742538452,-0.994690477848053,"{""type"":""MultiPoint"",""coordinates"":[]}"
11_00000000000000000008,Chennai,2015-12,90604.0703125,101398.3203125,0.016415083780884743,299.6500549316406,-3.8730955123901367,-2.2830445766448975,"{""type"":""MultiPoint"",""coordinates"":[]}"
11_00000000000000000009,Coimbatore,2015-12,88840.140625,96635.203125,0.01463985349982977,296.1783447265625,-1.694246768951416,-0.977631151676178,"{""type"":""MultiPoint"",""coordinates"":[]}"
11_0000000000000000000a,Delhi,2015-12,91843.7890625,99094.5390625,0.003192021045833826,288.71832275390625,2.144064426422119,-1.000233769416809,"{""type"":""MultiPoint"",""coordinates"":[]}"
11_0000000000000000000b,Ernakulam,2015-12,93491.484375,100165.4296875,0.016551680862903595,299.1105651855469,-2.0221872329711914,-0.7276439070701599,"{""type"":""MultiPoint"",""coordinates"":[]}"
11_0000000000000000000c,Gurugram,2015-12,91843.7890625,99094.5390625,0.003192021045833826,288.71832275390625,2.144064426422119,-1.000233769416809,"{""type"":""MultiPoint"",""coordinates"":[]}"
11_0000000000000000000d,Guwahati,2015-12,94090.5546875,99907.796875,0.010122289881110191,290.9581604003906,-0.18108253180980682,-1.3126869201660156,"{""type"":""MultiPoint"",""coordinates"":[]}"
11_0000000000000000000e,Hyderabad,2015-12,82026.9375,95858.3125,0.008939824998378754,297.16192626953125,-1.396651029586792,0.9695947170257568,"{""type"":""MultiPoint"",""coordinates"":[]}"
11_0000000000000000000f,Jaipur,2015-12,88282.0,97033.4296875,0.0029213596135377884,289.28668212890625,-0.3277752697467804,-0.7911120653152466,"{""type"":""MultiPoint"",""coordinates"":[]}"
11_00000000000000000010,Jorapokhar,2015-12,91500.4296875,99564.078125,0.007815506309270859,291.5949401855469,1.2653234004974365,-0.8535277843475342,"{""type"":""MultiPoint"",""coordinates"":[]}"
11_00000000000000000011,Kochi,2015-12,93491.484375,100165.4296875,0.016551680862903595,299.1105651855469,-2.0221872329711914,-0.7276439070701599,"{""type"":""MultiPoint"",""coordinates"":[]}"
11_00000000000000000012,Kolkata,2015-12,93413.328125,101499.390625,0.008815915323793888,293.0942077636719,0.9199275970458984,-1.1180367469787598,"{""type"":""MultiPoint"",""coordinates"":[]}"
11_00000000000000000013,Lucknow,2015-12,92728.6875,100271.6796875,0.003913652151823044,290.46112060546875,1.7378787994384766,-0.6281028985977173,"{""type"":""MultiPoint"",""coordinates"":[]}"
11_00000000000000000014,Mumbai,2015-12,89379.1875,99922.4296875,0.0072670369409024715,297.9646301269531,-1.656073808670044,-0.7287439703941345,"{""type"":""MultiPoint"",""coordinates"":[]}"
11_00000000000000000015,Patna,2015-12,93592.7265625,100936.8828125,0.0053400276228785515,291.3659362792969,1.5583237409591675,-0.1975080817937851,"{""type"":""MultiPoint"",""coordinates"":[]}"
11_00000000000000000016,Shillong,2015-12,78984.984375,87964.2734375,0.008074100129306316,285.0194396972656,0.7920432686805725,0.2910156846046448,"{""type"":""MultiPoint"",""coordinates"":[]}"
11_00000000000000000017,Talcher,2015-12,88964.0,99195.734375,0.010486301966011524,293.9667053222656,0.19886335730552673,-0.48205357789993286,"{""type"":""MultiPoint"",""coordinates"":[]}"
11_00000000000000000018,Thiruvananthapuram,2015-12,92302.7734375,98288.6171875,0.017170779407024384,296.9430236816406,-2.381397247314453,-2.2364706993103027,"{""type"":""MultiPoint"",""coordinates"":[]}"
11_00000000000000000019,Visakhapatnam,2015-12,93360.6015625,101251.484375,0.014308643527328968,297.421630859375,-1.1019469499588013,-0.24891582131385803,"{""type"":""MultiPoint"",""coordinates"":[]}"
12_00000000000000000000,Ahmedabad,2016-01,89865.375,100415.3515625,0.004066117107868195,294.2540283203125,-0.282988578081131,-1.4876490831375122,"{""type"":""MultiPoint"",""coordinates"":[]}"
12_00000000000000000001,Aizawl,2016-01,85663.78125,92969.1953125,0.006775631569325924,288.07977294921875,0.36766308546066284,0.35877981781959534,"{""type"":""MultiPoint"",""coordinates"":[]}"
12_00000000000000000002,Amaravati,2016-01,82921.640625,100938.3984375,0.011456664651632309,298.1824035644531,-1.1116299629211426,1.4008015394210815,"{""type"":""MultiPoint"",""coordinates"":[]}"
12_00000000000000000003,Amritsar,2016-01,90513.3515625,98804.0078125,0.004144870676100254,287.449951171875,1.274258017539978,-0.7811115980148315,"{""type"":""MultiPoint"",""coordinates"":[]}"
12_00000000000000000004,Bengaluru,2016-01,81063.1015625,92041.1953125,0.010350489988923073,293.90997314453125,-2.613646984100342,0.33340251445770264,"{""type"":""MultiPoint"",""coordinates"":[]}"
12_00000000000000000005,Bhopal,2016-01,84055.71875,96152.796875,0.004742545075714588,291.7864990234375,-0.5995739698410034,-0.3667197823524475,"{""type"":""MultiPoint"",""coordinates"":[]}"
12_00000000000000000006,Brajrajnagar,2016-01,88304.515625,98176.609375,0.006850312929600477,291.93548583984375,-0.1389494687318802,-1.0189671516418457,"{""type"":""MultiPoint"",""coordinates"":[]}"
12_00000000000000000007,Chandigarh,2016-01,84531.9453125,91529.5078125,0.0040277824737131596,285.1158447265625,0.39099088311195374,-0.7729617357254028,"{""type"":""MultiPoint"",""coordinates"":[]}"
12_00000000000000000008,Chennai,2016-01,90740.46875,101450.4765625,0.014526852406561375,298.9381103515625,-3.1795918941497803,-1.2237430810928345,"{""type"":""MultiPoint"",""coordinates"":[]}"
12_00000000000000000009,Coimbatore,2016-01,85428.78125,96666.5703125,0.011796470731496811,296.40069580078125,-1.6391586065292358,-0.3277137577533722,"{""type"":""MultiPoint"",""coordinates"":[]}"
12_0000000000000000000a,Delhi,2016-01,91871.3671875,99060.8203125,0.00319277704693377,288.3952941894531,1.7636339664459229,-0.8528041839599609,"{""type"":""MultiPoint"",""coordinates"":[]}"
12_0000000000000000000b,Ernakulam,2016-01,90378.296875,100216.59375,0.014157206751406193,299.82952880859375,-1.3375859260559082,-0.27369752526283264,"{""type"":""MultiPoint"",""coordinates"":[]}"
12_0000000000000000000c,Gurugram,2016-01,91871.3671875,99060.8203125,0.00319277704693377,288.3952941894531,1.7636339664459229,-0.8528041839599609,"{""type"":""MultiPoint"",""coordinates"":[]}"
12_0000000000000000000d,Guwahati,2016-01,93342.5390625,99888.421875,0.008935162797570229,289.7189025878906,0.3026158809661865,-1.162291407585144,"{""type"":""MultiPoint"",""coordinates"":[]}"
12_0000000000000000000e,Hyderabad,2016-01,77506.5,95852.9453125,0.007066945545375347,295.947509765625,-1.3369961977005005,0.6569251418113708,"{""type"":""MultiPoint"",""coordinates"":[]}"
12_0000000000000000000f,Jaipur,2016-01,86652.5,96962.6015625,0.0035123962443321943,289.4992370605469,-0.07651446759700775,-0.5880593657493591,"{""type"":""MultiPoint"",""coordinates"":[]}"
12_00000000000000000010,Jorapokhar,2016-01,89580.0859375,99535.1640625,0.0060863979160785675,290.83349609375,1.3378093242645264,-0.9321653246879578,"{""type"":""MultiPoint"",""coordinates"":[]}"
12_00000000000000000011,Kochi,2016-01,90378.296875,100216.59375,0.014157206751406193,299.82952880859375,-1.3375859260559082,-0.27369752526283264,"{""type"":""MultiPoint"",""coordinates"":[]}"
12_00000000000000000012,Kolkata,2016-01,91972.203125,101481.34375,0.006828221958130598,292.5061950683594,1.1289080381393433,-1.0871305465698242,"{""type"":""MultiPoint"",""coordinates"":[]}"
12_00000000000000000013,Lucknow,2016-01,91706.9453125,100241.0234375,0.0035401401109993458,290.19195556640625,1.8458566665649414,-0.7373296022415161,"{""type"":""MultiPoint"",""coordinates"":[]}"
12_00000000000000000014,Mumbai,2016-01,85571.671875,99959.09375,0.006146093364804983,297.0731506347656,-0.7095788717269897,-0.9965600967407227,"{""type"":""MultiPoint"",""coordinates"":[]}"
12_00000000000000000015,Patna,2016-01,92492.234375,100910.140625,0.0045249140821397305,290.593994140625,1.73257315158844,-0.13820673525333405,"{""type"":""MultiPoint"",""coordinates"":[]}"
12_00000000000000000016,Shillong,2016-01,78717.75,87907.5234375,0.0068459417670965195,283.95306396484375,1.3140161037445068,0.4318283796310425,"{""type"":""MultiPoint"",""coordinates"":[]}"
12_00000000000000000017,Talcher,2016-01,87374.46875,99170.6328125,0.0071374354884028435,293.5171813964844,0.5301631093025208,-0.8369049429893494,"{""type"":""MultiPoint"",""coordinates"":[]}"
12_00000000000000000018,Thiruvananthapuram,2016-01,92229.0703125,98358.8828125,0.01529879029840231,296.07086181640625,-2.6226377487182617,-2.356539726257324,"{""type"":""MultiPoint"",""coordinates"":[]}"
12_00000000000000000019,Visakhapatnam,2016-01,92291.375,101250.0859375,0.012593185529112816,296.7887878417969,-0.4495008587837219,0.48563286662101746,"{""type"":""MultiPoint"",""coordinates"":[]}"
13_00000000000000000000,Ahmedabad,2016-02,88076.6953125,100249.140625,0.003615293651819229,296.83203125,-0.788227915763855,-1.2908049821853638,"{""type"":""MultiPoint"",""coordinates"":[]}"
13_00000000000000000001,Aizawl,2016-02,82985.3046875,92974.859375,0.009097062982618809,292.33551025390625,0.5506032109260559,0.5064598917961121,"{""type"":""MultiPoint"",""coordinates"":[]}"
13_00000000000000000002,Amaravati,2016-02,88430.9140625,100809.0234375,0.012828905135393143,301.1242370605469,-1.2335666418075562,3.0310020446777344,"{""type"":""MultiPoint"",""coordinates"":[]}"
13_00000000000000000003,Amritsar,2016-02,87761.71875,98707.84375,0.004480810835957527,290.01947021484375,1.2659634351730347,-0.36239612102508545,"{""type"":""MultiPoint"",""coordinates"":[]}"
13_00000000000000000004,Bengaluru,2016-02,78822.0625,91975.9765625,0.009692464955151081,297.6434020996094,-2.9507553577423096,1.5362242460250854,"{""type"":""MultiPoint"",""coordinates"":[]}"
13_00000000000000000005,Bhopal,2016-02,83238.015625,96026.9765625,0.004402611404657364,294.9263610839844,-0.8667972087860107,-0.9943792819976807,"{""type"":""MultiPoint"",""coordinates"":[]}"
13_00000000000000000006,Brajrajnagar,2016-02,84743.015625,98000.875,0.008794673718512058,297.4969482421875,-0.7390578985214233,-0.6611632704734802,"{""type"":""MultiPoint"",""coordinates"":[]}"
13_00000000000000000007,Chandigarh,2016-02,81616.140625,91510.6484375,0.004315361846238375,288.05902099609375,0.15103858709335327,-0.11544465273618698,"{""type"":""MultiPoint"",""coordinates"":[]}"
13_00000000000000000008,Chennai,2016-02,92908.3828125,101365.1875,0.01628681644797325,299.8893737792969,-2.8213672637939453,1.4845330715179443,"{""type"":""MultiPoint"",""coordinates"":[]}"
13_00000000000000000009,Coimbatore,2016-02,85065.484375,96593.3203125,0.011298864148557186,299.8387756347656,-2.043168306350708,0.3626364469528198,"{""type"":""MultiPoint"",""coordinates"":[]}"
13_0000000000000000000a,Delhi,2016-02,89723.890625,98956.7265625,0.0032472582533955574,291.36572265625,1.685389757156372,-0.9223600625991821,"{""type"":""MultiPoint"",""coordinates"":[]}"
13_0000000000000000000b,Ernakulam,2016-02,88732.1484375,100159.6328125,0.014822421595454216,302.3544616699219,0.05104463919997215,-0.02263900637626648,"{""type"":""MultiPoint"",""coordinates"":[]}"
13_0000000000000000000c,Gurugram,2016-02,89723.890625,98956.7265625,0.0032472582533955574,291.36572265625,1.685389757156372,-0.9223600625991821,"{""type"":""MultiPoint"",""coordinates"":[]}"
13_0000000000000000000d,Guwahati,2016-02,90522.28125,99729.1953125,0.009808048605918884,293.2327575683594,0.6513347625732422,-1.2837133407592773,"{""type"":""MultiPoint"",""coordinates"":[]}"
13_0000000000000000000e,Hyderabad,2016-02,79607.0859375,95715.453125,0.008823661133646965,299.95330810546875,-1.0542858839035034,2.445100784301758,"{""type"":""MultiPoint"",""coordinates"":[]}"
13_0000000000000000000f,Jaipur,2016-02,83976.8203125,96877.5078125,0.0029651494696736336,292.04290771484375,-0.5254064798355103,-0.8127174377441406,"{""type"":""MultiPoint"",""coordinates"":[]}"
13_00000000000000000010,Jorapokhar,2016-02,85998.6015625,99382.4765625,0.007706800475716591,296.3425598144531,1.2157851457595825,-0.36438125371932983,"{""type"":""MultiPoint"",""coordinates"":[]}"
13_00000000000000000011,Kochi,2016-02,88732.1484375,100159.6328125,0.014822421595454216,302.3544616699219,0.05104463919997215,-0.02263900637626648,"{""type"":""MultiPoint"",""coordinates"":[]}"
13_00000000000000000012,Kolkata,2016-02,88459.71875,101307.9453125,0.009722267277538776,298.1493225097656,1.1956682205200195,0.04892941191792488,"{""type"":""MultiPoint"",""coordinates"":[]}"
13_00000000000000000013,Lucknow,2016-02,88186.703125,100092.0,0.0036472054198384285,294.52423095703125,1.318555474281311,-0.7874128222465515,"{""type"":""MultiPoint"",""coordinates"":[]}"
13_00000000000000000014,Mumbai,2016-02,90844.5078125,99854.8046875,0.00880367960780859,298.549072265625,0.6042484045028687,-0.6653319001197815,"{""type"":""MultiPoint"",""coordinates"":[]}"
13_00000000000000000015,Patna,2016-02,88223.9453125,100729.0703125,0.005192727316170931,295.8295593261719,1.4146023988723755,-0.36209332942962646,"{""type"":""MultiPoint"",""coordinates"":[]}"
13_00000000000000000016,Shillong,2016-02,80018.3046875,87949.1484375,0.007879260927438736,287.2789306640625,1.6514185667037964,1.0625818967819214,"{""type"":""MultiPoint"",""coordinates"":[]}"
13_00000000000000000017,Talcher,2016-02,81878.7578125,98999.6328125,0.010555609129369259,299.0505065917969,-0.07319150120019913,0.8718528151512146,"{""type"":""MultiPoint"",""coordinates"":[]}"
13_00000000000000000018,Thiruvananthapuram,2016-02,89824.8203125,98314.75,0.015061267651617527,298.7667541503906,-2.495535373687744,-1.4451361894607544,"{""type"":""MultiPoint"",""coordinates"":[]}"
13_00000000000000000019,Visakhapatnam,2016-02,93255.09375,101116.6328125,0.015046447515487671,299.4667053222656,0.2470739185810089,2.730954647064209,"{""type"":""MultiPoint"",""coordinates"":[]}"
14_00000000000000000000,Ahmedabad,2016-03,83055.4609375,100003.2109375,0.005533100571483374,302.0700988769531,1.5780189037322998,-1.1114692687988281,"{""type"":""MultiPoint"",""coordinates"":[]}"
14_00000000000000000001,Aizawl,2016-03,81020.078125,92759.1875,0.010479848831892014,295.8389587402344,0.8933653235435486,0.36980921030044556,"{""type"":""MultiPoint"",""coordinates"":[]}"
14_00000000000000000002,Amaravati,2016-03,89076.171875,100591.859375,0.013921803794801235,303.4727783203125,-0.8445451259613037,3.380218982696533,"{""type"":""MultiPoint"",""coordinates"":[]}"
14_00000000000000000003,Amritsar,2016-03,83472.7578125,98380.4140625,0.007454738952219486,295.4937438964844,1.1675031185150146,-0.8324481248855591,"{""type"":""MultiPoint"",""coordinates"":[]}"
14_00000000000000000004,Bengaluru,2016-03,75749.96875,91866.796875,0.010102669708430767,300.54840087890625,-1.8463537693023682,1.441591501235962,"{""type"":""MultiPoint"",""coordinates"":[]}"
14_00000000000000000005,Bhopal,2016-03,76369.078125,95778.3125,0.005448054056614637,300.4914245605469,0.34853923320770264,-0.6286662817001343,"{""type"":""MultiPoint"",""coordinates"":[]}"
14_00000000000000000006,Brajrajnagar,2016-03,81237.2734375,97726.84375,0.008247347548604012,301.8984069824219,-0.13354629278182983,-0.8151536583900452,"{""type"":""MultiPoint"",""coordinates"":[]}"
14_00000000000000000007,Chandigarh,2016-03,77625.828125,91312.3046875,0.006743304431438446,292.56689453125,0.47569698095321655,-0.5461044311523438,"{""type"":""MultiPoint"",""coordinates"":[]}"
14_00000000000000000008,Chennai,2016-03,94312.1328125,101166.125,0.01794583909213543,301.20135498046875,-1.8430687189102173,3.7994086742401123,"{""type"":""MultiPoint"",""coordinates"":[]}"
14_00000000000000000009,Coimbatore,2016-03,83147.171875,96428.609375,0.011422627605497837,303.4626159667969,-1.6638935804367065,0.8152778148651123,"{""type"":""MultiPoint"",""coordinates"":[]}"
14_0000000000000000000a,Delhi,2016-03,84671.3046875,98593.4140625,0.0056699709966778755,297.73297119140625,1.7686041593551636,-0.8759999871253967,"{""type"":""MultiPoint"",""coordinates"":[]}"
14_0000000000000000000b,Ernakulam,2016-03,88458.4296875,100064.046875,0.016737278550863266,303.697265625,1.8347288370132446,0.06426098942756653,"{""type"":""MultiPoint"",""coordinates"":[]}"
14_0000000000000000000c,Gurugram,2016-03,84671.3046875,98593.4140625,0.0056699709966778755,297.73297119140625,1.7686041593551636,-0.8759999871253967,"{""type"":""MultiPoint"",""coordinates"":[]}"
14_0000000000000000000d,Guwahati,2016-03,85307.9609375,99396.6328125,0.011271152645349503,297.8140563964844,1.9295120239257812,-0.6590337753295898,"{""type"":""MultiPoint"",""coordinates"":[]}"
14_0000000000000000000e,Hyderabad,2016-03,75476.4921875,95540.015625,0.009318576194345951,303.0064697265625,-0.9174150228500366,1.9026128053665161,"{""type"":""MultiPoint"",""coordinates"":[]}"
14_0000000000000000000f,Jaipur,2016-03,77515.46875,96566.09375,0.004923093132674694,298.5859680175781,0.17788779735565186,-0.7616286277770996,"{""type"":""MultiPoint"",""coordinates"":[]}"
14_00000000000000000010,Jorapokhar,2016-03,81109.140625,99046.375,0.00814997311681509,301.31488037109375,1.359133243560791,-0.400116890668869,"{""type"":""MultiPoint"",""coordinates"":[]}"
14_00000000000000000011,Kochi,2016-03,88458.4296875,100064.046875,0.016737278550863266,303.697265625,1.8347288370132446,0.06426098942756653,"{""type"":""MultiPoint"",""coordinates"":[]}"
14_00000000000000000012,Kolkata,2016-03,86918.9296875,100977.984375,0.012610595673322678,301.44403076171875,1.7096682786941528,1.5291520357131958,"{""type"":""MultiPoint"",""coordinates"":[]}"
14_00000000000000000013,Lucknow,2016-03,83397.9453125,99734.640625,0.0053329444490373135,300.338134765625,2.01731276512146,-0.9647613167762756,"{""type"":""MultiPoint"",""coordinates"":[]}"
14_00000000000000000014,Mumbai,2016-03,86630.8046875,99691.4453125,0.00979637447744608,302.3949279785156,1.1067472696304321,-1.293664813041687,"{""type"":""MultiPoint"",""coordinates"":[]}"
14_00000000000000000015,Patna,2016-03,82200.8046875,100360.3515625,0.005550588481128216,301.8161315917969,2.301931142807007,-0.7076733112335205,"{""type"":""MultiPoint"",""coordinates"":[]}"
14_00000000000000000016,Shillong,2016-03,77256.359375,87828.9453125,0.00952799804508686,290.559326171875,2.126612424850464,1.5498515367507935,"{""type"":""MultiPoint"",""coordinates"":[]}"
14_00000000000000000017,Talcher,2016-03,80812.4453125,98725.0078125,0.010519108735024929,302.5429382324219,0.2283715158700943,0.6530184149742126,"{""type"":""MultiPoint"",""coordinates"":[]}"
14_00000000000000000018,Thiruvananthapuram,2016-03,86657.9375,98187.5,0.015403954312205315,302.39886474609375,-1.0370055437088013,0.0978972315788269,"{""type"":""MultiPoint"",""coordinates"":[]}"
14_00000000000000000019,Visakhapatnam,2016-03,93450.21875,100872.484375,0.01620614342391491,301.3905944824219,1.6696696281433105,3.7984931468963623,"{""type"":""MultiPoint"",""coordinates"":[]}"
15_00000000000000000000,Ahmedabad,2016-04,84407.46875,99668.9453125,0.00755823589861393,304.8731994628906,3.3341243267059326,-0.43773210048675537,"{""type"":""MultiPoint"",""coordinates"":[]}"
15_00000000000000000001,Aizawl,2016-04,82651.84375,92397.015625,0.01529390923678875,297.07098388671875,0.834206223487854,0.9609279632568359,"{""type"":""MultiPoint"",""coordinates"":[]}"
15_00000000000000000002,Amaravati,2016-04,89907.34375,100224.109375,0.01537034660577774,306.212158203125,-0.18740837275981903,4.315234661102295,"{""type"":""MultiPoint"",""coordinates"":[]}"
15_00000000000000000003,Amritsar,2016-04,78175.4296875,97777.2265625,0.006935201585292816,302.1198425292969,2.6459851264953613,-1.7638856172561646,"{""type"":""MultiPoint"",""coordinates"":[]}"
15_00000000000000000004,Bengaluru,2016-04,74063.140625,91635.0859375,0.010830326937139034,304.1175842285156,-1.4697957038879395,1.7350709438323975,"{""type"":""MultiPoint"",""coordinates"":[]}"
15_00000000000000000005,Bhopal,2016-04,76135.3828125,95376.0703125,0.0058573270216584206,305.58587646484375,3.5110604763031006,-1.229406714439392,"{""type"":""MultiPoint"",""coordinates"":[]}"
15_00000000000000000006,Brajrajnagar,2016-04,74984.75,97181.4453125,0.007852094247937202,308.2713623046875,2.240388870239258,-0.04082930460572243,"{""type"":""MultiPoint"",""coordinates"":[]}"
15_00000000000000000007,Chandigarh,2016-04,72241.046875,90860.2109375,0.0072122677229344845,298.6536560058594,1.9061923027038574,-1.3568257093429565,"{""type"":""MultiPoint"",""coordinates"":[]}"
15_00000000000000000008,Chennai,2016-04,94291.8125,100842.203125,0.020587129518389702,303.1264343261719,-0.6235535740852356,6.0663743019104,"{""type"":""MultiPoint"",""coordinates"":[]}"
15_00000000000000000009,Coimbatore,2016-04,81909.75,96160.625,0.013210729695856571,306.0198974609375,-0.4801178276538849,1.2560395002365112,"{""type"":""MultiPoint"",""coordinates"":[]}"
15_0000000000000000000a,Delhi,2016-04,78248.265625,97962.8359375,0.005376179702579975,304.873779296875,3.316896915435791,-1.6892311573028564,"{""type"":""MultiPoint"",""coordinates"":[]}"
15_0000000000000000000b,Ernakulam,2016-04,89439.4453125,99878.3203125,0.018642857670783997,303.78070068359375,2.7533655166625977,-0.15733222663402557,"{""type"":""MultiPoint"",""coordinates"":[]}"
15_0000000000000000000c,Gurugram,2016-04,78248.265625,97962.8359375,0.005376179702579975,304.873779296875,3.316896915435791,-1.6892311573028564,"{""type"":""MultiPoint"",""coordinates"":[]}"
15_0000000000000000000d,Guwahati,2016-04,88309.3125,98839.4453125,0.01654597744345665,300.27716064453125,2.3179690837860107,-0.40629515051841736,"{""type"":""MultiPoint"",""coordinates"":[]}"
15_0000000000000000000e,Hyderabad,2016-04,75510.5234375,95229.59375,0.009376964531838894,306.58477783203125,-0.4679502844810486,2.4250264167785645,"{""type"":""MultiPoint"",""coordinates"":[]}"
15_0000000000000000000f,Jaipur,2016-04,72911.0,96078.8984375,0.005077935289591551,304.2359313964844,2.3429670333862305,-1.2665168046951294,"{""type"":""MultiPoint"",""coordinates"":[]}"
15_00000000000000000010,Jorapokhar,2016-04,74734.828125,98418.6328125,0.0083435894921422,307.3460388183594,1.6817362308502197,-0.08864264190196991,"{""type"":""MultiPoint"",""coordinates"":[]}"
15_00000000000000000011,Kochi,2016-04,89439.4453125,99878.3203125,0.018642857670783997,303.78070068359375,2.7533655166625977,-0.15733222663402557,"{""type"":""MultiPoint"",""coordinates"":[]}"
15_00000000000000000012,Kolkata,2016-04,85345.4140625,100369.3984375,0.015070328488945961,306.6666259765625,1.2535393238067627,3.5967166423797607,"{""type"":""MultiPoint"",""coordinates"":[]}"
15_00000000000000000013,Lucknow,2016-04,76496.1171875,99043.8671875,0.004781150724738836,307.1338195800781,3.482848882675171,-1.4816950559616089,"{""type"":""MultiPoint"",""coordinates"":[]}"
15_00000000000000000014,Mumbai,2016-04,89590.8046875,99459.1875,0.012731222435832024,303.8904113769531,2.2358040809631348,-1.2968456745147705,"{""type"":""MultiPoint"",""coordinates"":[]}"
15_00000000000000000015,Patna,2016-04,76525.734375,99657.046875,0.00557639030739665,308.223876953125,3.2627151012420654,-0.75874263048172,"{""type"":""MultiPoint"",""coordinates"":[]}"
15_00000000000000000016,Shillong,2016-04,79276.5703125,87475.8515625,0.014977543614804745,293.570556640625,1.8330602645874023,3.7516024112701416,"{""type"":""MultiPoint"",""coordinates"":[]}"
15_00000000000000000017,Talcher,2016-04,78234.484375,98176.3828125,0.01055893488228321,308.4078063964844,1.5374128818511963,0.9244462847709656,"{""type"":""MultiPoint"",""coordinates"":[]}"
15_00000000000000000018,Thiruvananthapuram,2016-04,86414.4453125,97981.015625,0.016743341460824013,303.7080078125,1.8188389539718628,0.9163356423377991,"{""type"":""MultiPoint"",""coordinates"":[]}"
15_00000000000000000019,Visakhapatnam,2016-04,94821.1953125,100432.3125,0.018651213496923447,303.4569091796875,3.6771488189697266,5.730338096618652,"{""type"":""MultiPoint"",""coordinates"":[]}"
16_00000000000000000000,Ahmedabad,2016-05,82127.453125,99306.140625,0.01157201174646616,308.62353515625,4.729676723480225,0.8600237369537354,"{""type"":""MultiPoint"",""coordinates"":[]}"
16_00000000000000000001,Aizawl,2016-05,85524.4453125,92270.1953125,0.016715925186872482,297.06591796875,0.4725888967514038,0.5489110946655273,"{""type"":""MultiPoint"",""coordinates"":[]}"
16_00000000000000000002,Amaravati,2016-05,86788.0703125,99917.828125,0.016832217574119568,306.4066162109375,0.9210396409034729,1.7711344957351685,"{""type"":""MultiPoint"",""coordinates"":[]}"
16_00000000000000000003,Amritsar,2016-05,72187.46875,97266.7890625,0.008556374348700047,308.0864562988281,1.9156471490859985,-0.3396546244621277,"{""type"":""MultiPoint"",""coordinates"":[]}"
16_00000000000000000004,Bengaluru,2016-05,80112.703125,91541.7109375,0.014312648214399815,300.60955810546875,1.554532766342163,0.22024798393249512,"{""type"":""MultiPoint"",""coordinates"":[]}"
16_00000000000000000005,Bhopal,2016-05,73116.53125,95054.828125,0.009601707570254803,308.3517761230469,3.889392137527466,-0.8784792423248291,"{""type"":""MultiPoint"",""coordinates"":[]}"
16_00000000000000000006,Brajrajnagar,2016-05,77846.3046875,96980.1328125,0.012394473887979984,308.24365234375,0.8981245756149292,0.9177141785621643,"{""type"":""MultiPoint"",""coordinates"":[]}"
16_00000000000000000007,Chandigarh,2016-05,70080.3515625,90558.3046875,0.009306872263550758,302.75384521484375,1.6651813983917236,0.03609851002693176,"{""type"":""MultiPoint"",""coordinates"":[]}"
16_00000000000000000008,Chennai,2016-05,93217.546875,100565.90625,0.020848043262958527,303.78564453125,1.550066590309143,3.2404284477233887,"{""type"":""MultiPoint"",""coordinates"":[]}"
16_00000000000000000009,Coimbatore,2016-05,84600.1875,96063.9140625,0.01566803827881813,302.8902893066406,1.3544708490371704,0.4142395555973053,"{""type"":""MultiPoint"",""coordinates"":[]}"
16_0000000000000000000a,Delhi,2016-05,76709.21875,97599.2890625,0.008803029544651508,308.4490661621094,1.4983965158462524,0.35409000515937805,"{""type"":""MultiPoint"",""coordinates"":[]}"
16_0000000000000000000b,Ernakulam,2016-05,91289.7578125,99805.4765625,0.019751625135540962,302.1486511230469,3.087843894958496,0.012651690281927586,"{""type"":""MultiPoint"",""coordinates"":[]}"
16_0000000000000000000c,Gurugram,2016-05,76709.21875,97599.2890625,0.008803029544651508,308.4490661621094,1.4983965158462524,0.35409000515937805,"{""type"":""MultiPoint"",""coordinates"":[]}"
16_0000000000000000000d,Guwahati,2016-05,90577.9140625,98850.0,0.01865265890955925,300.9462585449219,0.7535416483879089,-0.4858032763004303,"{""type"":""MultiPoint"",""coordinates"":[]}"
16_0000000000000000000e,Hyderabad,2016-05,78672.734375,95017.828125,0.013349814340472221,305.7240905761719,1.5010987520217896,0.520289421081543,"{""type"":""MultiPoint"",""coordinates"":[]}"
16_0000000000000000000f,Jaipur,2016-05,73159.1875,95689.9140625,0.008572673425078392,308.6346435546875,3.3459033966064453,-0.487395703792572,"{""type"":""MultiPoint"",""coordinates"":[]}"
16_00000000000000000010,Jorapokhar,2016-05,79657.0703125,98308.21875,0.014730837196111679,305.92230224609375,-0.34222596883773804,1.5276975631713867,"{""type"":""MultiPoint"",""coordinates"":[]}"
16_00000000000000000011,Kochi,2016-05,91289.7578125,99805.4765625,0.019751625135540962,302.1486511230469,3.087843894958496,0.012651690281927586,"{""type"":""MultiPoint"",""coordinates"":[]}"
16_00000000000000000012,Kolkata,2016-05,90061.9140625,100274.9609375,0.01833474077284336,304.39483642578125,0.014922676607966423,2.313507556915283,"{""type"":""MultiPoint"",""coordinates"":[]}"
16_00000000000000000013,Lucknow,2016-05,74628.3125,98806.2890625,0.010279389098286629,308.4709777832031,-0.3796238899230957,0.020060403272509575,"{""type"":""MultiPoint"",""coordinates"":[]}"
16_00000000000000000014,Mumbai,2016-05,88797.6953125,99271.5703125,0.016633247956633568,304.7259826660156,3.484604835510254,0.45600104331970215,"{""type"":""MultiPoint"",""coordinates"":[]}"
16_00000000000000000015,Patna,2016-05,76728.4609375,99528.6640625,0.011693187989294529,308.0353088378906,-0.7293633222579956,0.04841954633593559,"{""type"":""MultiPoint"",""coordinates"":[]}"
16_00000000000000000016,Shillong,2016-05,79386.0078125,87418.3515625,0.015441770665347576,294.21368408203125,0.8777862191200256,2.0612685680389404,"{""type"":""MultiPoint"",""coordinates"":[]}"
16_00000000000000000017,Talcher,2016-05,82347.03125,98011.8828125,0.014956378377974033,306.7399597167969,-0.12586329877376556,1.7406108379364014,"{""type"":""MultiPoint"",""coordinates"":[]}"
16_00000000000000000018,Thiruvananthapuram,2016-05,89871.84375,97915.859375,0.017941247671842575,301.2272033691406,3.7001662254333496,0.25719574093818665,"{""type"":""MultiPoint"",""coordinates"":[]}"
16_00000000000000000019,Visakhapatnam,2016-05,93057.15625,100138.25,0.02033117227256298,303.9871520996094,1.7507137060165405,3.92502760887146,"{""type"":""MultiPoint"",""coordinates"":[]}"
17_00000000000000000000,Ahmedabad,2016-06,85168.4921875,99091.5546875,0.014835545793175697,307.5800476074219,3.7500648498535156,1.9014168977737427,"{""type"":""MultiPoint"",""coordinates"":[]}"
17_00000000000000000001,Aizawl,2016-06,86129.3984375,92124.9921875,0.018370231613516808,297.8275146484375,0.5471734404563904,0.38525715470314026,"{""type"":""MultiPoint"",""coordinates"":[]}"
17_00000000000000000002,Amaravati,2016-06,92330.109375,99819.8828125,0.019032368436455727,301.90216064453125,2.807121992111206,0.8613870143890381,"{""type"":""MultiPoint"",""coordinates"":[]}"
17_00000000000000000003,Amritsar,2016-06,76558.0859375,97085.9296875,0.012884593568742275,309.6748962402344,1.2214828729629517,0.694454550743103,"{""type"":""MultiPoint"",""coordinates"":[]}"
17_00000000000000000004,Bengaluru,2016-06,84624.640625,91471.4140625,0.01500379852950573,296.89068603515625,5.199351787567139,-0.08282694965600967,"{""type"":""MultiPoint"",""coordinates"":[]}"
17_00000000000000000005,Bhopal,2016-06,78513.8125,94864.4296875,0.015192768536508083,306.3321838378906,2.7633814811706543,-0.565792441368103,"{""type"":""MultiPoint"",""coordinates"":[]}"
17_00000000000000000006,Brajrajnagar,2016-06,83896.8984375,96833.28125,0.01726573333144188,305.5679931640625,-0.5479534864425659,1.6677323579788208,"{""type"":""MultiPoint"",""coordinates"":[]}"
17_00000000000000000007,Chandigarh,2016-06,72577.296875,90421.0625,0.013424841687083244,303.9822082519531,1.653294324874878,0.4723958373069763,"{""type"":""MultiPoint"",""coordinates"":[]}"
17_00000000000000000008,Chennai,2016-06,93238.3046875,100471.1640625,0.019685406237840652,303.0067138671875,3.9711976051330566,1.3694961071014404,"{""type"":""MultiPoint"",""coordinates"":[]}"
17_00000000000000000009,Coimbatore,2016-06,88172.546875,96019.8046875,0.01531435176730156,300.32061767578125,3.9007632732391357,-0.005870739929378033,"{""type"":""MultiPoint"",""coordinates"":[]}"
17_0000000000000000000a,Delhi,2016-06,79034.6484375,97432.5703125,0.013470024801790714,309.4167785644531,0.9266209602355957,0.8110241293907166,"{""type"":""MultiPoint"",""coordinates"":[]}"
17_0000000000000000000b,Ernakulam,2016-06,93167.21875,99834.921875,0.019311778247356415,299.7122802734375,3.7292063236236572,-0.32154762744903564,"{""type"":""MultiPoint"",""coordinates"":[]}"
17_0000000000000000000c,Gurugram,2016-06,79034.6484375,97432.5703125,0.013470024801790714,309.4167785644531,0.9266209602355957,0.8110241293907166,"{""type"":""MultiPoint"",""coordinates"":[]}"
17_0000000000000000000d,Guwahati,2016-06,92333.78125,98651.0859375,0.021320205181837082,302.21612548828125,1.4758745431900024,-0.34492579102516174,"{""type"":""MultiPoint"",""coordinates"":[]}"
17_0000000000000000000e,Hyderabad,2016-06,85451.59375,94878.375,0.016272788867354393,301.44171142578125,4.106812000274658,-0.02849922515451908,"{""type"":""MultiPoint"",""coordinates"":[]}"
17_0000000000000000000f,Jaipur,2016-06,75524.1875,95514.6328125,0.012861853465437889,308.9682922363281,2.15763521194458,-0.11579534411430359,"{""type"":""MultiPoint"",""coordinates"":[]}"
17_00000000000000000010,Jorapokhar,2016-06,86362.9765625,98172.4765625,0.018370533362030983,304.4322814941406,-0.8143823146820068,2.7872862815856934,"{""type"":""MultiPoint"",""coordinates"":[]}"
17_00000000000000000011,Kochi,2016-06,93167.21875,99834.921875,0.019311778247356415,299.7122802734375,3.7292063236236572,-0.32154762744903564,"{""type"":""MultiPoint"",""coordinates"":[]}"
17_00000000000000000012,Kolkata,2016-06,93791.796875,100145.9921875,0.021237416192889214,302.3104553222656,-0.40514206886291504,2.7358827590942383,"{""type"":""MultiPoint"",""coordinates"":[]}"
17_00000000000000000013,Lucknow,2016-06,79753.9375,98661.90625,0.015748988837003708,308.0630187988281,-1.5396088361740112,0.6146364808082581,"{""type"":""MultiPoint"",""coordinates"":[]}"
17_00000000000000000014,Mumbai,2016-06,89701.703125,99079.3515625,0.01907295174896717,302.5064392089844,4.119043827056885,1.4004275798797607,"{""type"":""MultiPoint"",""coordinates"":[]}"
17_00000000000000000015,Patna,2016-06,81061.8046875,99341.8984375,0.015882089734077454,308.5021057128906,-1.2655075788497925,1.1369738578796387,"{""type"":""MultiPoint"",""coordinates"":[]}"
17_00000000000000000016,Shillong,2016-06,80155.28125,87283.9765625,0.017635086551308632,295.4753112792969,1.0275914669036865,2.4835259914398193,"{""type"":""MultiPoint"",""coordinates"":[]}"
17_00000000000000000017,Talcher,2016-06,89254.9140625,97873.5078125,0.018817616626620293,303.3104248046875,-1.1189571619033813,1.8870824575424194,"{""type"":""MultiPoint"",""coordinates"":[]}"
17_00000000000000000018,Thiruvananthapuram,2016-06,91657.75,97940.015625,0.017989322543144226,298.8746643066406,5.7498064041137695,-0.24218052625656128,"{""type"":""MultiPoint"",""coordinates"":[]}"
17_00000000000000000019,Visakhapatnam,2016-06,93557.0625,99942.28125,0.021178457885980606,302.3924865722656,1.7286152839660645,3.317568063735962,"{""type"":""MultiPoint"",""coordinates"":[]}"
18_00000000000000000000,Ahmedabad,2016-07,88263.109375,99038.9609375,0.018396619707345963,303.39630126953125,3.393158197402954,2.146282911300659,"{""type"":""MultiPoint"",""coordinates"":[]}"
18_00000000000000000001,Aizawl,2016-07,86120.5703125,92073.34375,0.018509449437260628,297.63458251953125,0.3665729761123657,0.43779700994491577,"{""type"":""MultiPoint"",""coordinates"":[]}"
18_00000000000000000002,Amaravati,2016-07,92294.9140625,99858.34375,0.018883947283029556,301.3492126464844,3.0899715423583984,0.6505812406539917,"{""type"":""MultiPoint"",""coordinates"":[]}"
18_00000000000000000003,Amritsar,2016-07,82367.1875,96998.2109375,0.018839821219444275,306.0323486328125,0.4047339856624603,1.250604271888733,"{""type"":""MultiPoint"",""coordinates"":[]}"
18_00000000000000000004,Bengaluru,2016-07,84347.796875,91473.4765625,0.01507257204502821,296.6146545410156,5.199225425720215,0.10914929211139679,"{""type"":""MultiPoint"",""coordinates"":[]}"
18_00000000000000000005,Bhopal,2016-07,88205.21875,94822.109375,0.020015260204672813,299.3752746582031,3.6041159629821777,-0.19449631869792938,"{""type"":""MultiPoint"",""coordinates"":[]}"
18_00000000000000000006,Brajrajnagar,2016-07,89201.875,96765.2109375,0.019430987536907196,301.05828857421875,1.8573520183563232,2.083184242248535,"{""type"":""MultiPoint"",""coordinates"":[]}"
18_00000000000000000007,Chandigarh,2016-07,78297.2734375,90285.8828125,0.017716096714138985,300.5894775390625,1.424860954284668,0.7773443460464478,"{""type"":""MultiPoint"",""coordinates"":[]}"
18_00000000000000000008,Chennai,2016-07,92760.6171875,100507.5703125,0.01939321868121624,302.43475341796875,3.5002543926239014,2.486159086227417,"{""type"":""MultiPoint"",""coordinates"":[]}"
18_00000000000000000009,Coimbatore,2016-07,87569.96875,96036.5859375,0.015236501581966877,300.0819396972656,3.8137142658233643,0.0440458282828331,"{""type"":""MultiPoint"",""coordinates"":[]}"
18_0000000000000000000a,Delhi,2016-07,86860.203125,97378.328125,0.019448306411504745,304.18389892578125,0.8876433372497559,0.943811297416687,"{""type"":""MultiPoint"",""coordinates"":[]}"
18_0000000000000000000b,Ernakulam,2016-07,94929.4765625,99863.5625,0.01884295977652073,298.73193359375,3.497345447540283,-0.5486741662025452,"{""type"":""MultiPoint"",""coordinates"":[]}"
18_0000000000000000000c,Gurugram,2016-07,86860.203125,97378.328125,0.019448306411504745,304.18389892578125,0.8876433372497559,0.943811297416687,"{""type"":""MultiPoint"",""coordinates"":[]}"
18_0000000000000000000d,Guwahati,2016-07,93011.3984375,98621.21875,0.021647613495588303,301.7916259765625,0.652423620223999,-0.4250028431415558,"{""type"":""MultiPoint"",""coordinates"":[]}"
18_0000000000000000000e,Hyderabad,2016-07,87344.4140625,94898.734375,0.016908472403883934,299.3510437011719,5.082192420959473,0.2715701460838318,"{""type"":""MultiPoint"",""coordinates"":[]}"
18_0000000000000000000f,Jaipur,2016-07,84711.7890625,95457.0546875,0.018898487091064453,303.33721923828125,2.0301437377929688,-0.08366993814706802,"{""type"":""MultiPoint"",""coordinates"":[]}"
18_00000000000000000010,Jorapokhar,2016-07,91015.015625,98053.2265625,0.02055688574910164,301.36956787109375,-0.6471452713012695,2.4959025382995605,"{""type"":""MultiPoint"",""coordinates"":[]}"
18_00000000000000000011,Kochi,2016-07,94929.4765625,99863.5625,0.01884295977652073,298.73193359375,3.497345447540283,-0.5486741662025452,"{""type"":""MultiPoint"",""coordinates"":[]}"
18_00000000000000000012,Kolkata,2016-07,94351.21875,100039.875,0.02137051336467266,301.39892578125,-0.054066237062215805,3.4294495582580566,"{""type"":""MultiPoint"",""coordinates"":[]}"
18_00000000000000000013,Lucknow,2016-07,90155.625,98600.390625,0.02157851867377758,302.7015380859375,-1.252894401550293,0.731066882610321,"{""type"":""MultiPoint"",""coordinates"":[]}"
18_00000000000000000014,Mumbai,2016-07,92838.1875,99050.5625,0.019735096022486687,299.2898254394531,4.36421537399292,1.893251895904541,"{""type"":""MultiPoint"",""coordinates"":[]}"
18_00000000000000000015,Patna,2016-07,90720.0,99272.0703125,0.020745806396007538,303.63134765625,-1.5921045541763306,1.5261030197143555,"{""type"":""MultiPoint"",""coordinates"":[]}"
18_00000000000000000016,Shillong,2016-07,80481.6484375,87234.0,0.017840402200818062,295.1195068359375,0.8443436026573181,3.3465964794158936,"{""type"":""MultiPoint"",""coordinates"":[]}"
18_00000000000000000017,Talcher,2016-07,90468.765625,97806.46875,0.01973097398877144,300.812744140625,1.2525056600570679,1.90140962600708,"{""type"":""MultiPoint"",""coordinates"":[]}"
18_00000000000000000018,Thiruvananthapuram,2016-07,91463.7578125,97940.4140625,0.017247216776013374,298.7374572753906,5.673787593841553,-0.9077187776565552,"{""type"":""MultiPoint"",""coordinates"":[]}"
18_00000000000000000019,Visakhapatnam,2016-07,94636.8046875,99971.65625,0.020818911492824554,301.3991394042969,3.5861456394195557,3.66546630859375,"{""type"":""MultiPoint"",""coordinates"":[]}"
19_00000000000000000000,Ahmedabad,2016-08,89385.328125,99087.4765625,0.019469449296593666,301.15557861328125,2.954807996749878,1.3740123510360718,"{""type"":""MultiPoint"",""coordinates"":[]}"
19_00000000000000000001,Aizawl,2016-08,85839.5390625,91994.796875,0.019048083573579788,298.18731689453125,0.11361093074083328,0.12981225550174713,"{""type"":""MultiPoint"",""coordinates"":[]}"
19_00000000000000000002,Amaravati,2016-08,89886.21875,99854.046875,0.018333494663238525,301.818359375,3.3959338665008545,-0.5256434679031372,"{""type"":""MultiPoint"",""coordinates"":[]}"
19_00000000000000000003,Amritsar,2016-08,87667.9140625,97265.34375,0.019795330241322517,303.216796875,0.14418329298496246,0.47693267464637756,"{""type"":""MultiPoint"",""coordinates"":[]}"
19_00000000000000000004,Bengaluru,2016-08,83607.7578125,91488.2265625,0.014989379793405533,296.88275146484375,5.341162204742432,-0.5876485705375671,"{""type"":""MultiPoint"",""coordinates"":[]}"
19_00000000000000000005,Bhopal,2016-08,89259.890625,94866.5234375,0.01913205347955227,298.19793701171875,3.7243881225585938,0.8264529705047607,"{""type"":""MultiPoint"",""coordinates"":[]}"
19_00000000000000000006,Brajrajnagar,2016-08,90978.5625,96766.1328125,0.01984105445444584,299.87298583984375,2.4430394172668457,1.3105722665786743,"{""type"":""MultiPoint"",""coordinates"":[]}"
19_00000000000000000007,Chandigarh,2016-08,82162.2734375,90459.34375,0.01832026243209839,298.6078796386719,0.7665786743164062,0.36709392070770264,"{""type"":""MultiPoint"",""coordinates"":[]}"
19_00000000000000000008,Chennai,2016-08,91867.6328125,100487.71875,0.019189981743693352,302.8409423828125,3.6729416847229004,1.5059099197387695,"{""type"":""MultiPoint"",""coordinates"":[]}"
19_00000000000000000009,Coimbatore,2016-08,87935.2890625,96030.328125,0.014998814091086388,300.455810546875,3.844599485397339,-0.3400806784629822,"{""type"":""MultiPoint"",""coordinates"":[]}"
19_0000000000000000000a,Delhi,2016-08,90481.9765625,97556.6484375,0.020421309396624565,301.9692077636719,-0.5871226191520691,0.526095986366272,"{""type"":""MultiPoint"",""coordinates"":[]}"
19_0000000000000000000b,Ernakulam,2016-08,94807.5703125,99877.1171875,0.018640223890542984,298.7885437011719,3.5501620769500732,-1.1151831150054932,"{""type"":""MultiPoint"",""coordinates"":[]}"
19_0000000000000000000c,Gurugram,2016-08,90481.9765625,97556.6484375,0.020421309396624565,301.9692077636719,-0.5871226191520691,0.526095986366272,"{""type"":""MultiPoint"",""coordinates"":[]}"
19_0000000000000000000d,Guwahati,2016-08,93218.2265625,98582.328125,0.02189263328909874,302.48480224609375,0.5530602335929871,-0.48437589406967163,"{""type"":""MultiPoint"",""coordinates"":[]}"
19_0000000000000000000e,Hyderabad,2016-08,85394.2578125,94929.34375,0.016613466665148735,299.5076599121094,4.976018905639648,-0.5387095808982849,"{""type"":""MultiPoint"",""coordinates"":[]}"
19_0000000000000000000f,Jaipur,2016-08,87896.734375,95542.53125,0.019683288410305977,300.43145751953125,-0.24837446212768555,-0.7317612767219543,"{""type"":""MultiPoint"",""coordinates"":[]}"
19_00000000000000000010,Jorapokhar,2016-08,92067.2734375,98039.6015625,0.020664844661951065,300.869384765625,-1.2723071575164795,1.4749287366867065,"{""type"":""MultiPoint"",""coordinates"":[]}"
19_00000000000000000011,Kochi,2016-08,94807.5703125,99877.1171875,0.018640223890542984,298.7885437011719,3.5501620769500732,-1.1151831150054932,"{""type"":""MultiPoint"",""coordinates"":[]}"
19_00000000000000000012,Kolkata,2016-08,94495.703125,99967.4765625,0.02147725224494934,301.29754638671875,-0.5476319789886475,1.9576537609100342,"{""type"":""MultiPoint"",""coordinates"":[]}"
19_00000000000000000013,Lucknow,2016-08,91598.96875,98707.0625,0.021415457129478455,301.94781494140625,-1.7460659742355347,0.3929179012775421,"{""type"":""MultiPoint"",""coordinates"":[]}"
19_00000000000000000014,Mumbai,2016-08,92183.421875,99109.71875,0.01909559965133667,298.8909606933594,4.539506912231445,2.0030643939971924,"{""type"":""MultiPoint"",""coordinates"":[]}"
19_00000000000000000015,Patna,2016-08,90595.9140625,99319.0703125,0.020911015570163727,302.74444580078125,-2.2760426998138428,0.5690835118293762,"{""type"":""MultiPoint"",""coordinates"":[]}"
19_00000000000000000016,Shillong,2016-08,80521.640625,87217.96875,0.017890779301524162,295.8782653808594,-0.10739543288946152,1.6894443035125732,"{""type"":""MultiPoint"",""coordinates"":[]}"
19_00000000000000000017,Talcher,2016-08,91424.9921875,97790.5859375,0.01983938366174698,299.9729309082031,2.1588830947875977,0.9458960890769958,"{""type"":""MultiPoint"",""coordinates"":[]}"
19_00000000000000000018,Thiruvananthapuram,2016-08,90523.6328125,97937.1484375,0.016788030043244362,299.24725341796875,6.384052276611328,-1.3842531442642212,"{""type"":""MultiPoint"",""coordinates"":[]}"
19_00000000000000000019,Visakhapatnam,2016-08,94903.828125,99930.921875,0.020829850807785988,301.730712890625,2.8119325637817383,1.9837929010391235,"{""type"":""MultiPoint"",""coordinates"":[]}"
20_00000000000000000000,Ahmedabad,2016-09,87703.53125,99530.0078125,0.01723654195666313,301.04827880859375,2.0595664978027344,0.10897470265626907,"{""type"":""MultiPoint"",""coordinates"":[]}"
20_00000000000000000001,Aizawl,2016-09,86590.90625,92267.25,0.018605593591928482,297.3280944824219,0.33550551533699036,0.11384828388690948,"{""type"":""MultiPoint"",""coordinates"":[]}"
20_00000000000000000002,Amaravati,2016-09,93485.53125,99970.46875,0.018954336643218994,299.96014404296875,2.477302074432373,-0.16421671211719513,"{""type"":""MultiPoint"",""coordinates"":[]}"
20_00000000000000000003,Amritsar,2016-09,87149.9296875,97583.375,0.015699848532676697,302.6297912597656,0.864725649356842,0.043423425406217575,"{""type"":""MultiPoint"",""coordinates"":[]}"
20_00000000000000000004,Bengaluru,2016-09,83626.453125,91550.8125,0.014105099253356457,296.7276306152344,4.324161529541016,-1.29066002368927,"{""type"":""MultiPoint"",""coordinates"":[]}"
20_00000000000000000005,Bhopal,2016-09,87628.640625,95257.546875,0.018149064853787422,298.44940185546875,1.2011514902114868,-1.6570266485214233,"{""type"":""MultiPoint"",""coordinates"":[]}"
20_00000000000000000006,Brajrajnagar,2016-09,91391.796875,97100.3203125,0.01982780173420906,299.6936950683594,-0.6606453061103821,0.28228652477264404,"{""type"":""MultiPoint"",""coordinates"":[]}"
20_00000000000000000007,Chandigarh,2016-09,81199.484375,90740.1171875,0.01517203263938427,297.8312072753906,1.3385964632034302,-0.9378292560577393,"{""type"":""MultiPoint"",""coordinates"":[]}"
20_00000000000000000008,Chennai,2016-09,92885.109375,100600.4921875,0.01877605728805065,302.4200744628906,2.8522045612335205,1.617438554763794,"{""type"":""MultiPoint"",""coordinates"":[]}"
20_00000000000000000009,Coimbatore,2016-09,87244.0546875,96089.34375,0.014034734107553959,300.5817565917969,3.286625623703003,-0.5606836676597595,"{""type"":""MultiPoint"",""coordinates"":[]}"
20_0000000000000000000a,Delhi,2016-09,87690.296875,97887.53125,0.014965392649173737,302.0480041503906,1.810768723487854,0.024052860215306282,"{""type"":""MultiPoint"",""coordinates"":[]}"
20_0000000000000000000b,Ernakulam,2016-09,94448.9296875,99930.8515625,0.018069926649332047,298.5722961425781,3.18363618850708,-1.2364842891693115,"{""type"":""MultiPoint"",""coordinates"":[]}"
20_0000000000000000000c,Gurugram,2016-09,87690.296875,97887.53125,0.014965392649173737,302.0480041503906,1.810768723487854,0.024052860215306282,"{""type"":""MultiPoint"",""coordinates"":[]}"
20_0000000000000000000d,Guwahati,2016-09,93564.53125,98890.421875,0.0203615203499794,300.9623107910156,0.6742876172065735,-0.5709241628646851,"{""type"":""MultiPoint"",""coordinates"":[]}"
20_0000000000000000000e,Hyderabad,2016-09,88587.46875,95045.765625,0.017103562131524086,297.79034423828125,3.0115840435028076,-1.7049528360366821,"{""type"":""MultiPoint"",""coordinates"":[]}"
20_0000000000000000000f,Jaipur,2016-09,82517.2109375,95963.7890625,0.015499243512749672,300.67254638671875,1.3929165601730347,-0.07805895805358887,"{""type"":""MultiPoint"",""coordinates"":[]}"
20_00000000000000000010,Jorapokhar,2016-09,92227.1953125,98427.7578125,0.02034100517630577,300.23095703125,-0.5438119769096375,1.3930659294128418,"{""type"":""MultiPoint"",""coordinates"":[]}"
20_00000000000000000011,Kochi,2016-09,94448.9296875,99930.8515625,0.018069926649332047,298.5722961425781,3.18363618850708,-1.2364842891693115,"{""type"":""MultiPoint"",""coordinates"":[]}"
20_00000000000000000012,Kolkata,2016-09,94323.90625,100348.2578125,0.020862463861703873,301.0067443847656,-0.2689894139766693,1.721419095993042,"{""type"":""MultiPoint"",""coordinates"":[]}"
20_00000000000000000013,Lucknow,2016-09,90317.7421875,99075.5,0.019879013299942017,301.07135009765625,0.48823466897010803,0.230956569314003,"{""type"":""MultiPoint"",""coordinates"":[]}"
20_00000000000000000014,Mumbai,2016-09,92348.375,99363.609375,0.018506983295083046,298.5891418457031,2.840841293334961,-0.752198338508606,"{""type"":""MultiPoint"",""coordinates"":[]}"
20_00000000000000000015,Patna,2016-09,93287.8671875,99715.5,0.020719360560178757,301.20587158203125,-0.5127108693122864,0.3420407176017761,"{""type"":""MultiPoint"",""coordinates"":[]}"
20_00000000000000000016,Shillong,2016-09,81279.078125,87439.890625,0.017084695398807526,294.7835388183594,0.6895887851715088,1.6638644933700562,"{""type"":""MultiPoint"",""coordinates"":[]}"
20_00000000000000000017,Talcher,2016-09,92679.90625,98096.453125,0.01996997371315956,299.5549011230469,-0.5491207242012024,0.8802768588066101,"{""type"":""MultiPoint"",""coordinates"":[]}"
20_00000000000000000018,Thiruvananthapuram,2016-09,89545.265625,97974.6328125,0.0160321407020092,299.83563232421875,6.286255836486816,-1.265859842300415,"{""type"":""MultiPoint"",""coordinates"":[]}"
20_00000000000000000019,Visakhapatnam,2016-09,93039.5078125,100117.7578125,0.020453497767448425,301.4592590332031,0.9440173506736755,2.073652505874634,"{""type"":""MultiPoint"",""coordinates"":[]}"
21_00000000000000000000,Ahmedabad,2016-10,83322.375,99869.3984375,0.012821951881051064,299.8470764160156,0.4127761423587799,-0.05219775065779686,"{""type"":""MultiPoint"",""coordinates"":[]}"
21_00000000000000000001,Aizawl,2016-10,85049.1015625,92470.859375,0.01698989048600197,296.3619689941406,0.1359010636806488,0.03955727443099022,"{""type"":""MultiPoint"",""coordinates"":[]}"
21_00000000000000000002,Amaravati,2016-10,90995.2265625,100344.8984375,0.016350995749235153,298.6755676269531,0.6878747940063477,-1.8091119527816772,"{""type"":""MultiPoint"",""coordinates"":[]}"
21_00000000000000000003,Amritsar,2016-10,85673.2109375,98028.7734375,0.008382264524698257,298.96722412109375,1.1447826623916626,-0.6167377233505249,"{""type"":""MultiPoint"",""coordinates"":[]}"
21_00000000000000000004,Bengaluru,2016-10,79187.9296875,91663.765625,0.011870262213051319,297.05328369140625,0.3388538658618927,-1.1940643787384033,"{""type"":""MultiPoint"",""coordinates"":[]}"
21_00000000000000000005,Bhopal,2016-10,81355.8125,95640.515625,0.013292310759425163,296.3333435058594,0.4677516222000122,-0.6687400937080383,"{""type"":""MultiPoint"",""coordinates"":[]}"
21_00000000000000000006,Brajrajnagar,2016-10,87307.3515625,97526.7734375,0.01493305154144764,297.1666564941406,-0.2786030173301697,-1.4145960807800293,"{""type"":""MultiPoint"",""coordinates"":[]}"
21_00000000000000000007,Chandigarh,2016-10,80341.4921875,91083.515625,0.00822242721915245,295.2977294921875,1.0688295364379883,-1.455013632774353,"{""type"":""MultiPoint"",""coordinates"":[]}"
21_00000000000000000008,Chennai,2016-10,91530.453125,100835.515625,0.017182661220431328,302.176025390625,0.0535670667886734,-0.9828822612762451,"{""type"":""MultiPoint"",""coordinates"":[]}"
21_00000000000000000009,Coimbatore,2016-10,84073.8125,96198.9765625,0.013835874386131763,300.650146484375,1.0398627519607544,0.025548409670591354,"{""type"":""MultiPoint"",""coordinates"":[]}"
21_0000000000000000000a,Delhi,2016-10,87321.96875,98302.2578125,0.007960040122270584,298.8785705566406,2.3601527214050293,-1.1508924961090088,"{""type"":""MultiPoint"",""coordinates"":[]}"
21_0000000000000000000b,Ernakulam,2016-10,92032.6015625,99966.46875,0.01741761341691017,299.5382385253906,2.504948377609253,-0.36945658922195435,"{""type"":""MultiPoint"",""coordinates"":[]}"
21_0000000000000000000c,Gurugram,2016-10,87321.96875,98302.2578125,0.007960040122270584,298.8785705566406,2.3601527214050293,-1.1508924961090088,"{""type"":""MultiPoint"",""coordinates"":[]}"
21_0000000000000000000d,Guwahati,2016-10,94104.265625,99195.328125,0.01712086796760559,299.1358337402344,-0.3679047226905823,-1.0739901065826416,"{""type"":""MultiPoint"",""coordinates"":[]}"
21_0000000000000000000e,Hyderabad,2016-10,84764.8828125,95419.1484375,0.014159687794744968,295.8258056640625,0.7332174777984619,-1.9711811542510986,"{""type"":""MultiPoint"",""coordinates"":[]}"
21_0000000000000000000f,Jaipur,2016-10,76575.0,96360.65625,0.010384039022028446,298.8273010253906,1.228737473487854,-0.8022171854972839,"{""type"":""MultiPoint"",""coordinates"":[]}"
21_00000000000000000010,Jorapokhar,2016-10,90775.6640625,98814.78125,0.016011549159884453,297.9179992675781,0.43523719906806946,-0.668889045715332,"{""type"":""MultiPoint"",""coordinates"":[]}"
21_00000000000000000011,Kochi,2016-10,92032.6015625,99966.46875,0.01741761341691017,299.5382385253906,2.504948377609253,-0.36945658922195435,"{""type"":""MultiPoint"",""coordinates"":[]}"
21_00000000000000000012,Kolkata,2016-10,92993.1796875,100678.953125,0.01767580397427082,299.3121643066406,0.2612110376358032,-0.6937270164489746,"{""type"":""MultiPoint"",""coordinates"":[]}"
21_00000000000000000013,Lucknow,2016-10,89683.1796875,99484.8125,0.012667029164731503,298.0170593261719,1.1379141807556152,0.277566134929657,"{""type"":""MultiPoint"",""coordinates"":[]}"
21_00000000000000000014,Mumbai,2016-10,87453.40625,99572.4921875,0.01515165250748396,297.7485656738281,-0.34788450598716736,-0.5558498501777649,"{""type"":""MultiPoint"",""coordinates"":[]}"
21_00000000000000000015,Patna,2016-10,91025.578125,100151.1484375,0.015752144157886505,297.9916687011719,1.2997803688049316,0.036508169025182724,"{""type"":""MultiPoint"",""coordinates"":[]}"
21_00000000000000000016,Shillong,2016-10,79106.6015625,87634.015625,0.014660485088825226,293.36273193359375,-0.1317427158355713,0.5367210507392883,"{""type"":""MultiPoint"",""coordinates"":[]}"
21_00000000000000000017,Talcher,2016-10,88755.8828125,98490.53125,0.015966439619660378,297.49560546875,0.32924404740333557,-1.028109073638916,"{""type"":""MultiPoint"",""coordinates"":[]}"
21_00000000000000000018,Thiruvananthapuram,2016-10,88808.5390625,98013.6640625,0.015456803143024445,300.1825866699219,3.9587504863739014,-0.1685629040002823,"{""type"":""MultiPoint"",""coordinates"":[]}"
21_00000000000000000019,Visakhapatnam,2016-10,91892.796875,100506.484375,0.017216218635439873,300.5234069824219,0.16463953256607056,-1.3338606357574463,"{""type"":""MultiPoint"",""coordinates"":[]}"
22_00000000000000000000,Ahmedabad,2016-11,89896.546875,100254.140625,0.005880087614059448,296.48876953125,-1.7755509614944458,-0.6738205552101135,"{""type"":""MultiPoint"",""coordinates"":[]}"
22_00000000000000000001,Aizawl,2016-11,84276.0546875,92780.5546875,0.013204324059188366,292.7522277832031,-0.08281364291906357,0.16836467385292053,"{""type"":""MultiPoint"",""coordinates"":[]}"
22_00000000000000000002,Amaravati,2016-11,91489.703125,100698.21875,0.012999542988836765,297.8789978027344,-1.0226775407791138,-1.973842740058899,"{""type"":""MultiPoint"",""coordinates"":[]}"
22_00000000000000000003,Amritsar,2016-11,92272.9921875,98530.140625,0.004462648183107376,293.1898193359375,1.0467243194580078,-0.5123546719551086,"{""type"":""MultiPoint"",""coordinates"":[]}"
22_00000000000000000004,Bengaluru,2016-11,81026.921875,91829.7890625,0.008971845731139183,296.55841064453125,-2.5558505058288574,-0.8330986499786377,"{""type"":""MultiPoint"",""coordinates"":[]}"
22_00000000000000000005,Bhopal,2016-11,88042.0859375,96042.5625,0.007154884282499552,293.0650634765625,-0.636920154094696,-0.9646718502044678,"{""type"":""MultiPoint"",""coordinates"":[]}"
22_00000000000000000006,Brajrajnagar,2016-11,92824.2109375,97968.8984375,0.010460647754371166,292.7764892578125,-0.19323916733264923,-1.689217448234558,"{""type"":""MultiPoint"",""coordinates"":[]}"
22_00000000000000000007,Chandigarh,2016-11,85423.2421875,91436.5625,0.004394583869725466,290.8688659667969,0.5298247933387756,-1.351330280303955,"{""type"":""MultiPoint"",""coordinates"":[]}"
22_00000000000000000008,Chennai,2016-11,90206.5703125,101141.8984375,0.016217833384871483,300.50408935546875,-2.6396522521972656,-3.2498621940612793,"{""type"":""MultiPoint"",""coordinates"":[]}"
22_00000000000000000009,Coimbatore,2016-11,85324.453125,96412.3203125,0.010858895257115364,299.24359130859375,-1.2106540203094482,-0.3531571924686432,"{""type"":""MultiPoint"",""coordinates"":[]}"
22_0000000000000000000a,Delhi,2016-11,92991.1640625,98785.796875,0.0038434003945440054,293.5505676269531,2.401414394378662,-1.046465277671814,"{""type"":""MultiPoint"",""coordinates"":[]}"
22_0000000000000000000b,Ernakulam,2016-11,90803.03125,100041.1171875,0.016225416213274002,299.8430480957031,0.0581936277449131,-0.22966042160987854,"{""type"":""MultiPoint"",""coordinates"":[]}"
22_0000000000000000000c,Gurugram,2016-11,92991.1640625,98785.796875,0.0038434003945440054,293.5505676269531,2.401414394378662,-1.046465277671814,"{""type"":""MultiPoint"",""coordinates"":[]}"
22_0000000000000000000d,Guwahati,2016-11,92951.7890625,99604.2109375,0.013511868193745613,295.6282653808594,-0.8034980297088623,-1.2127001285552979,"{""type"":""MultiPoint"",""coordinates"":[]}"
22_0000000000000000000e,Hyderabad,2016-11,88611.1875,95728.2734375,0.009982401505112648,293.8512268066406,-1.1088794469833374,-2.272202968597412,"{""type"":""MultiPoint"",""coordinates"":[]}"
22_0000000000000000000f,Jaipur,2016-11,86653.6328125,96795.5546875,0.004433245863765478,294.1355285644531,0.7966495156288147,-1.112865924835205,"{""type"":""MultiPoint"",""coordinates"":[]}"
22_00000000000000000010,Jorapokhar,2016-11,93830.1640625,99273.3671875,0.011007431894540787,292.745361328125,1.4048320055007935,-1.5803093910217285,"{""type"":""MultiPoint"",""coordinates"":[]}"
22_00000000000000000011,Kochi,2016-11,90803.03125,100041.1171875,0.016225416213274002,299.8430480957031,0.0581936277449131,-0.22966042160987854,"{""type"":""MultiPoint"",""coordinates"":[]}"
22_00000000000000000012,Kolkata,2016-11,94317.078125,101160.828125,0.01260149572044611,294.70074462890625,1.0127848386764526,-1.4279853105545044,"{""type"":""MultiPoint"",""coordinates"":[]}"
22_00000000000000000013,Lucknow,2016-11,93590.4765625,99970.65625,0.0072909388691186905,292.581298828125,1.5333471298217773,-0.3974304497241974,"{""type"":""MultiPoint"",""coordinates"":[]}"
22_00000000000000000014,Mumbai,2016-11,91439.9453125,99795.734375,0.00945475697517395,296.3946533203125,-2.7367703914642334,-0.10977022349834442,"{""type"":""MultiPoint"",""coordinates"":[]}"
22_00000000000000000015,Patna,2016-11,95090.96875,100654.875,0.010242084041237831,291.7710266113281,2.3352863788604736,0.06635883450508118,"{""type"":""MultiPoint"",""coordinates"":[]}"
22_00000000000000000016,Shillong,2016-11,79540.6875,87851.75,0.011340046301484108,289.6820373535156,-0.10532281547784805,-0.03123888373374939,"{""type"":""MultiPoint"",""coordinates"":[]}"
22_00000000000000000017,Talcher,2016-11,93968.609375,98948.75,0.011440714821219444,293.0268859863281,0.8004853129386902,-1.3198132514953613,"{""type"":""MultiPoint"",""coordinates"":[]}"
22_00000000000000000018,Thiruvananthapuram,2016-11,89588.96875,98148.3125,0.01571549102663994,298.5628356933594,-1.0433233976364136,-1.1923552751541138,"{""type"":""MultiPoint"",""coordinates"":[]}"
22_00000000000000000019,Visakhapatnam,2016-11,93780.015625,100957.7109375,0.01393045112490654,297.6888122558594,-1.3227050304412842,-2.8390958309173584,"{""type"":""MultiPoint"",""coordinates"":[]}"
23_00000000000000000000,Ahmedabad,2016-12,92029.3359375,100356.359375,0.004624738357961178,295.1297912597656,-1.772951364517212,-1.0285074710845947,"{""type"":""MultiPoint"",""coordinates"":[]}"
23_00000000000000000001,Aizawl,2016-12,86125.890625,92885.25,0.010080683045089245,290.6366882324219,-0.10602851957082748,0.34403830766677856,"{""type"":""MultiPoint"",""coordinates"":[]}"
23_00000000000000000002,Amaravati,2016-12,90006.125,100782.53125,0.011399214155972004,297.3288269042969,-1.697921633720398,-1.1848341226577759,"{""type"":""MultiPoint"",""coordinates"":[]}"
23_00000000000000000003,Amritsar,2016-12,92921.0703125,98708.46875,0.0031962052453309298,289.9122009277344,0.7137898206710815,-0.18168218433856964,"{""type"":""MultiPoint"",""coordinates"":[]}"
23_00000000000000000004,Bengaluru,2016-12,83714.5234375,91871.8515625,0.009368540719151497,294.1980285644531,-2.59619140625,-1.1506987810134888,"{""type"":""MultiPoint"",""coordinates"":[]}"
23_00000000000000000005,Bhopal,2016-12,90146.2734375,96137.0703125,0.005645386874675751,290.4010314941406,-1.3504663705825806,-1.1271936893463135,"{""type"":""MultiPoint"",""coordinates"":[]}"
23_00000000000000000006,Brajrajnagar,2016-12,93922.6171875,98099.6796875,0.008312462829053402,290.3277893066406,-0.43752726912498474,-1.740726113319397,"{""type"":""MultiPoint"",""coordinates"":[]}"
23_00000000000000000007,Chandigarh,2016-12,86863.8515625,91525.953125,0.003374876221641898,287.5400695800781,0.21830785274505615,-1.1184080839157104,"{""type"":""MultiPoint"",""coordinates"":[]}"
23_00000000000000000008,Chennai,2016-12,91386.2734375,101212.6953125,0.015624678693711758,299.1953430175781,-2.541367769241333,-3.127368450164795,"{""type"":""MultiPoint"",""coordinates"":[]}"
23_00000000000000000009,Coimbatore,2016-12,84974.2109375,96458.3359375,0.01108312513679266,297.6796875,-1.253982424736023,-0.6974701285362244,"{""type"":""MultiPoint"",""coordinates"":[]}"
23_0000000000000000000a,Delhi,2016-12,93992.984375,98988.296875,0.0030040706042200327,289.5767822265625,1.8067541122436523,-0.707862377166748,"{""type"":""MultiPoint"",""coordinates"":[]}"
23_0000000000000000000b,Ernakulam,2016-12,89509.0078125,100062.1328125,0.01500986609607935,300.1390686035156,0.022084372118115425,-0.27813708782196045,"{""type"":""MultiPoint"",""coordinates"":[]}"
23_0000000000000000000c,Gurugram,2016-12,93992.984375,98988.296875,0.0030040706042200327,289.5767822265625,1.8067541122436523,-0.707862377166748,"{""type"":""MultiPoint"",""coordinates"":[]}"
23_0000000000000000000d,Guwahati,2016-12,94325.203125,99772.0390625,0.011090654879808426,292.74072265625,-0.760291337966919,-1.384982943534851,"{""type"":""MultiPoint"",""coordinates"":[]}"
23_0000000000000000000e,Hyderabad,2016-12,87891.0078125,95776.578125,0.008160099387168884,293.6687927246094,-1.631022334098816,-1.858283519744873,"{""type"":""MultiPoint"",""coordinates"":[]}"
23_0000000000000000000f,Jaipur,2016-12,88281.5546875,96927.625,0.0036556620616465807,291.603271484375,-0.040235038846731186,-0.471072256565094,"{""type"":""MultiPoint"",""coordinates"":[]}"
23_00000000000000000010,Jorapokhar,2016-12,95784.75,99447.0390625,0.008393330499529839,289.50323486328125,1.7650212049484253,-1.7133369445800781,"{""type"":""MultiPoint"",""coordinates"":[]}"
23_00000000000000000011,Kochi,2016-12,89509.0078125,100062.1328125,0.01500986609607935,300.1390686035156,0.022084372118115425,-0.27813708782196045,"{""type"":""MultiPoint"",""coordinates"":[]}"
23_00000000000000000012,Kolkata,2016-12,96432.1640625,101350.7578125,0.009422045201063156,291.3558654785156,1.228042483329773,-1.9498701095581055,"{""type"":""MultiPoint"",""coordinates"":[]}"
23_00000000000000000013,Lucknow,2016-12,95514.546875,100177.15625,0.005284173879772425,289.4757995605469,1.6870439052581787,-0.47490787506103516,"{""type"":""MultiPoint"",""coordinates"":[]}"
23_00000000000000000014,Mumbai,2016-12,89801.8671875,99832.7109375,0.007408847566694021,297.3977966308594,-2.2253658771514893,-0.309366911649704,"{""type"":""MultiPoint"",""coordinates"":[]}"
23_00000000000000000015,Patna,2016-12,97591.1796875,100857.328125,0.007294656243175268,288.486572265625,2.4500579833984375,0.10574110597372055,"{""type"":""MultiPoint"",""coordinates"":[]}"
23_00000000000000000016,Shillong,2016-12,81443.984375,87905.4921875,0.009181065484881401,287.0998840332031,-0.4068036675453186,0.16089996695518494,"{""type"":""MultiPoint"",""coordinates"":[]}"
23_00000000000000000017,Talcher,2016-12,93413.21875,99080.109375,0.008763615041971207,291.77484130859375,0.14884212613105774,-0.8772686719894409,"{""type"":""MultiPoint"",""coordinates"":[]}"
23_00000000000000000018,Thiruvananthapuram,2016-12,88531.5,98179.1640625,0.014441230334341526,298.50262451171875,-0.9266776442527771,-1.2666610479354858,"{""type"":""MultiPoint"",""coordinates"":[]}"
23_00000000000000000019,Visakhapatnam,2016-12,93745.9296875,101091.5078125,0.012552617117762566,296.3425598144531,-2.183840274810791,-2.6170718669891357,"{""type"":""MultiPoint"",""coordinates"":[]}"
24_00000000000000000000,Ahmedabad,2017-01,90144.1953125,100391.1953125,0.004355917684733868,293.4651794433594,-1.0069880485534668,-1.4414432048797607,"{""type"":""MultiPoint"",""coordinates"":[]}"
24_00000000000000000001,Aizawl,2017-01,85639.7109375,92905.5703125,0.0076257879845798016,289.7867736816406,0.12053411453962326,0.15740273892879486,"{""type"":""MultiPoint"",""coordinates"":[]}"
24_00000000000000000002,Amaravati,2017-01,84818.2109375,100882.3671875,0.010963710024952888,298.3144836425781,-1.8300461769104004,0.36627286672592163,"{""type"":""MultiPoint"",""coordinates"":[]}"
24_00000000000000000003,Amritsar,2017-01,89583.8671875,98868.5703125,0.005138199310749769,285.9019470214844,0.7283379435539246,-0.6239741444587708,"{""type"":""MultiPoint"",""coordinates"":[]}"
24_00000000000000000004,Bengaluru,2017-01,79587.421875,91946.4609375,0.00886192824691534,294.468505859375,-3.2233128547668457,-0.2741931676864624,"{""type"":""MultiPoint"",""coordinates"":[]}"
24_00000000000000000005,Bhopal,2017-01,84058.1484375,96138.078125,0.005040721036493778,291.0040588378906,-0.9489040970802307,-0.5241544842720032,"{""type"":""MultiPoint"",""coordinates"":[]}"
24_00000000000000000006,Brajrajnagar,2017-01,89408.6875,98157.8515625,0.007550716865807772,291.7870178222656,-0.49530261754989624,-1.42940092086792,"{""type"":""MultiPoint"",""coordinates"":[]}"
24_00000000000000000007,Chandigarh,2017-01,83254.546875,91559.546875,0.004649986047297716,284.02581787109375,-0.314437597990036,-0.297277569770813,"{""type"":""MultiPoint"",""coordinates"":[]}"
24_00000000000000000008,Chennai,2017-01,91036.625,101368.09375,0.014876046217978,298.7044372558594,-3.6896753311157227,-2.5891788005828857,"{""type"":""MultiPoint"",""coordinates"":[]}"
24_00000000000000000009,Coimbatore,2017-01,82952.796875,96561.53125,0.010065274313092232,297.44171142578125,-1.9174137115478516,-0.4579630494117737,"{""type"":""MultiPoint"",""coordinates"":[]}"
24_0000000000000000000a,Delhi,2017-01,91534.796875,99108.3125,0.004376483149826527,287.2670593261719,1.6252639293670654,-1.0652105808258057,"{""type"":""MultiPoint"",""coordinates"":[]}"
24_0000000000000000000b,Ernakulam,2017-01,87719.828125,100129.34375,0.013253536075353622,300.5721130371094,-1.0428680181503296,-0.3441317081451416,"{""type"":""MultiPoint"",""coordinates"":[]}"
24_0000000000000000000c,Gurugram,2017-01,91534.796875,99108.3125,0.004376483149826527,287.2670593261719,1.6252639293670654,-1.0652105808258057,"{""type"":""MultiPoint"",""coordinates"":[]}"
24_0000000000000000000d,Guwahati,2017-01,94176.5546875,99842.515625,0.008819503709673882,291.3753967285156,0.10089627653360367,-1.2414405345916748,"{""type"":""MultiPoint"",""coordinates"":[]}"
24_0000000000000000000e,Hyderabad,2017-01,83101.65625,95831.0234375,0.006815904751420021,294.6397399902344,-1.7627599239349365,-0.12716662883758545,"{""type"":""MultiPoint"",""coordinates"":[]}"
24_0000000000000000000f,Jaipur,2017-01,87675.1796875,97003.046875,0.004267190117388964,287.85809326171875,-0.6629331707954407,-0.7815777659416199,"{""type"":""MultiPoint"",""coordinates"":[]}"
24_00000000000000000010,Jorapokhar,2017-01,93545.71875,99528.8203125,0.0072377463802695274,290.074462890625,2.1018378734588623,-1.6412744522094727,"{""type"":""MultiPoint"",""coordinates"":[]}"
24_00000000000000000011,Kochi,2017-01,87719.828125,100129.34375,0.013253536075353622,300.5721130371094,-1.0428680181503296,-0.3441317081451416,"{""type"":""MultiPoint"",""coordinates"":[]}"
24_00000000000000000012,Kolkata,2017-01,94322.109375,101442.234375,0.007360328454524279,291.58880615234375,1.3083934783935547,-2.128751516342163,"{""type"":""MultiPoint"",""coordinates"":[]}"
24_00000000000000000013,Lucknow,2017-01,93893.6328125,100267.4921875,0.005120530724525452,288.8589782714844,1.7377357482910156,-0.7586223483085632,"{""type"":""MultiPoint"",""coordinates"":[]}"
24_00000000000000000014,Mumbai,2017-01,87257.265625,99902.515625,0.006695186719298363,296.8940734863281,-0.9231376647949219,-0.7589582800865173,"{""type"":""MultiPoint"",""coordinates"":[]}"
24_00000000000000000015,Patna,2017-01,95023.03125,100924.75,0.0062423269264400005,289.7591247558594,2.283292531967163,-0.0708341896533966,"{""type"":""MultiPoint"",""coordinates"":[]}"
24_00000000000000000016,Shillong,2017-01,79358.59375,87907.7578125,0.0071371132507920265,285.4913635253906,0.34758737683296204,-0.1280156672000885,"{""type"":""MultiPoint"",""coordinates"":[]}"
24_00000000000000000017,Talcher,2017-01,86540.1484375,99146.3515625,0.007528659421950579,293.3675842285156,-0.16000118851661682,-0.3422654867172241,"{""type"":""MultiPoint"",""coordinates"":[]}"
24_00000000000000000018,Thiruvananthapuram,2017-01,87307.578125,98254.6484375,0.013246272690594196,298.4165344238281,-3.0057761669158936,-2.112372636795044,"{""type"":""MultiPoint"",""coordinates"":[]}"
24_00000000000000000019,Visakhapatnam,2017-01,92997.8046875,101199.6484375,0.012331011705100536,296.5666809082031,-2.2530574798583984,-1.1974178552627563,"{""type"":""MultiPoint"",""coordinates"":[]}"
25_00000000000000000000,Ahmedabad,2017-02,87352.640625,100304.703125,0.0038377982564270496,297.0258483886719,-0.4150513708591461,-1.2436562776565552,"{""type"":""MultiPoint"",""coordinates"":[]}"
25_00000000000000000001,Aizawl,2017-02,84893.8125,92905.703125,0.007742652669548988,291.9382019042969,0.5529747009277344,0.3111172914505005,"{""type"":""MultiPoint"",""coordinates"":[]}"
25_00000000000000000002,Amaravati,2017-02,84504.0390625,100820.9921875,0.011588596738874912,300.39117431640625,-1.0439478158950806,1.6809940338134766,"{""type"":""MultiPoint"",""coordinates"":[]}"
25_00000000000000000003,Amritsar,2017-02,86751.1328125,98681.765625,0.005987854674458504,289.8434143066406,1.2775720357894897,-0.8811078667640686,"{""type"":""MultiPoint"",""coordinates"":[]}"
25_00000000000000000004,Bengaluru,2017-02,79804.359375,91966.6484375,0.0067419130355119705,296.3020935058594,-3.357862949371338,-0.03484281897544861,"{""type"":""MultiPoint"",""coordinates"":[]}"
25_00000000000000000005,Bhopal,2017-02,83550.8203125,96069.546875,0.004352577496320009,295.0803527832031,-0.3941991329193115,-1.0285066366195679,"{""type"":""MultiPoint"",""coordinates"":[]}"
25_00000000000000000006,Brajrajnagar,2017-02,87071.5,98029.640625,0.006677677854895592,295.8123779296875,-0.0466509684920311,-1.5458157062530518,"{""type"":""MultiPoint"",""coordinates"":[]}"
25_00000000000000000007,Chandigarh,2017-02,82816.734375,91487.4765625,0.005230700131505728,287.93402099609375,0.5498348474502563,-0.8267712593078613,"{""type"":""MultiPoint"",""coordinates"":[]}"
25_00000000000000000008,Chennai,2017-02,93005.0625,101381.9609375,0.014620974659919739,298.7693786621094,-2.814267158508301,0.31668591499328613,"{""type"":""MultiPoint"",""coordinates"":[]}"
25_00000000000000000009,Coimbatore,2017-02,84762.1171875,96584.203125,0.008242911659181118,298.7446594238281,-1.8648313283920288,-0.2748006284236908,"{""type"":""MultiPoint"",""coordinates"":[]}"
25_0000000000000000000a,Delhi,2017-02,90948.734375,98936.25,0.004297432489693165,290.9893493652344,2.601261615753174,-1.4736144542694092,"{""type"":""MultiPoint"",""coordinates"":[]}"
25_0000000000000000000b,Ernakulam,2017-02,88250.9140625,100146.0859375,0.012374083511531353,301.7654724121094,-0.6435968279838562,-0.3883315622806549,"{""type"":""MultiPoint"",""coordinates"":[]}"
25_0000000000000000000c,Gurugram,2017-02,90948.734375,98936.25,0.004297432489693165,290.9893493652344,2.601261615753174,-1.4736144542694092,"{""type"":""MultiPoint"",""coordinates"":[]}"
25_0000000000000000000d,Guwahati,2017-02,92401.9609375,99704.265625,0.009258534759283066,293.7562561035156,1.2650874853134155,-0.931345522403717,"{""type"":""MultiPoint"",""coordinates"":[]}"
25_0000000000000000000e,Hyderabad,2017-02,81009.6875,95779.1640625,0.0057371072471141815,298.2625732421875,-1.8213707208633423,-0.18666072189807892,"{""type"":""MultiPoint"",""coordinates"":[]}"
25_0000000000000000000f,Jaipur,2017-02,85962.9609375,96899.25,0.003670592326670885,291.7245178222656,0.1884690225124359,-1.3461846113204956,"{""type"":""MultiPoint"",""coordinates"":[]}"
25_00000000000000000010,Jorapokhar,2017-02,90103.140625,99383.2109375,0.006857936270534992,294.3743896484375,2.008084535598755,-0.7645153999328613,"{""type"":""MultiPoint"",""coordinates"":[]}"
25_00000000000000000011,Kochi,2017-02,88250.9140625,100146.0859375,0.012374083511531353,301.7654724121094,-0.6435968279838562,-0.3883315622806549,"{""type"":""MultiPoint"",""coordinates"":[]}"
25_00000000000000000012,Kolkata,2017-02,90882.8671875,101300.7109375,0.00760809937492013,296.2841796875,1.6411535739898682,-0.6958833932876587,"{""type"":""MultiPoint"",""coordinates"":[]}"
25_00000000000000000013,Lucknow,2017-02,89871.25,100074.0390625,0.004918702412396669,292.8081359863281,2.4225590229034424,-1.0107544660568237,"{""type"":""MultiPoint"",""coordinates"":[]}"
25_00000000000000000014,Mumbai,2017-02,86626.5703125,99848.515625,0.006471684202551842,300.16796875,-0.470730721950531,-0.9955871105194092,"{""type"":""MultiPoint"",""coordinates"":[]}"
25_00000000000000000015,Patna,2017-02,91592.7265625,100736.953125,0.005505350884050131,293.61395263671875,2.574897289276123,0.028609300032258034,"{""type"":""MultiPoint"",""coordinates"":[]}"
25_00000000000000000016,Shillong,2017-02,80842.4765625,87900.90625,0.007575330790132284,287.07086181640625,1.4329664707183838,0.6351693868637085,"{""type"":""MultiPoint"",""coordinates"":[]}"
25_00000000000000000017,Talcher,2017-02,85465.234375,99012.6796875,0.007458935957401991,297.3743591308594,0.26362600922584534,-0.010122844018042088,"{""type"":""MultiPoint"",""coordinates"":[]}"
25_00000000000000000018,Thiruvananthapuram,2017-02,88727.1328125,98299.640625,0.012148233130574226,299.2998962402344,-3.0273215770721436,-1.7920689582824707,"{""type"":""MultiPoint"",""coordinates"":[]}"
25_00000000000000000019,Visakhapatnam,2017-02,93381.65625,101121.796875,0.013974297791719437,298.5788269042969,-0.11941473931074142,1.9095441102981567,"{""type"":""MultiPoint"",""coordinates"":[]}"
26_00000000000000000000,Ahmedabad,2017-03,83341.5234375,99909.078125,0.004739184398204088,301.0256042480469,1.3700839281082153,-1.378151535987854,"{""type"":""MultiPoint"",""coordinates"":[]}"
26_00000000000000000001,Aizawl,2017-03,82587.546875,92636.9140625,0.010166981257498264,293.4190673828125,0.8340192437171936,0.5088478922843933,"{""type"":""MultiPoint"",""coordinates"":[]}"
26_00000000000000000002,Amaravati,2017-03,85436.4296875,100454.109375,0.01389652956277132,303.69781494140625,-0.4460371136665344,3.1685879230499268,"{""type"":""MultiPoint"",""coordinates"":[]}"
26_00000000000000000003,Amritsar,2017-03,80162.5390625,98259.703125,0.006688572000712156,294.1764221191406,1.95926833152771,-1.5868126153945923,"{""type"":""MultiPoint"",""coordinates"":[]}"
26_00000000000000000004,Bengaluru,2017-03,76344.8828125,91754.7265625,0.010269870050251484,299.53106689453125,-2.0853257179260254,1.001841425895691,"{""type"":""MultiPoint"",""coordinates"":[]}"
26_00000000000000000005,Bhopal,2017-03,75096.0390625,95655.359375,0.004489096812903881,299.43798828125,0.9259403944015503,-1.4855000972747803,"{""type"":""MultiPoint"",""coordinates"":[]}"
26_00000000000000000006,Brajrajnagar,2017-03,77484.140625,97572.0546875,0.006711869966238737,300.7075500488281,0.6044228076934814,-0.9439577460289001,"{""type"":""MultiPoint"",""coordinates"":[]}"
26_00000000000000000007,Chandigarh,2017-03,77814.40625,91161.1640625,0.005863829515874386,290.9754943847656,1.4013384580612183,-1.5370103120803833,"{""type"":""MultiPoint"",""coordinates"":[]}"
26_00000000000000000008,Chennai,2017-03,94345.6796875,101046.7265625,0.017865343019366264,300.9637756347656,-1.8401241302490234,4.004799842834473,"{""type"":""MultiPoint"",""coordinates"":[]}"
26_00000000000000000009,Coimbatore,2017-03,82362.0859375,96330.5859375,0.012551451101899147,301.2776184082031,-1.176956057548523,0.6978784203529358,"{""type"":""MultiPoint"",""coordinates"":[]}"
26_0000000000000000000a,Delhi,2017-03,84706.34375,98457.3828125,0.004722279962152243,296.7554931640625,2.746687889099121,-1.818151593208313,"{""type"":""MultiPoint"",""coordinates"":[]}"
26_0000000000000000000b,Ernakulam,2017-03,89230.4609375,99969.6953125,0.016459286212921143,302.0426330566406,1.2736722230911255,-0.27404916286468506,"{""type"":""MultiPoint"",""coordinates"":[]}"
26_0000000000000000000c,Gurugram,2017-03,84706.34375,98457.3828125,0.004722279962152243,296.7554931640625,2.746687889099121,-1.818151593208313,"{""type"":""MultiPoint"",""coordinates"":[]}"
26_0000000000000000000d,Guwahati,2017-03,87193.3359375,99344.84375,0.010636255145072937,296.0403137207031,1.7776402235031128,-0.8928190469741821,"{""type"":""MultiPoint"",""coordinates"":[]}"
26_0000000000000000000e,Hyderabad,2017-03,75552.5703125,95439.8203125,0.007849665358662605,301.73065185546875,-0.5958040952682495,0.9781288504600525,"{""type"":""MultiPoint"",""coordinates"":[]}"
26_0000000000000000000f,Jaipur,2017-03,76424.5234375,96463.5625,0.00442427396774292,297.1657409667969,0.6940022110939026,-1.354792833328247,"{""type"":""MultiPoint"",""coordinates"":[]}"
26_00000000000000000010,Jorapokhar,2017-03,81402.140625,98916.8359375,0.007648770697414875,298.93743896484375,1.276595950126648,-0.38981950283050537,"{""type"":""MultiPoint"",""coordinates"":[]}"
26_00000000000000000011,Kochi,2017-03,89230.4609375,99969.6953125,0.016459286212921143,302.0426330566406,1.2736722230911255,-0.27404916286468506,"{""type"":""MultiPoint"",""coordinates"":[]}"
26_00000000000000000012,Kolkata,2017-03,86704.7109375,100859.0390625,0.01139425951987505,299.92138671875,1.1989858150482178,1.4930719137191772,"{""type"":""MultiPoint"",""coordinates"":[]}"
26_00000000000000000013,Lucknow,2017-03,79758.8046875,99571.671875,0.00508872140198946,298.1483459472656,2.164942979812622,-1.65374755859375,"{""type"":""MultiPoint"",""coordinates"":[]}"
26_00000000000000000014,Mumbai,2017-03,87817.7265625,99584.8671875,0.008996742777526379,301.65484619140625,1.181395173072815,-1.043077826499939,"{""type"":""MultiPoint"",""coordinates"":[]}"
26_00000000000000000015,Patna,2017-03,80748.78125,100222.3984375,0.005909541621804237,299.12286376953125,1.4679557085037231,-0.3869134187698364,"{""type"":""MultiPoint"",""coordinates"":[]}"
26_00000000000000000016,Shillong,2017-03,78462.3828125,87673.5546875,0.0094909043982625,288.7227478027344,1.8109103441238403,1.5345379114151,"{""type"":""MultiPoint"",""coordinates"":[]}"
26_00000000000000000017,Talcher,2017-03,78146.03125,98579.4765625,0.009939800016582012,301.35101318359375,0.31210482120513916,0.6622980833053589,"{""type"":""MultiPoint"",""coordinates"":[]}"
26_00000000000000000018,Thiruvananthapuram,2017-03,87302.0546875,98088.0078125,0.01503806747496128,301.335693359375,-0.5109871625900269,0.5530675053596497,"{""type"":""MultiPoint"",""coordinates"":[]}"
26_00000000000000000019,Visakhapatnam,2017-03,93644.2578125,100724.4765625,0.01665402203798294,301.00799560546875,1.745582938194275,4.188587665557861,"{""type"":""MultiPoint"",""coordinates"":[]}"
27_00000000000000000000,Ahmedabad,2017-04,82743.359375,99627.1640625,0.006970662157982588,304.9417419433594,2.7917802333831787,0.323918879032135,"{""type"":""MultiPoint"",""coordinates"":[]}"
27_00000000000000000001,Aizawl,2017-04,84754.9296875,92505.4296875,0.015093356370925903,295.3746337890625,0.5883914828300476,0.7111088037490845,"{""type"":""MultiPoint"",""coordinates"":[]}"
27_00000000000000000002,Amaravati,2017-04,85321.140625,100161.640625,0.01518629677593708,306.7185974121094,-0.2254193276166916,3.509387969970703,"{""type"":""MultiPoint"",""coordinates"":[]}"
27_00000000000000000003,Amritsar,2017-04,77150.1015625,97691.5703125,0.007453512400388718,302.3052978515625,1.7020652294158936,-1.4336365461349487,"{""type"":""MultiPoint"",""coordinates"":[]}"
27_00000000000000000004,Bengaluru,2017-04,72918.640625,91625.8515625,0.01068230252712965,302.95831298828125,-0.6316887736320496,0.3735904097557068,"{""type"":""MultiPoint"",""coordinates"":[]}"
27_00000000000000000005,Bhopal,2017-04,70826.4921875,95355.21875,0.004874358419328928,305.2087097167969,3.4445407390594482,-1.4112359285354614,"{""type"":""MultiPoint"",""coordinates"":[]}"
27_00000000000000000006,Brajrajnagar,2017-04,71269.7421875,97162.8359375,0.00714783975854516,307.2187194824219,1.251578688621521,0.049144163727760315,"{""type"":""MultiPoint"",""coordinates"":[]}"
27_00000000000000000007,Chandigarh,2017-04,72383.7734375,90825.125,0.006663222331553698,298.8286437988281,1.112566351890564,-0.8686622381210327,"{""type"":""MultiPoint"",""coordinates"":[]}"
27_00000000000000000008,Chennai,2017-04,95823.3515625,100776.5625,0.02025146782398224,302.68133544921875,-0.6070660352706909,5.6759138107299805,"{""type"":""MultiPoint"",""coordinates"":[]}"
27_00000000000000000009,Coimbatore,2017-04,79863.75,96140.7578125,0.012748218141496181,305.2536926269531,0.29273539781570435,0.6234552264213562,"{""type"":""MultiPoint"",""coordinates"":[]}"
27_0000000000000000000a,Delhi,2017-04,78309.1015625,97922.6484375,0.0050183977000415325,304.77392578125,2.6758601665496826,-1.1389187574386597,"{""type"":""MultiPoint"",""coordinates"":[]}"
27_0000000000000000000b,Ernakulam,2017-04,90659.390625,99890.703125,0.01826433837413788,302.8341979980469,2.8539137840270996,-0.47374752163887024,"{""type"":""MultiPoint"",""coordinates"":[]}"
27_0000000000000000000c,Gurugram,2017-04,78309.1015625,97922.6484375,0.0050183977000415325,304.77392578125,2.6758601665496826,-1.1389187574386597,"{""type"":""MultiPoint"",""coordinates"":[]}"
27_0000000000000000000d,Guwahati,2017-04,88817.8046875,99060.9140625,0.0158090777695179,299.3905944824219,2.018390417098999,-0.18752381205558777,"{""type"":""MultiPoint"",""coordinates"":[]}"
27_0000000000000000000e,Hyderabad,2017-04,71840.78125,95209.9609375,0.0076003833673894405,306.27838134765625,0.06852725148200989,0.19376641511917114,"{""type"":""MultiPoint"",""coordinates"":[]}"
27_0000000000000000000f,Jaipur,2017-04,73979.3828125,96048.484375,0.0048256549052894115,304.3881530761719,3.3782169818878174,-1.0374559164047241,"{""type"":""MultiPoint"",""coordinates"":[]}"
27_00000000000000000010,Jorapokhar,2017-04,76718.4921875,98526.9921875,0.011878210119903088,304.63494873046875,-0.2611722946166992,1.2312285900115967,"{""type"":""MultiPoint"",""coordinates"":[]}"
27_00000000000000000011,Kochi,2017-04,90659.390625,99890.703125,0.01826433837413788,302.8341979980469,2.8539137840270996,-0.47374752163887024,"{""type"":""MultiPoint"",""coordinates"":[]}"
27_00000000000000000012,Kolkata,2017-04,88737.6484375,100516.8828125,0.015827737748622894,304.20697021484375,0.6643873453140259,3.9123103618621826,"{""type"":""MultiPoint"",""coordinates"":[]}"
27_00000000000000000013,Lucknow,2017-04,74648.3359375,99056.859375,0.0055077108554542065,306.4562683105469,0.7693196535110474,-0.8020411133766174,"{""type"":""MultiPoint"",""coordinates"":[]}"
27_00000000000000000014,Mumbai,2017-04,86945.1484375,99456.25,0.011659082025289536,303.5480041503906,1.9816845655441284,-0.3535342216491699,"{""type"":""MultiPoint"",""coordinates"":[]}"
27_00000000000000000015,Patna,2017-04,74252.5703125,99745.1796875,0.007727261167019606,306.58929443359375,-0.16739526391029358,-0.2291257381439209,"{""type"":""MultiPoint"",""coordinates"":[]}"
27_00000000000000000016,Shillong,2017-04,80202.9296875,87574.03125,0.013850620947778225,292.4092102050781,1.5907222032546997,2.8258790969848633,"{""type"":""MultiPoint"",""coordinates"":[]}"
27_00000000000000000017,Talcher,2017-04,76857.796875,98191.3203125,0.011420530267059803,306.6412048339844,0.31265830993652344,1.8777351379394531,"{""type"":""MultiPoint"",""coordinates"":[]}"
27_00000000000000000018,Thiruvananthapuram,2017-04,85726.25,97970.4609375,0.016264919191598892,303.18902587890625,3.260366678237915,0.1251775026321411,"{""type"":""MultiPoint"",""coordinates"":[]}"
27_00000000000000000019,Visakhapatnam,2017-04,94697.7734375,100414.4375,0.019084598869085312,302.9300537109375,2.566060781478882,5.414802074432373,"{""type"":""MultiPoint"",""coordinates"":[]}"
28_00000000000000000000,Ahmedabad,2017-05,83740.296875,99353.6953125,0.010412734001874924,308.586181640625,3.705120801925659,0.9625744223594666,"{""type"":""MultiPoint"",""coordinates"":[]}"
28_00000000000000000001,Aizawl,2017-05,85734.6640625,92331.4765625,0.0174003466963768,297.38983154296875,0.34316492080688477,0.5242736339569092,"{""type"":""MultiPoint"",""coordinates"":[]}"
28_00000000000000000002,Amaravati,2017-05,88737.921875,99967.296875,0.01636981964111328,307.03143310546875,0.053510427474975586,2.5240323543548584,"{""type"":""MultiPoint"",""coordinates"":[]}"
28_00000000000000000003,Amritsar,2017-05,75154.0,97434.4453125,0.008598795160651207,307.4368591308594,1.794936180114746,-0.6672617793083191,"{""type"":""MultiPoint"",""coordinates"":[]}"
28_00000000000000000004,Bengaluru,2017-05,80542.125,91557.7890625,0.014922418631613255,300.4375305175781,1.7597593069076538,0.14614658057689667,"{""type"":""MultiPoint"",""coordinates"":[]}"
28_00000000000000000005,Bhopal,2017-05,69858.9375,95107.4296875,0.008244947530329227,309.0138854980469,3.2041728496551514,-1.7823866605758667,"{""type"":""MultiPoint"",""coordinates"":[]}"
28_00000000000000000006,Brajrajnagar,2017-05,74922.859375,96988.546875,0.01231132261455059,308.96856689453125,-0.34032121300697327,1.0078588724136353,"{""type"":""MultiPoint"",""coordinates"":[]}"
28_00000000000000000007,Chandigarh,2017-05,69705.765625,90668.546875,0.009129739366471767,302.40020751953125,1.345169186592102,-0.26659202575683594,"{""type"":""MultiPoint"",""coordinates"":[]}"
28_00000000000000000008,Chennai,2017-05,93786.2890625,100585.3515625,0.020972425118088722,303.84490966796875,0.36011165380477905,4.162072658538818,"{""type"":""MultiPoint"",""coordinates"":[]}"
28_00000000000000000009,Coimbatore,2017-05,86489.890625,96094.875,0.016419928520917892,301.95941162109375,1.4770787954330444,0.17009690403938293,"{""type"":""MultiPoint"",""coordinates"":[]}"
28_0000000000000000000a,Delhi,2017-05,74936.9765625,97696.7578125,0.007850763387978077,308.8798828125,1.5659818649291992,-0.40293872356414795,"{""type"":""MultiPoint"",""coordinates"":[]}"
28_0000000000000000000b,Ernakulam,2017-05,92473.3125,99831.4140625,0.0196207407861948,301.5116882324219,2.7803637981414795,-0.2990565896034241,"{""type"":""MultiPoint"",""coordinates"":[]}"
28_0000000000000000000c,Gurugram,2017-05,74936.9765625,97696.7578125,0.007850763387978077,308.8798828125,1.5659818649291992,-0.40293872356414795,"{""type"":""MultiPoint"",""coordinates"":[]}"
28_0000000000000000000d,Guwahati,2017-05,90275.3828125,98918.0390625,0.01843171939253807,301.4250793457031,0.4611731767654419,-0.7494451403617859,"{""type"":""MultiPoint"",""coordinates"":[]}"
28_0000000000000000000e,Hyderabad,2017-05,76669.9375,95034.328125,0.011909794993698597,306.8435363769531,0.6625557541847229,0.5891407132148743,"{""type"":""MultiPoint"",""coordinates"":[]}"
28_0000000000000000000f,Jaipur,2017-05,75424.6796875,95816.96875,0.008767656981945038,307.4761962890625,3.2878167629241943,-0.8350653648376465,"{""type"":""MultiPoint"",""coordinates"":[]}"
28_00000000000000000010,Jorapokhar,2017-05,77969.6953125,98354.7265625,0.01620681956410408,305.6083068847656,-0.9752175211906433,1.6095151901245117,"{""type"":""MultiPoint"",""coordinates"":[]}"
28_00000000000000000011,Kochi,2017-05,92473.3125,99831.4140625,0.0196207407861948,301.5116882324219,2.7803637981414795,-0.2990565896034241,"{""type"":""MultiPoint"",""coordinates"":[]}"
28_00000000000000000012,Kolkata,2017-05,89572.5546875,100331.671875,0.018892399966716766,304.3044738769531,0.051205527037382126,2.4835774898529053,"{""type"":""MultiPoint"",""coordinates"":[]}"
28_00000000000000000013,Lucknow,2017-05,72224.734375,98855.609375,0.00984987709671259,309.06927490234375,-0.2775134742259979,-0.4761410653591156,"{""type"":""MultiPoint"",""coordinates"":[]}"
28_00000000000000000014,Mumbai,2017-05,89415.5546875,99287.875,0.015712235122919083,304.88348388671875,3.035599708557129,0.21409958600997925,"{""type"":""MultiPoint"",""coordinates"":[]}"
28_00000000000000000015,Patna,2017-05,74529.171875,99555.9765625,0.012207992374897003,308.98223876953125,-1.6271437406539917,-0.3362034261226654,"{""type"":""MultiPoint"",""coordinates"":[]}"
28_00000000000000000016,Shillong,2017-05,80604.0703125,87472.140625,0.01568739302456379,294.39892578125,0.7253580093383789,1.5918126106262207,"{""type"":""MultiPoint"",""coordinates"":[]}"
28_00000000000000000017,Talcher,2017-05,81994.828125,98036.671875,0.015174049884080887,307.31427001953125,-1.05424964427948,2.42344331741333,"{""type"":""MultiPoint"",""coordinates"":[]}"
28_00000000000000000018,Thiruvananthapuram,2017-05,88764.1484375,97929.8984375,0.01749846152961254,301.5059509277344,4.077149868011475,0.7288891077041626,"{""type"":""MultiPoint"",""coordinates"":[]}"
28_00000000000000000019,Visakhapatnam,2017-05,94895.6328125,100198.78125,0.020364299416542053,303.8254699707031,1.91728675365448,4.347611904144287,"{""type"":""MultiPoint"",""coordinates"":[]}"
29_00000000000000000000,Ahmedabad,2017-06,85702.09375,99031.2890625,0.01711251214146614,306.9186706542969,3.327180862426758,2.5437259674072266,"{""type"":""MultiPoint"",""coordinates"":[]}"
29_00000000000000000001,Aizawl,2017-06,85800.71875,92004.859375,0.018584895879030228,297.5298767089844,0.40988582372665405,0.5359200835227966,"{""type"":""MultiPoint"",""coordinates"":[]}"
29_00000000000000000002,Amaravati,2017-06,91509.0625,99828.0234375,0.018279872834682465,303.2511291503906,3.1434483528137207,0.8447249531745911,"{""type"":""MultiPoint"",""coordinates"":[]}"
29_00000000000000000003,Amritsar,2017-06,80420.5078125,97063.2578125,0.013577721081674099,307.5821533203125,1.3916383981704712,0.5197590589523315,"{""type"":""MultiPoint"",""coordinates"":[]}"
29_00000000000000000004,Bengaluru,2017-06,84600.359375,91490.5390625,0.014707599766552448,297.44696044921875,5.485845565795898,0.6562896966934204,"{""type"":""MultiPoint"",""coordinates"":[]}"
29_00000000000000000005,Bhopal,2017-06,80524.078125,94855.4921875,0.01661740243434906,304.7089538574219,3.4474711418151855,-0.4926190674304962,"{""type"":""MultiPoint"",""coordinates"":[]}"
29_00000000000000000006,Brajrajnagar,2017-06,84924.4921875,96723.3203125,0.01760031096637249,304.9385986328125,1.6246428489685059,1.3722670078277588,"{""type"":""MultiPoint"",""coordinates"":[]}"
29_00000000000000000007,Chandigarh,2017-06,74870.359375,90350.4375,0.013355960138142109,302.1839904785156,1.6879513263702393,0.09184255450963974,"{""type"":""MultiPoint"",""coordinates"":[]}"
29_00000000000000000008,Chennai,2017-06,93398.265625,100480.34375,0.019669143483042717,303.4747619628906,2.9355695247650146,2.5843193531036377,"{""type"":""MultiPoint"",""coordinates"":[]}"
29_00000000000000000009,Coimbatore,2017-06,88209.3203125,96037.15625,0.015022375620901585,300.7535400390625,3.9260430335998535,0.24923421442508698,"{""type"":""MultiPoint"",""coordinates"":[]}"
29_0000000000000000000a,Delhi,2017-06,79887.5703125,97376.4453125,0.013592561706900597,308.06256103515625,2.1083641052246094,-0.12292928248643875,"{""type"":""MultiPoint"",""coordinates"":[]}"
29_0000000000000000000b,Ernakulam,2017-06,93026.4296875,99845.4453125,0.019505959004163742,299.92132568359375,3.491351842880249,0.07700123637914658,"{""type"":""MultiPoint"",""coordinates"":[]}"
29_0000000000000000000c,Gurugram,2017-06,79887.5703125,97376.4453125,0.013592561706900597,308.06256103515625,2.1083641052246094,-0.12292928248643875,"{""type"":""MultiPoint"",""coordinates"":[]}"
29_0000000000000000000d,Guwahati,2017-06,92346.0859375,98518.109375,0.020926764234900475,302.16986083984375,1.1692585945129395,-0.34945639967918396,"{""type"":""MultiPoint"",""coordinates"":[]}"
29_0000000000000000000e,Hyderabad,2017-06,86578.453125,94899.625,0.016414767131209373,301.3284606933594,4.624493598937988,0.23642738163471222,"{""type"":""MultiPoint"",""coordinates"":[]}"
29_0000000000000000000f,Jaipur,2017-06,77500.859375,95495.8203125,0.014830703847110271,306.7273254394531,3.0138485431671143,-0.03023194707930088,"{""type"":""MultiPoint"",""coordinates"":[]}"
29_00000000000000000010,Jorapokhar,2017-06,86865.1875,97992.1796875,0.01909630373120308,304.26751708984375,-0.7563596367835999,2.178328514099121,"{""type"":""MultiPoint"",""coordinates"":[]}"
29_00000000000000000011,Kochi,2017-06,93026.4296875,99845.4453125,0.019505959004163742,299.92132568359375,3.491351842880249,0.07700123637914658,"{""type"":""MultiPoint"",""coordinates"":[]}"
29_00000000000000000012,Kolkata,2017-06,94405.875,99957.9921875,0.02137935720384121,302.44586181640625,-0.18278111517429352,2.529327392578125,"{""type"":""MultiPoint"",""coordinates"":[]}"
29_00000000000000000013,Lucknow,2017-06,78597.7265625,98511.2109375,0.013887831941246986,308.9441833496094,0.8529344201087952,-0.16690976917743683,"{""type"":""MultiPoint"",""coordinates"":[]}"
29_00000000000000000014,Mumbai,2017-06,90788.1953125,99025.4453125,0.02014629915356636,301.5457458496094,3.4083218574523926,2.447209358215332,"{""type"":""MultiPoint"",""coordinates"":[]}"
29_00000000000000000015,Patna,2017-06,79204.0859375,99173.78125,0.01570000872015953,308.95654296875,-0.9707295894622803,0.4546130299568176,"{""type"":""MultiPoint"",""coordinates"":[]}"
29_00000000000000000016,Shillong,2017-06,80098.9765625,87163.9453125,0.0176550205796957,295.3162536621094,0.9018248915672302,2.8703789710998535,"{""type"":""MultiPoint"",""coordinates"":[]}"
29_00000000000000000017,Talcher,2017-06,88703.59375,97751.3203125,0.018728576600551605,303.6148681640625,1.229578971862793,1.180436372756958,"{""type"":""MultiPoint"",""coordinates"":[]}"
29_00000000000000000018,Thiruvananthapuram,2017-06,90825.6953125,97943.8046875,0.017827598378062248,299.51904296875,5.7387566566467285,0.2578522562980652,"{""type"":""MultiPoint"",""coordinates"":[]}"
29_00000000000000000019,Visakhapatnam,2017-06,93960.765625,99945.046875,0.021042264997959137,302.6121826171875,3.658235788345337,3.6862235069274902,"{""type"":""MultiPoint"",""coordinates"":[]}"
30_00000000000000000000,Ahmedabad,2017-07,91115.59375,99001.296875,0.01944166235625744,301.4091491699219,4.270010948181152,1.8268107175827026,"{""type"":""MultiPoint"",""coordinates"":[]}"
30_00000000000000000001,Aizawl,2017-07,86127.03125,92025.5859375,0.018807049840688705,297.6677551269531,0.19717080891132355,0.3505523204803467,"{""type"":""MultiPoint"",""coordinates"":[]}"
30_00000000000000000002,Amaravati,2017-07,91722.453125,99870.5625,0.018588842824101448,301.7466735839844,3.8778600692749023,0.08534868061542511,"{""type"":""MultiPoint"",""coordinates"":[]}"
30_00000000000000000003,Amritsar,2017-07,84594.234375,97046.8125,0.01951310597360134,305.37139892578125,0.3135603368282318,0.9390385150909424,"{""type"":""MultiPoint"",""coordinates"":[]}"
30_00000000000000000004,Bengaluru,2017-07,83997.78125,91527.3828125,0.014409611001610756,297.5421142578125,5.677748203277588,-0.43171951174736023,"{""type"":""MultiPoint"",""coordinates"":[]}"
30_00000000000000000005,Bhopal,2017-07,87700.0,94769.75,0.018374983221292496,299.9409484863281,4.541611194610596,1.363526463508606,"{""type"":""MultiPoint"",""coordinates"":[]}"
30_00000000000000000006,Brajrajnagar,2017-07,90305.9765625,96746.046875,0.019871247932314873,300.4310302734375,2.6578361988067627,1.1967366933822632,"{""type"":""MultiPoint"",""coordinates"":[]}"
30_00000000000000000007,Chandigarh,2017-07,78976.6796875,90304.90625,0.017840085551142693,300.3523864746094,1.1560178995132446,0.791108250617981,"{""type"":""MultiPoint"",""coordinates"":[]}"
30_00000000000000000008,Chennai,2017-07,93379.6953125,100525.7578125,0.019260773435235023,303.0977478027344,3.1566247940063477,1.5231471061706543,"{""type"":""MultiPoint"",""coordinates"":[]}"
30_00000000000000000009,Coimbatore,2017-07,87511.0234375,96070.6015625,0.014577842317521572,301.010498046875,4.18895149230957,-0.322934091091156,"{""type"":""MultiPoint"",""coordinates"":[]}"
30_0000000000000000000a,Delhi,2017-07,87755.3671875,97374.3203125,0.019001716747879982,304.33892822265625,-0.3905939757823944,0.8138059973716736,"{""type"":""MultiPoint"",""coordinates"":[]}"
30_0000000000000000000b,Ernakulam,2017-07,94924.03125,99898.375,0.019099725410342216,299.125732421875,3.1261024475097656,-0.6579803228378296,"{""type"":""MultiPoint"",""coordinates"":[]}"
30_0000000000000000000c,Gurugram,2017-07,87755.3671875,97374.3203125,0.019001716747879982,304.33892822265625,-0.3905939757823944,0.8138059973716736,"{""type"":""MultiPoint"",""coordinates"":[]}"
30_0000000000000000000d,Guwahati,2017-07,93109.921875,98619.328125,0.021188681945204735,301.8615417480469,-0.2690749168395996,-0.7948461174964905,"{""type"":""MultiPoint"",""coordinates"":[]}"
30_0000000000000000000e,Hyderabad,2017-07,86219.78125,94929.4765625,0.016569914296269417,299.74810791015625,6.083085536956787,0.16023686528205872,"{""type"":""MultiPoint"",""coordinates"":[]}"
30_0000000000000000000f,Jaipur,2017-07,84233.171875,95388.4609375,0.017874982208013535,303.7287902832031,0.30042341351509094,-0.07013237476348877,"{""type"":""MultiPoint"",""coordinates"":[]}"
30_00000000000000000010,Jorapokhar,2017-07,91935.9765625,97990.2578125,0.020943259820342064,301.10906982421875,-0.563007116317749,1.728611946105957,"{""type"":""MultiPoint"",""coordinates"":[]}"
30_00000000000000000011,Kochi,2017-07,94924.03125,99898.375,0.019099725410342216,299.125732421875,3.1261024475097656,-0.6579803228378296,"{""type"":""MultiPoint"",""coordinates"":[]}"
30_00000000000000000012,Kolkata,2017-07,95023.5546875,99960.4921875,0.021788040176033974,301.3746643066406,-0.1839572638273239,3.0464677810668945,"{""type"":""MultiPoint"",""coordinates"":[]}"
30_00000000000000000013,Lucknow,2017-07,91791.5546875,98564.5,0.021543355658650398,302.43719482421875,-1.6350784301757812,0.49080753326416016,"{""type"":""MultiPoint"",""coordinates"":[]}"
30_00000000000000000014,Mumbai,2017-07,92541.796875,99056.9765625,0.01983645372092724,299.5590515136719,5.255241870880127,2.235294818878174,"{""type"":""MultiPoint"",""coordinates"":[]}"
30_00000000000000000015,Patna,2017-07,91777.9765625,99226.71875,0.021036606281995773,302.6651306152344,-2.1805243492126465,1.3708178997039795,"{""type"":""MultiPoint"",""coordinates"":[]}"
30_00000000000000000016,Shillong,2017-07,80462.8203125,87211.84375,0.017889641225337982,295.3203125,0.023764416575431824,2.443462610244751,"{""type"":""MultiPoint"",""coordinates"":[]}"
30_00000000000000000017,Talcher,2017-07,90436.65625,97765.125,0.019998988136649132,300.6929626464844,1.9969916343688965,0.8945273756980896,"{""type"":""MultiPoint"",""coordinates"":[]}"
30_00000000000000000018,Thiruvananthapuram,2017-07,91122.0703125,97957.859375,0.01716853491961956,299.3804016113281,5.719124794006348,-0.9536833763122559,"{""type"":""MultiPoint"",""coordinates"":[]}"
30_00000000000000000019,Visakhapatnam,2017-07,95656.2265625,99932.8671875,0.020971018821001053,301.5986328125,3.9739255905151367,3.3641679286956787,"{""type"":""MultiPoint"",""coordinates"":[]}"
31_00000000000000000000,Ahmedabad,2017-08,91016.21875,99165.609375,0.019828327000141144,300.46990966796875,2.2669034004211426,1.4399802684783936,"{""type"":""MultiPoint"",""coordinates"":[]}"
31_00000000000000000001,Aizawl,2017-08,85723.8828125,92100.1796875,0.018833091482520103,297.6961364746094,0.3610250949859619,0.28814950585365295,"{""type"":""MultiPoint"",""coordinates"":[]}"
31_00000000000000000002,Amaravati,2017-08,94004.0625,99864.640625,0.01932254247367382,300.5528869628906,2.5366737842559814,0.14690014719963074,"{""type"":""MultiPoint"",""coordinates"":[]}"
31_00000000000000000003,Amritsar,2017-08,87912.109375,97207.9921875,0.019784141331911087,303.79205322265625,0.17375414073467255,0.22830654680728912,"{""type"":""MultiPoint"",""coordinates"":[]}"
31_00000000000000000004,Bengaluru,2017-08,84193.875,91441.1640625,0.01541939377784729,296.73345947265625,3.952911376953125,-0.7083352208137512,"{""type"":""MultiPoint"",""coordinates"":[]}"
31_00000000000000000005,Bhopal,2017-08,87421.234375,94947.3984375,0.01895972527563572,299.43402099609375,2.4634029865264893,-0.45173412561416626,"{""type"":""MultiPoint"",""coordinates"":[]}"
31_00000000000000000006,Brajrajnagar,2017-08,91016.3359375,96889.9921875,0.020259542390704155,300.1760559082031,0.745008111000061,1.3043882846832275,"{""type"":""MultiPoint"",""coordinates"":[]}"
31_00000000000000000007,Chandigarh,2017-08,82400.671875,90441.0078125,0.018697911873459816,298.4710693359375,1.3607697486877441,-0.1602495014667511,"{""type"":""MultiPoint"",""coordinates"":[]}"
31_00000000000000000008,Chennai,2017-08,93734.375,100479.015625,0.019798528403043747,302.39837646484375,2.8977863788604736,1.9510524272918701,"{""type"":""MultiPoint"",""coordinates"":[]}"
31_00000000000000000009,Coimbatore,2017-08,88912.609375,95987.7109375,0.015876973047852516,299.6951904296875,2.936950922012329,-0.0762190967798233,"{""type"":""MultiPoint"",""coordinates"":[]}"
31_0000000000000000000a,Delhi,2017-08,87582.546875,97528.421875,0.018608475103974342,303.68560791015625,0.9984219670295715,0.12238838523626328,"{""type"":""MultiPoint"",""coordinates"":[]}"
31_0000000000000000000b,Ernakulam,2017-08,95458.140625,99789.40625,0.019032912328839302,298.8516540527344,3.0372726917266846,-0.599124014377594,"{""type"":""MultiPoint"",""coordinates"":[]}"
31_0000000000000000000c,Gurugram,2017-08,87582.546875,97528.421875,0.018608475103974342,303.68560791015625,0.9984219670295715,0.12238838523626328,"{""type"":""MultiPoint"",""coordinates"":[]}"
31_0000000000000000000d,Guwahati,2017-08,93781.4296875,98655.2734375,0.02149531990289688,301.67303466796875,1.6906541585922241,-0.31662148237228394,"{""type"":""MultiPoint"",""coordinates"":[]}"
31_0000000000000000000e,Hyderabad,2017-08,87516.234375,94920.046875,0.017053596675395966,298.49859619140625,3.7136549949645996,-0.5640694499015808,"{""type"":""MultiPoint"",""coordinates"":[]}"
31_0000000000000000000f,Jaipur,2017-08,86068.3046875,95617.0078125,0.01808985136449337,302.1611633300781,1.7726459503173828,0.0615396574139595,"{""type"":""MultiPoint"",""coordinates"":[]}"
31_00000000000000000010,Jorapokhar,2017-08,92028.3203125,98191.3046875,0.02125576324760914,300.8966979980469,-0.4244878590106964,1.6732319593429565,"{""type"":""MultiPoint"",""coordinates"":[]}"
31_00000000000000000011,Kochi,2017-08,95458.140625,99789.40625,0.019032912328839302,298.8516540527344,3.0372726917266846,-0.599124014377594,"{""type"":""MultiPoint"",""coordinates"":[]}"
31_00000000000000000012,Kolkata,2017-08,94831.1328125,100132.1953125,0.021673288196325302,301.3484802246094,-0.20315101742744446,2.1971285343170166,"{""type"":""MultiPoint"",""coordinates"":[]}"
31_00000000000000000013,Lucknow,2017-08,92404.3515625,98747.8203125,0.0215586107224226,301.8280029296875,-0.05743614584207535,0.788614809513092,"{""type"":""MultiPoint"",""coordinates"":[]}"
31_00000000000000000014,Mumbai,2017-08,92337.90625,99097.4375,0.019171081483364105,299.1322937011719,3.68213152885437,1.20487380027771,"{""type"":""MultiPoint"",""coordinates"":[]}"
31_00000000000000000015,Patna,2017-08,93263.34375,99437.5,0.02183414064347744,302.1185302734375,-0.11122184991836548,1.0329052209854126,"{""type"":""MultiPoint"",""coordinates"":[]}"
31_00000000000000000016,Shillong,2017-08,79707.1953125,87253.6796875,0.01808042824268341,295.55474853515625,0.8749614953994751,2.4888339042663574,"{""type"":""MultiPoint"",""coordinates"":[]}"
31_00000000000000000017,Talcher,2017-08,91855.6015625,97903.7890625,0.02027897536754608,300.2011413574219,0.436588853597641,1.1862627267837524,"{""type"":""MultiPoint"",""coordinates"":[]}"
31_00000000000000000018,Thiruvananthapuram,2017-08,91099.1953125,97863.765625,0.01712040603160858,299.23931884765625,5.298075199127197,-0.6707198023796082,"{""type"":""MultiPoint"",""coordinates"":[]}"
31_00000000000000000019,Visakhapatnam,2017-08,94100.546875,99982.3671875,0.02074281871318817,301.66485595703125,2.7711713314056396,3.001617908477783,"{""type"":""MultiPoint"",""coordinates"":[]}"
32_00000000000000000000,Ahmedabad,2017-09,88613.2734375,99573.96875,0.01833081617951393,300.3783264160156,1.595470666885376,0.21070267260074615,"{""type"":""MultiPoint"",""coordinates"":[]}"
32_00000000000000000001,Aizawl,2017-09,87330.1015625,92348.7734375,0.018483901396393776,297.2920837402344,0.27667751908302307,0.19141721725463867,"{""type"":""MultiPoint"",""coordinates"":[]}"
32_00000000000000000002,Amaravati,2017-09,93630.46875,100120.9765625,0.019748562946915627,300.46533203125,1.109354019165039,0.4011542499065399,"{""type"":""MultiPoint"",""coordinates"":[]}"
32_00000000000000000003,Amritsar,2017-09,85952.5234375,97659.203125,0.014362020418047905,302.2861328125,0.7822242379188538,-0.3600950837135315,"{""type"":""MultiPoint"",""coordinates"":[]}"
32_00000000000000000004,Bengaluru,2017-09,84314.6796875,91547.40625,0.01620367169380188,295.9894104003906,1.478706955909729,0.08041511476039886,"{""type"":""MultiPoint"",""coordinates"":[]}"
32_00000000000000000005,Bhopal,2017-09,88314.078125,95326.703125,0.017626605927944183,299.0936584472656,1.7804266214370728,-0.5979236364364624,"{""type"":""MultiPoint"",""coordinates"":[]}"
32_00000000000000000006,Brajrajnagar,2017-09,90311.125,97229.5703125,0.019665265455842018,300.22955322265625,1.0292145013809204,0.477620005607605,"{""type"":""MultiPoint"",""coordinates"":[]}"
32_00000000000000000007,Chandigarh,2017-09,83864.2421875,90805.078125,0.014990205876529217,296.9170837402344,1.0314388275146484,-1.0573786497116089,"{""type"":""MultiPoint"",""coordinates"":[]}"
32_00000000000000000008,Chennai,2017-09,93899.5859375,100679.8984375,0.01966278627514839,301.9176025390625,1.6215083599090576,2.229067802429199,"{""type"":""MultiPoint"",""coordinates"":[]}"
32_00000000000000000009,Coimbatore,2017-09,88422.1796875,96112.0703125,0.017115505412220955,298.54156494140625,1.4379545450210571,0.33026644587516785,"{""type"":""MultiPoint"",""coordinates"":[]}"
32_0000000000000000000a,Delhi,2017-09,90217.875,97941.296875,0.015215659514069557,301.16461181640625,1.440530776977539,-1.0470257997512817,"{""type"":""MultiPoint"",""coordinates"":[]}"
32_0000000000000000000b,Ernakulam,2017-09,93623.71875,99845.6484375,0.019033191725611687,299.1747741699219,2.601609230041504,0.3008970320224762,"{""type"":""MultiPoint"",""coordinates"":[]}"
32_0000000000000000000c,Gurugram,2017-09,90217.875,97941.296875,0.015215659514069557,301.16461181640625,1.440530776977539,-1.0470257997512817,"{""type"":""MultiPoint"",""coordinates"":[]}"
32_0000000000000000000d,Guwahati,2017-09,94529.875,98971.796875,0.020634770393371582,300.9742431640625,0.7828254103660583,-0.7155728340148926,"{""type"":""MultiPoint"",""coordinates"":[]}"
32_0000000000000000000e,Hyderabad,2017-09,87770.6796875,95170.625,0.017732109874486923,298.4998474121094,1.16846764087677,-0.37272557616233826,"{""type"":""MultiPoint"",""coordinates"":[]}"
32_0000000000000000000f,Jaipur,2017-09,81819.4140625,96008.5546875,0.013815700076520443,301.7168884277344,1.383025050163269,-0.858371913433075,"{""type"":""MultiPoint"",""coordinates"":[]}"
32_00000000000000000010,Jorapokhar,2017-09,90530.4765625,98501.1484375,0.020665235817432404,300.8083190917969,0.19358351826667786,1.3074702024459839,"{""type"":""MultiPoint"",""coordinates"":[]}"
32_00000000000000000011,Kochi,2017-09,93623.71875,99845.6484375,0.019033191725611687,299.1747741699219,2.601609230041504,0.3008970320224762,"{""type"":""MultiPoint"",""coordinates"":[]}"
32_00000000000000000012,Kolkata,2017-09,95075.1015625,100441.5546875,0.02114998735487461,301.02606201171875,0.4013773202896118,2.0217902660369873,"{""type"":""MultiPoint"",""coordinates"":[]}"
32_00000000000000000013,Lucknow,2017-09,92102.5625,99116.703125,0.019678955897688866,301.310791015625,0.8530367612838745,0.5054804682731628,"{""type"":""MultiPoint"",""coordinates"":[]}"
32_00000000000000000014,Mumbai,2017-09,92315.078125,99314.46875,0.01927211880683899,299.67327880859375,1.3421529531478882,-0.6345889568328857,"{""type"":""MultiPoint"",""coordinates"":[]}"
32_00000000000000000015,Patna,2017-09,91582.8359375,99772.5703125,0.020777292549610138,301.97967529296875,0.7835627794265747,0.538007378578186,"{""type"":""MultiPoint"",""coordinates"":[]}"
32_00000000000000000016,Shillong,2017-09,79874.109375,87503.1875,0.017380695790052414,295.1183166503906,0.6269164085388184,1.6292728185653687,"{""type"":""MultiPoint"",""coordinates"":[]}"
32_00000000000000000017,Talcher,2017-09,92749.71875,98234.1640625,0.019929125905036926,299.90557861328125,0.6991212964057922,0.8549020290374756,"{""type"":""MultiPoint"",""coordinates"":[]}"
32_00000000000000000018,Thiruvananthapuram,2017-09,91505.453125,97954.34375,0.01770230196416378,298.8958740234375,4.013172149658203,0.833153247833252,"{""type"":""MultiPoint"",""coordinates"":[]}"
32_00000000000000000019,Visakhapatnam,2017-09,93820.3671875,100309.1015625,0.020654914900660515,301.6393127441406,1.3893226385116577,2.014849901199341,"{""type"":""MultiPoint"",""coordinates"":[]}"
33_00000000000000000000,Ahmedabad,2017-10,81918.1875,99780.953125,0.011739139445126057,300.4770812988281,0.2108796089887619,-0.5991063714027405,"{""type"":""MultiPoint"",""coordinates"":[]}"
33_00000000000000000001,Aizawl,2017-10,86081.125,92560.5546875,0.016683394089341164,295.6685485839844,-0.12980857491493225,0.1657920479774475,"{""type"":""MultiPoint"",""coordinates"":[]}"
33_00000000000000000002,Amaravati,2017-10,93820.09375,100275.2421875,0.01841128244996071,299.7061462402344,-0.30004292726516724,-0.208860844373703,"{""type"":""MultiPoint"",""coordinates"":[]}"
33_00000000000000000003,Amritsar,2017-10,86055.1484375,98051.328125,0.007539120502769947,299.1983642578125,0.5602788329124451,-0.5296695232391357,"{""type"":""MultiPoint"",""coordinates"":[]}"
33_00000000000000000004,Bengaluru,2017-10,84462.5078125,91622.8046875,0.0156579427421093,295.0874938964844,0.45956945419311523,-0.8034784197807312,"{""type"":""MultiPoint"",""coordinates"":[]}"
33_00000000000000000005,Bhopal,2017-10,80704.6953125,95569.578125,0.012728232890367508,297.72491455078125,-0.015390058979392052,-0.33944475650787354,"{""type"":""MultiPoint"",""coordinates"":[]}"
33_00000000000000000006,Brajrajnagar,2017-10,88663.40625,97491.4453125,0.01671748049557209,298.9525146484375,0.16523700952529907,-0.412409245967865,"{""type"":""MultiPoint"",""coordinates"":[]}"
33_00000000000000000007,Chandigarh,2017-10,81984.3046875,91111.5,0.008646717295050621,294.6026611328125,0.23667792975902557,-1.0721497535705566,"{""type"":""MultiPoint"",""coordinates"":[]}"
33_00000000000000000008,Chennai,2017-10,93308.5625,100766.0390625,0.01937224343419075,301.8291320800781,-0.25480523705482483,0.04595498740673065,"{""type"":""MultiPoint"",""coordinates"":[]}"
33_00000000000000000009,Coimbatore,2017-10,88105.4921875,96170.3984375,0.01698785275220871,298.0303039550781,0.8832027316093445,-0.2369730919599533,"{""type"":""MultiPoint"",""coordinates"":[]}"
33_0000000000000000000a,Delhi,2017-10,87507.6953125,98314.4609375,0.00865691527724266,298.5458679199219,0.8550006747245789,-1.1499392986297607,"{""type"":""MultiPoint"",""coordinates"":[]}"
33_0000000000000000000b,Ernakulam,2017-10,93704.2421875,99860.2890625,0.01869434490799904,299.38653564453125,1.450535774230957,0.487007200717926,"{""type"":""MultiPoint"",""coordinates"":[]}"
33_0000000000000000000c,Gurugram,2017-10,87507.6953125,98314.4609375,0.00865691527724266,298.5458679199219,0.8550006747245789,-1.1499392986297607,"{""type"":""MultiPoint"",""coordinates"":[]}"
33_0000000000000000000d,Guwahati,2017-10,94561.421875,99291.375,0.01781303621828556,298.9206237792969,-0.28163865208625793,-0.9206535220146179,"{""type"":""MultiPoint"",""coordinates"":[]}"
33_0000000000000000000e,Hyderabad,2017-10,87099.1640625,95325.796875,0.016282200813293457,297.2483215332031,-0.3404630124568939,-0.7723355293273926,"{""type"":""MultiPoint"",""coordinates"":[]}"
33_0000000000000000000f,Jaipur,2017-10,74303.8125,96311.671875,0.0061126030050218105,299.9753723144531,0.3045860528945923,-1.4080724716186523,"{""type"":""MultiPoint"",""coordinates"":[]}"
33_00000000000000000010,Jorapokhar,2017-10,89172.734375,98783.671875,0.017452631145715714,298.8771667480469,-0.40970537066459656,0.31506359577178955,"{""type"":""MultiPoint"",""coordinates"":[]}"
33_00000000000000000011,Kochi,2017-10,93704.2421875,99860.2890625,0.01869434490799904,299.38653564453125,1.450535774230957,0.487007200717926,"{""type"":""MultiPoint"",""coordinates"":[]}"
33_00000000000000000012,Kolkata,2017-10,93974.265625,100699.515625,0.01858370378613472,299.63323974609375,-0.30177581310272217,0.977685809135437,"{""type"":""MultiPoint"",""coordinates"":[]}"
33_00000000000000000013,Lucknow,2017-10,89365.4921875,99481.6640625,0.013479410670697689,299.4540710449219,0.2737675905227661,0.11834751069545746,"{""type"":""MultiPoint"",""coordinates"":[]}"
33_00000000000000000014,Mumbai,2017-10,91217.6953125,99433.15625,0.01633826270699501,299.3917541503906,-0.9559487700462341,-0.738251805305481,"{""type"":""MultiPoint"",""coordinates"":[]}"
33_00000000000000000015,Patna,2017-10,88753.1484375,100106.4296875,0.0159233920276165,300.2913513183594,-0.5643935203552246,0.32114607095718384,"{""type"":""MultiPoint"",""coordinates"":[]}"
33_00000000000000000016,Shillong,2017-10,80121.875,87709.8828125,0.014531484805047512,292.8945007324219,-0.05985220894217491,0.725688636302948,"{""type"":""MultiPoint"",""coordinates"":[]}"
33_00000000000000000017,Talcher,2017-10,91043.8515625,98473.7578125,0.01747467741370201,298.92828369140625,0.26005181670188904,0.013810137286782265,"{""type"":""MultiPoint"",""coordinates"":[]}"
33_00000000000000000018,Thiruvananthapuram,2017-10,90976.5859375,97956.828125,0.01758444309234619,299.1788024902344,2.994903087615967,0.31811395287513733,"{""type"":""MultiPoint"",""coordinates"":[]}"
33_00000000000000000019,Visakhapatnam,2017-10,93402.609375,100507.7265625,0.0189224686473608,300.8608093261719,-0.27255991101264954,-0.04232410341501236,"{""type"":""MultiPoint"",""coordinates"":[]}"
34_00000000000000000000,Ahmedabad,2017-11,86573.015625,100166.84375,0.006563532166182995,296.446044921875,-1.3045583963394165,-0.9180260896682739,"{""type"":""MultiPoint"",""coordinates"":[]}"
34_00000000000000000001,Aizawl,2017-11,86556.3359375,92803.0390625,0.012765106745064259,292.39117431640625,-0.2827839255332947,0.23779162764549255,"{""type"":""MultiPoint"",""coordinates"":[]}"
34_00000000000000000002,Amaravati,2017-11,92061.0,100597.4140625,0.015348626300692558,297.5690002441406,-1.433377742767334,-1.695073127746582,"{""type"":""MultiPoint"",""coordinates"":[]}"
34_00000000000000000003,Amritsar,2017-11,90974.46875,98574.3671875,0.00474419305101037,292.6075439453125,0.821278989315033,-0.5014488101005554,"{""type"":""MultiPoint"",""coordinates"":[]}"
34_00000000000000000004,Bengaluru,2017-11,84512.3125,91750.5234375,0.014403953216969967,293.9863586425781,-2.3688721656799316,-1.7619637250900269,"{""type"":""MultiPoint"",""coordinates"":[]}"
34_00000000000000000005,Bhopal,2017-11,81237.09375,95951.359375,0.007591193076223135,294.40045166015625,-1.1607213020324707,-0.21172340214252472,"{""type"":""MultiPoint"",""coordinates"":[]}"
34_00000000000000000006,Brajrajnagar,2017-11,89388.2265625,97943.2890625,0.011358100920915604,294.16864013671875,-0.9824171662330627,-1.2869219779968262,"{""type"":""MultiPoint"",""coordinates"":[]}"
34_00000000000000000007,Chandigarh,2017-11,84929.4609375,91433.0078125,0.005650203675031662,289.25665283203125,-0.011678826063871384,-0.8214596509933472,"{""type"":""MultiPoint"",""coordinates"":[]}"
34_00000000000000000008,Chennai,2017-11,91273.5546875,100972.671875,0.018694190308451653,300.72198486328125,-3.1979119777679443,-4.403066158294678,"{""type"":""MultiPoint"",""coordinates"":[]}"
34_00000000000000000009,Coimbatore,2017-11,87483.5703125,96301.671875,0.01586099900305271,297.3663635253906,-1.0811885595321655,-1.223791480064392,"{""type"":""MultiPoint"",""coordinates"":[]}"
34_0000000000000000000a,Delhi,2017-11,92849.78125,98819.703125,0.005761612672358751,292.0278015136719,1.38233482837677,-1.2971868515014648,"{""type"":""MultiPoint"",""coordinates"":[]}"
34_0000000000000000000b,Ernakulam,2017-11,91996.359375,99886.46875,0.01758715882897377,299.583740234375,-0.2926446795463562,-0.7034374475479126,"{""type"":""MultiPoint"",""coordinates"":[]}"
34_0000000000000000000c,Gurugram,2017-11,92849.78125,98819.703125,0.005761612672358751,292.0278015136719,1.38233482837677,-1.2971868515014648,"{""type"":""MultiPoint"",""coordinates"":[]}"
34_0000000000000000000d,Guwahati,2017-11,94767.5546875,99656.9140625,0.013319520279765129,294.7934265136719,-1.2672514915466309,-1.2192165851593018,"{""type"":""MultiPoint"",""coordinates"":[]}"
34_0000000000000000000e,Hyderabad,2017-11,86496.2890625,95621.3203125,0.012332879938185215,294.86505126953125,-1.931077480316162,-1.112840175628662,"{""type"":""MultiPoint"",""coordinates"":[]}"
34_0000000000000000000f,Jaipur,2017-11,82062.4609375,96759.609375,0.004233652260154486,294.2160339355469,-0.4114339351654053,-1.0160669088363647,"{""type"":""MultiPoint"",""coordinates"":[]}"
34_00000000000000000010,Jorapokhar,2017-11,92229.46875,99275.3359375,0.011576849967241287,293.6457214355469,0.854032576084137,-1.2414045333862305,"{""type"":""MultiPoint"",""coordinates"":[]}"
34_00000000000000000011,Kochi,2017-11,91996.359375,99886.46875,0.01758715882897377,299.583740234375,-0.2926446795463562,-0.7034374475479126,"{""type"":""MultiPoint"",""coordinates"":[]}"
34_00000000000000000012,Kolkata,2017-11,95063.2265625,101166.671875,0.012830764055252075,294.6963806152344,0.5402132272720337,-1.8361181020736694,"{""type"":""MultiPoint"",""coordinates"":[]}"
34_00000000000000000013,Lucknow,2017-11,93330.4921875,99993.625,0.008258781395852566,293.0655212402344,1.243060827255249,-0.44351324439048767,"{""type"":""MultiPoint"",""coordinates"":[]}"
34_00000000000000000014,Mumbai,2017-11,88724.6875,99704.84375,0.011083484627306461,296.6830139160156,-2.2625064849853516,-0.6395015716552734,"{""type"":""MultiPoint"",""coordinates"":[]}"
34_00000000000000000015,Patna,2017-11,89440.15625,100624.703125,0.009128633886575699,295.1686096191406,1.3144503831863403,-0.0606585331261158,"{""type"":""MultiPoint"",""coordinates"":[]}"
34_00000000000000000016,Shillong,2017-11,80066.25,87876.0546875,0.010480034165084362,289.34808349609375,-0.1933821439743042,-0.06051170080900192,"{""type"":""MultiPoint"",""coordinates"":[]}"
34_00000000000000000017,Talcher,2017-11,91319.46875,98917.9921875,0.012400129809975624,294.4182434082031,-0.42279326915740967,-1.440049648284912,"{""type"":""MultiPoint"",""coordinates"":[]}"
34_00000000000000000018,Thiruvananthapuram,2017-11,91392.9921875,97989.7578125,0.017147796228528023,297.6417236328125,-0.8318569660186768,-1.5719914436340332,"{""type"":""MultiPoint"",""coordinates"":[]}"
34_00000000000000000019,Visakhapatnam,2017-11,92902.9765625,100863.0,0.01582575961947441,298.2325134277344,-2.9852421283721924,-3.5440170764923096,"{""type"":""MultiPoint"",""coordinates"":[]}"
35_00000000000000000000,Ahmedabad,2017-12,91754.6171875,100384.3828125,0.0055761756375432014,293.7568054199219,-2.168790102005005,-1.1435736417770386,"{""type"":""MultiPoint"",""coordinates"":[]}"
35_00000000000000000001,Aizawl,2017-12,87294.5625,92969.90625,0.010501340962946415,289.9017028808594,-0.3017996847629547,0.4221586287021637,"{""type"":""MultiPoint"",""coordinates"":[]}"
35_00000000000000000002,Amaravati,2017-12,90982.0390625,100860.359375,0.01181767787784338,296.05657958984375,-2.0313780307769775,-0.872660756111145,"{""type"":""MultiPoint"",""coordinates"":[]}"
35_00000000000000000003,Amritsar,2017-12,92808.9921875,98829.1015625,0.004001476801931858,288.0058898925781,1.1610960960388184,-0.8455796837806702,"{""type"":""MultiPoint"",""coordinates"":[]}"
35_00000000000000000004,Bengaluru,2017-12,84297.9609375,91935.78125,0.011955894529819489,292.2025451660156,-2.942629814147949,-0.6677178740501404,"{""type"":""MultiPoint"",""coordinates"":[]}"
35_00000000000000000005,Bhopal,2017-12,86373.4765625,96140.96875,0.005070201121270657,292.07763671875,-1.4035152196884155,-0.7359174489974976,"{""type"":""MultiPoint"",""coordinates"":[]}"
35_00000000000000000006,Brajrajnagar,2017-12,93275.5,98157.0,0.008310427889227867,291.07672119140625,-0.5424403548240662,-1.411874771118164,"{""type"":""MultiPoint"",""coordinates"":[]}"
35_00000000000000000007,Chandigarh,2017-12,85926.5390625,91583.34375,0.004300966858863831,286.6294860839844,-0.15043403208255768,-0.744324266910553,"{""type"":""MultiPoint"",""coordinates"":[]}"
35_00000000000000000008,Chennai,2017-12,89779.28125,101277.390625,0.015623841434717178,299.3791198730469,-3.4335274696350098,-3.4950692653656006,"{""type"":""MultiPoint"",""coordinates"":[]}"
35_00000000000000000009,Coimbatore,2017-12,86166.9375,96526.6796875,0.013277845457196236,295.9629211425781,-1.6594995260238647,-0.8816121220588684,"{""type"":""MultiPoint"",""coordinates"":[]}"
35_0000000000000000000a,Delhi,2017-12,94328.0078125,99070.3671875,0.004319075495004654,288.22418212890625,2.049649477005005,-1.527660846710205,"{""type"":""MultiPoint"",""coordinates"":[]}"
35_0000000000000000000b,Ernakulam,2017-12,91881.96875,100090.0859375,0.015475877560675144,298.7928771972656,-1.6087872982025146,-0.38142257928848267,"{""type"":""MultiPoint"",""coordinates"":[]}"
35_0000000000000000000c,Gurugram,2017-12,94328.0078125,99070.3671875,0.004319075495004654,288.22418212890625,2.049649477005005,-1.527660846710205,"{""type"":""MultiPoint"",""coordinates"":[]}"
35_0000000000000000000d,Guwahati,2017-12,95007.3515625,99864.4765625,0.01150282472372055,292.2934265136719,-1.270358920097351,-1.3766440153121948,"{""type"":""MultiPoint"",""coordinates"":[]}"
35_0000000000000000000e,Hyderabad,2017-12,87553.9921875,95817.3046875,0.008407818153500557,293.214599609375,-2.2078804969787598,-0.25622349977493286,"{""type"":""MultiPoint"",""coordinates"":[]}"
35_0000000000000000000f,Jaipur,2017-12,88678.0546875,97005.7265625,0.00368549139238894,289.9165954589844,-0.562071681022644,-1.17160165309906,"{""type"":""MultiPoint"",""coordinates"":[]}"
35_00000000000000000010,Jorapokhar,2017-12,95245.4375,99500.5390625,0.008860902860760689,290.3846740722656,1.3072739839553833,-1.620370626449585,"{""type"":""MultiPoint"",""coordinates"":[]}"
35_00000000000000000011,Kochi,2017-12,91881.96875,100090.0859375,0.015475877560675144,298.7928771972656,-1.6087872982025146,-0.38142257928848267,"{""type"":""MultiPoint"",""coordinates"":[]}"
35_00000000000000000012,Kolkata,2017-12,95660.6640625,101410.3125,0.010899710468947887,291.7912292480469,0.7359026074409485,-1.941341757774353,"{""type"":""MultiPoint"",""coordinates"":[]}"
35_00000000000000000013,Lucknow,2017-12,95742.9921875,100243.2421875,0.0055792611092329025,289.93524169921875,1.536764144897461,-0.5610389113426208,"{""type"":""MultiPoint"",""coordinates"":[]}"
35_00000000000000000014,Mumbai,2017-12,91944.453125,99855.5546875,0.010113985277712345,295.52752685546875,-2.0468478202819824,-0.19358186423778534,"{""type"":""MultiPoint"",""coordinates"":[]}"
35_00000000000000000015,Patna,2017-12,95489.1953125,100887.9609375,0.006251373328268528,291.6812438964844,1.7860674858093262,-0.45153969526290894,"{""type"":""MultiPoint"",""coordinates"":[]}"
35_00000000000000000016,Shillong,2017-12,81273.3828125,87964.1875,0.009387889876961708,287.0792541503906,-0.08836666494607925,0.09122537076473236,"{""type"":""MultiPoint"",""coordinates"":[]}"
35_00000000000000000017,Talcher,2017-12,93561.7109375,99145.8125,0.009397575631737709,291.5601501464844,0.16781972348690033,-1.1246670484542847,"{""type"":""MultiPoint"",""coordinates"":[]}"
35_00000000000000000018,Thiruvananthapuram,2017-12,90597.8125,98209.6875,0.016196783632040024,296.81890869140625,-2.1569883823394775,-1.6527808904647827,"{""type"":""MultiPoint"",""coordinates"":[]}"
35_00000000000000000019,Visakhapatnam,2017-12,93404.3359375,101163.140625,0.012615075334906578,295.77239990234375,-2.007744550704956,-3.2053029537200928,"{""type"":""MultiPoint"",""coordinates"":[]}"
36_00000000000000000000,Ahmedabad,2018-01,88122.0,100221.296875,0.0036640309263020754,294.3642883300781,-0.942681610584259,-1.1699659824371338,"{""type"":""MultiPoint"",""coordinates"":[]}"
36_00000000000000000001,Aizawl,2018-01,87277.1484375,92730.078125,0.00761078204959631,286.804443359375,0.12459868937730789,0.3451935946941376,"{""type"":""MultiPoint"",""coordinates"":[]}"
36_00000000000000000002,Amaravati,2018-01,84541.140625,100733.1640625,0.010757955722510815,297.4080505371094,-1.3323016166687012,0.1451065093278885,"{""type"":""MultiPoint"",""coordinates"":[]}"
36_00000000000000000003,Amritsar,2018-01,93065.828125,98611.453125,0.003492948366329074,286.3797302246094,1.0038458108901978,-0.6146079897880554,"{""type"":""MultiPoint"",""coordinates"":[]}"
36_00000000000000000004,Bengaluru,2018-01,79897.71875,91840.3671875,0.010013713501393795,292.93365478515625,-2.508310556411743,-0.5938372015953064,"{""type"":""MultiPoint"",""coordinates"":[]}"
36_00000000000000000005,Bhopal,2018-01,83027.234375,95982.109375,0.0034509263932704926,291.74322509765625,-0.6197221279144287,-0.8463524580001831,"{""type"":""MultiPoint"",""coordinates"":[]}"
36_00000000000000000006,Brajrajnagar,2018-01,90308.578125,98004.0703125,0.005470804870128632,290.1717224121094,0.060246143490076065,-1.4964828491210938,"{""type"":""MultiPoint"",""coordinates"":[]}"
36_00000000000000000007,Chandigarh,2018-01,86290.8984375,91343.7109375,0.0032715529669076204,284.3723449707031,0.494612455368042,-1.5191307067871094,"{""type"":""MultiPoint"",""coordinates"":[]}"
36_00000000000000000008,Chennai,2018-01,92365.03125,101224.625,0.014391165226697922,298.3810119628906,-3.384730339050293,-2.510129928588867,"{""type"":""MultiPoint"",""coordinates"":[]}"
36_00000000000000000009,Coimbatore,2018-01,83608.171875,96442.90625,0.011159619316458702,296.6451416015625,-1.4719679355621338,-0.5115485787391663,"{""type"":""MultiPoint"",""coordinates"":[]}"
36_0000000000000000000a,Delhi,2018-01,94261.03125,98866.515625,0.003174904966726899,286.37677001953125,2.47662353515625,-1.4603099822998047,"{""type"":""MultiPoint"",""coordinates"":[]}"
36_0000000000000000000b,Ernakulam,2018-01,89128.6875,100022.2109375,0.013787776231765747,299.8662414550781,-0.7860351800918579,-0.2768704891204834,"{""type"":""MultiPoint"",""coordinates"":[]}"
36_0000000000000000000c,Gurugram,2018-01,94261.03125,98866.515625,0.003174904966726899,286.37677001953125,2.47662353515625,-1.4603099822998047,"{""type"":""MultiPoint"",""coordinates"":[]}"
36_0000000000000000000d,Guwahati,2018-01,93372.296875,99637.8125,0.008814623579382896,289.418701171875,0.6668974757194519,-1.0965174436569214,"{""type"":""MultiPoint"",""coordinates"":[]}"
36_0000000000000000000e,Hyderabad,2018-01,82764.3671875,95681.140625,0.005776864942163229,294.4900207519531,-1.6027268171310425,-0.9966700673103333,"{""type"":""MultiPoint"",""coordinates"":[]}"
36_0000000000000000000f,Jaipur,2018-01,86569.484375,96793.734375,0.00283194612711668,289.0343322753906,0.17239515483379364,-1.0540385246276855,"{""type"":""MultiPoint"",""coordinates"":[]}"
36_00000000000000000010,Jorapokhar,2018-01,94600.5390625,99350.0546875,0.005842139013111591,286.9922180175781,2.0904107093811035,-1.6083317995071411,"{""type"":""MultiPoint"",""coordinates"":[]}"
36_00000000000000000011,Kochi,2018-01,89128.6875,100022.2109375,0.013787776231765747,299.8662414550781,-0.7860351800918579,-0.2768704891204834,"{""type"":""MultiPoint"",""coordinates"":[]}"
36_00000000000000000012,Kolkata,2018-01,96007.2265625,101297.9296875,0.006829920224845409,288.4514465332031,1.2123907804489136,-1.6065138578414917,"{""type"":""MultiPoint"",""coordinates"":[]}"
36_00000000000000000013,Lucknow,2018-01,94290.4296875,100035.96875,0.003845788538455963,287.5076599121094,2.4183075428009033,-0.9727993607521057,"{""type"":""MultiPoint"",""coordinates"":[]}"
36_00000000000000000014,Mumbai,2018-01,87547.546875,99774.6015625,0.007585317362099886,296.7454833984375,-0.9011595845222473,-0.7733354568481445,"{""type"":""MultiPoint"",""coordinates"":[]}"
36_00000000000000000015,Patna,2018-01,95070.46875,100729.53125,0.003799630096182227,287.8939514160156,2.334709882736206,-0.3357480764389038,"{""type"":""MultiPoint"",""coordinates"":[]}"
36_00000000000000000016,Shillong,2018-01,79822.6953125,87647.65625,0.007302728481590748,283.74078369140625,0.33599093556404114,0.0633186623454094,"{""type"":""MultiPoint"",""coordinates"":[]}"
36_00000000000000000017,Talcher,2018-01,90897.3515625,99002.5625,0.006388653535395861,290.4529113769531,0.603797435760498,-1.1361382007598877,"{""type"":""MultiPoint"",""coordinates"":[]}"
36_00000000000000000018,Thiruvananthapuram,2018-01,88176.78125,98153.0390625,0.014248093590140343,297.0638122558594,-2.34535813331604,-1.9290616512298584,"{""type"":""MultiPoint"",""coordinates"":[]}"
36_00000000000000000019,Visakhapatnam,2018-01,92978.578125,101057.359375,0.010741843841969967,295.6141357421875,-1.769511342048645,-1.3083672523498535,"{""type"":""MultiPoint"",""coordinates"":[]}"
37_00000000000000000000,Ahmedabad,2018-02,85366.0390625,100203.2265625,0.004362531937658787,297.8750305175781,-0.20221181213855743,-1.150478720664978,"{""type"":""MultiPoint"",""coordinates"":[]}"
37_00000000000000000001,Aizawl,2018-02,85946.9921875,92860.609375,0.008991670794785023,290.9668884277344,0.47306758165359497,0.36797067523002625,"{""type"":""MultiPoint"",""coordinates"":[]}"
37_00000000000000000002,Amaravati,2018-02,86445.4921875,100786.015625,0.01050322875380516,299.81121826171875,-1.2640068531036377,1.35453462600708,"{""type"":""MultiPoint"",""coordinates"":[]}"
37_00000000000000000003,Amritsar,2018-02,86731.859375,98622.90625,0.004843895323574543,290.1060485839844,1.2003159523010254,-1.0214059352874756,"{""type"":""MultiPoint"",""coordinates"":[]}"
37_00000000000000000004,Bengaluru,2018-02,80200.1484375,91928.4609375,0.008635704405605793,294.93670654296875,-3.077700138092041,0.1709921807050705,"{""type"":""MultiPoint"",""coordinates"":[]}"
37_00000000000000000005,Bhopal,2018-02,79472.015625,95983.3359375,0.0051735928282141685,295.7078857421875,-0.4876353442668915,-0.5445942878723145,"{""type"":""MultiPoint"",""coordinates"":[]}"
37_00000000000000000006,Brajrajnagar,2018-02,85334.4921875,97985.8828125,0.0070723555982112885,295.9484558105469,0.4394277036190033,-1.0248582363128662,"{""type"":""MultiPoint"",""coordinates"":[]}"
37_00000000000000000007,Chandigarh,2018-02,82488.1875,91435.734375,0.004415196366608143,287.7589111328125,0.3672749102115631,-1.2576971054077148,"{""type"":""MultiPoint"",""coordinates"":[]}"
37_00000000000000000008,Chennai,2018-02,93339.53125,101313.59375,0.015018952079117298,298.9397277832031,-3.1977121829986572,-0.7580270767211914,"{""type"":""MultiPoint"",""coordinates"":[]}"
37_00000000000000000009,Coimbatore,2018-02,86061.921875,96525.0703125,0.01047984417527914,297.9906921386719,-1.6942275762557983,-0.37936127185821533,"{""type"":""MultiPoint"",""coordinates"":[]}"
37_0000000000000000000a,Delhi,2018-02,90270.9453125,98847.6796875,0.003995339851826429,291.9055480957031,2.059516429901123,-1.517736554145813,"{""type"":""MultiPoint"",""coordinates"":[]}"
37_0000000000000000000b,Ernakulam,2018-02,89904.9375,100062.9765625,0.012757901102304459,301.7343444824219,-1.2700676918029785,-0.43940865993499756,"{""type"":""MultiPoint"",""coordinates"":[]}"
37_0000000000000000000c,Gurugram,2018-02,90270.9453125,98847.6796875,0.003995339851826429,291.9055480957031,2.059516429901123,-1.517736554145813,"{""type"":""MultiPoint"",""coordinates"":[]}"
37_0000000000000000000d,Guwahati,2018-02,93157.3125,99679.0859375,0.009691525250673294,292.2626037597656,0.9001924991607666,-1.3765223026275635,"{""type"":""MultiPoint"",""coordinates"":[]}"
37_0000000000000000000e,Hyderabad,2018-02,79355.3515625,95730.8828125,0.006609966978430748,297.97430419921875,-1.5478904247283936,0.4743210971355438,"{""type"":""MultiPoint"",""coordinates"":[]}"
37_0000000000000000000f,Jaipur,2018-02,82948.0390625,96796.59375,0.0036942169535905123,293.23162841796875,0.18037942051887512,-1.289601445198059,"{""type"":""MultiPoint"",""coordinates"":[]}"
37_00000000000000000010,Jorapokhar,2018-02,90434.2109375,99323.5859375,0.007690455764532089,293.9721374511719,1.8916064500808716,-0.886745810508728,"{""type"":""MultiPoint"",""coordinates"":[]}"
37_00000000000000000011,Kochi,2018-02,89904.9375,100062.9765625,0.012757901102304459,301.7343444824219,-1.2700676918029785,-0.43940865993499756,"{""type"":""MultiPoint"",""coordinates"":[]}"
37_00000000000000000012,Kolkata,2018-02,93460.5546875,101246.7421875,0.009048135951161385,294.96807861328125,1.667112112045288,-0.6620338559150696,"{""type"":""MultiPoint"",""coordinates"":[]}"
37_00000000000000000013,Lucknow,2018-02,87931.3359375,99993.7890625,0.004997173324227333,293.7681884765625,1.9383662939071655,-0.9789977073669434,"{""type"":""MultiPoint"",""coordinates"":[]}"
37_00000000000000000014,Mumbai,2018-02,85482.171875,99781.8125,0.007173436693847179,299.73382568359375,-0.3366071879863739,-0.9797502160072327,"{""type"":""MultiPoint"",""coordinates"":[]}"
37_00000000000000000015,Patna,2018-02,89625.71875,100659.65625,0.004627562593668699,294.97772216796875,1.958609700202942,-0.4755233824253082,"{""type"":""MultiPoint"",""coordinates"":[]}"
37_00000000000000000016,Shillong,2018-02,80304.3125,87838.0546875,0.007887031883001328,286.52276611328125,1.603506326675415,0.8318516612052917,"{""type"":""MultiPoint"",""coordinates"":[]}"
37_00000000000000000017,Talcher,2018-02,85405.1953125,98978.15625,0.00742362579330802,296.3874206542969,0.8336525559425354,-0.6259357929229736,"{""type"":""MultiPoint"",""coordinates"":[]}"
37_00000000000000000018,Thiruvananthapuram,2018-02,89425.7890625,98208.6171875,0.01363444421440363,299.1327819824219,-3.489638328552246,-2.1282460689544678,"{""type"":""MultiPoint"",""coordinates"":[]}"
37_00000000000000000019,Visakhapatnam,2018-02,94487.765625,101083.5859375,0.011993729509413242,298.1146240234375,-0.1483747810125351,1.1426035165786743,"{""type"":""MultiPoint"",""coordinates"":[]}"
38_00000000000000000000,Ahmedabad,2018-03,78030.0546875,99905.1953125,0.004680456127971411,301.7656555175781,1.5127025842666626,-1.102449655532837,"{""type"":""MultiPoint"",""coordinates"":[]}"
38_00000000000000000001,Aizawl,2018-03,82148.4765625,92663.359375,0.0101555697619915,294.830322265625,0.6726139187812805,0.2686726152896881,"{""type"":""MultiPoint"",""coordinates"":[]}"
38_00000000000000000002,Amaravati,2018-03,83968.4765625,100469.2265625,0.01282415259629488,303.45343017578125,-0.5985907912254333,2.7221128940582275,"{""type"":""MultiPoint"",""coordinates"":[]}"
38_00000000000000000003,Amritsar,2018-03,82715.7734375,98202.1171875,0.005797660909593105,296.6559753417969,1.255935549736023,-1.0657644271850586,"{""type"":""MultiPoint"",""coordinates"":[]}"
38_00000000000000000004,Bengaluru,2018-03,76486.8203125,91758.296875,0.009208029136061668,299.1728515625,-2.670142412185669,0.504239022731781,"{""type"":""MultiPoint"",""coordinates"":[]}"
38_00000000000000000005,Bhopal,2018-03,72095.3046875,95681.0703125,0.004662665538489819,300.6142883300781,1.084180474281311,-0.9861519932746887,"{""type"":""MultiPoint"",""coordinates"":[]}"
38_00000000000000000006,Brajrajnagar,2018-03,78619.21875,97624.7578125,0.006482994183897972,301.6844482421875,0.525146484375,-0.6544456481933594,"{""type"":""MultiPoint"",""coordinates"":[]}"
38_00000000000000000007,Chandigarh,2018-03,78654.1328125,91172.609375,0.005306356120854616,292.7900390625,0.9272592067718506,-1.2770401239395142,"{""type"":""MultiPoint"",""coordinates"":[]}"
38_00000000000000000008,Chennai,2018-03,95272.1875,101043.8984375,0.017323913052678108,300.846435546875,-1.9883915185928345,2.5673866271972656,"{""type"":""MultiPoint"",""coordinates"":[]}"
38_00000000000000000009,Coimbatore,2018-03,83310.40625,96316.3828125,0.01077919453382492,301.7008056640625,-1.465991497039795,0.19367416203022003,"{""type"":""MultiPoint"",""coordinates"":[]}"
38_0000000000000000000a,Delhi,2018-03,83160.71875,98420.7109375,0.00437614182010293,298.2738037109375,2.5662198066711426,-1.7723345756530762,"{""type"":""MultiPoint"",""coordinates"":[]}"
38_0000000000000000000b,Ernakulam,2018-03,88975.3203125,99910.296875,0.015591326169669628,303.0552673339844,0.6624508500099182,-0.27530521154403687,"{""type"":""MultiPoint"",""coordinates"":[]}"
38_0000000000000000000c,Gurugram,2018-03,83160.71875,98420.7109375,0.00437614182010293,298.2738037109375,2.5662198066711426,-1.7723345756530762,"{""type"":""MultiPoint"",""coordinates"":[]}"
38_0000000000000000000d,Guwahati,2018-03,88934.1640625,99380.453125,0.011334441602230072,296.4312438964844,0.9192492365837097,-1.3176108598709106,"{""type"":""MultiPoint"",""coordinates"":[]}"
38_0000000000000000000e,Hyderabad,2018-03,73028.9296875,95461.5703125,0.007004242390394211,302.3523864746094,-0.8776184916496277,0.8592174649238586,"{""type"":""MultiPoint"",""coordinates"":[]}"
38_0000000000000000000f,Jaipur,2018-03,75409.3671875,96459.8671875,0.003941221162676811,298.5416564941406,1.017471194267273,-1.2511796951293945,"{""type"":""MultiPoint"",""coordinates"":[]}"
38_00000000000000000010,Jorapokhar,2018-03,83305.9375,98931.6015625,0.0073089017532765865,299.7678527832031,1.9227861166000366,-0.260505735874176,"{""type"":""MultiPoint"",""coordinates"":[]}"
38_00000000000000000011,Kochi,2018-03,88975.3203125,99910.296875,0.015591326169669628,303.0552673339844,0.6624508500099182,-0.27530521154403687,"{""type"":""MultiPoint"",""coordinates"":[]}"
38_00000000000000000012,Kolkata,2018-03,87647.046875,100855.125,0.010234937071800232,300.8817138671875,1.7899543046951294,0.6098833084106445,"{""type"":""MultiPoint"",""coordinates"":[]}"
38_00000000000000000013,Lucknow,2018-03,78475.8359375,99536.515625,0.004304548259824514,300.4002380371094,2.437270402908325,-0.9211137294769287,"{""type"":""MultiPoint"",""coordinates"":[]}"
38_00000000000000000014,Mumbai,2018-03,86853.2265625,99581.71875,0.00865593459457159,302.48846435546875,0.8456586003303528,-1.2032716274261475,"{""type"":""MultiPoint"",""coordinates"":[]}"
38_00000000000000000015,Patna,2018-03,81558.859375,100214.03125,0.004286814946681261,301.0082092285156,1.9491150379180908,-0.5955029129981995,"{""type"":""MultiPoint"",""coordinates"":[]}"
38_00000000000000000016,Shillong,2018-03,79481.859375,87730.3515625,0.009215908125042915,289.8978271484375,1.5663423538208008,1.0245698690414429,"{""type"":""MultiPoint"",""coordinates"":[]}"
38_00000000000000000017,Talcher,2018-03,78277.1875,98610.5546875,0.008461132645606995,302.21075439453125,0.7847332954406738,-0.07868367433547974,"{""type"":""MultiPoint"",""coordinates"":[]}"
38_00000000000000000018,Thiruvananthapuram,2018-03,88787.6640625,98052.34375,0.014997304417192936,301.1150207519531,-1.4299982786178589,-0.5074746608734131,"{""type"":""MultiPoint"",""coordinates"":[]}"
38_00000000000000000019,Visakhapatnam,2018-03,93174.546875,100734.5234375,0.015445949509739876,301.3757629394531,1.483237624168396,3.450995445251465,"{""type"":""MultiPoint"",""coordinates"":[]}"
39_00000000000000000000,Ahmedabad,2018-04,81535.6796875,99584.171875,0.006848679855465889,305.7921142578125,2.712876081466675,-0.2488948553800583,"{""type"":""MultiPoint"",""coordinates"":[]}"
39_00000000000000000001,Aizawl,2018-04,83704.1328125,92560.7421875,0.013181690126657486,296.3148193359375,0.5522065162658691,0.3798002004623413,"{""type"":""MultiPoint"",""coordinates"":[]}"
39_00000000000000000002,Amaravati,2018-04,87590.4140625,100240.9375,0.015705740079283714,305.5712585449219,-0.9031787514686584,3.6922261714935303,"{""type"":""MultiPoint"",""coordinates"":[]}"
39_00000000000000000003,Amritsar,2018-04,80621.9765625,97832.75,0.007369300816208124,301.572265625,0.9709661602973938,-1.0330963134765625,"{""type"":""MultiPoint"",""coordinates"":[]}"
39_00000000000000000004,Bengaluru,2018-04,76015.5546875,91608.40625,0.012030234560370445,301.9674987792969,-2.1233103275299072,1.032577633857727,"{""type"":""MultiPoint"",""coordinates"":[]}"
39_00000000000000000005,Bhopal,2018-04,69951.6015625,95344.125,0.00549504067748785,305.42578125,2.3654212951660156,-1.0440664291381836,"{""type"":""MultiPoint"",""coordinates"":[]}"
39_00000000000000000006,Brajrajnagar,2018-04,76903.1875,97311.5546875,0.009885049425065517,305.4925537109375,0.7081838250160217,0.6779664158821106,"{""type"":""MultiPoint"",""coordinates"":[]}"
39_00000000000000000007,Chandigarh,2018-04,74767.765625,90929.046875,0.0070392233319580555,297.95098876953125,0.8126772046089172,-0.8351225256919861,"{""type"":""MultiPoint"",""coordinates"":[]}"
39_00000000000000000008,Chennai,2018-04,94163.3671875,100827.671875,0.01975431479513645,302.68389892578125,-1.7957717180252075,4.510326862335205,"{""type"":""MultiPoint"",""coordinates"":[]}"
39_00000000000000000009,Coimbatore,2018-04,83092.7109375,96147.9921875,0.013661645352840424,304.2241516113281,-1.314261555671692,1.0409413576126099,"{""type"":""MultiPoint"",""coordinates"":[]}"
39_0000000000000000000a,Delhi,2018-04,77957.9140625,98039.25,0.006452337373048067,304.0921630859375,1.0815773010253906,-0.7178292274475098,"{""type"":""MultiPoint"",""coordinates"":[]}"
39_0000000000000000000b,Ernakulam,2018-04,90490.7421875,99806.671875,0.018816901370882988,302.4795837402344,1.7947057485580444,-0.1705494523048401,"{""type"":""MultiPoint"",""coordinates"":[]}"
39_0000000000000000000c,Gurugram,2018-04,77957.9140625,98039.25,0.006452337373048067,304.0921630859375,1.0815773010253906,-0.7178292274475098,"{""type"":""MultiPoint"",""coordinates"":[]}"
39_0000000000000000000d,Guwahati,2018-04,90105.3671875,99231.59375,0.01468201819807291,299.4293518066406,0.9271312952041626,-0.9181153774261475,"{""type"":""MultiPoint"",""coordinates"":[]}"
39_0000000000000000000e,Hyderabad,2018-04,74607.203125,95242.1484375,0.011060448363423347,304.77130126953125,-0.5923637747764587,1.4369481801986694,"{""type"":""MultiPoint"",""coordinates"":[]}"
39_0000000000000000000f,Jaipur,2018-04,71931.265625,96078.4765625,0.005766125395894051,303.8548278808594,1.5532938241958618,-1.1212246417999268,"{""type"":""MultiPoint"",""coordinates"":[]}"
39_00000000000000000010,Jorapokhar,2018-04,79609.78125,98688.4375,0.01300035696476698,302.18682861328125,-0.23492194712162018,1.5737266540527344,"{""type"":""MultiPoint"",""coordinates"":[]}"
39_00000000000000000011,Kochi,2018-04,90490.7421875,99806.671875,0.018816901370882988,302.4795837402344,1.7947057485580444,-0.1705494523048401,"{""type"":""MultiPoint"",""coordinates"":[]}"
39_00000000000000000012,Kolkata,2018-04,87840.34375,100661.359375,0.015954744070768356,302.3109436035156,0.6914331316947937,2.3623907566070557,"{""type"":""MultiPoint"",""coordinates"":[]}"
39_00000000000000000013,Lucknow,2018-04,75891.0234375,99215.1875,0.007901537232100964,304.79119873046875,-0.3426220715045929,-0.13861733675003052,"{""type"":""MultiPoint"",""coordinates"":[]}"
39_00000000000000000014,Mumbai,2018-04,87837.4453125,99403.703125,0.012151115573942661,304.1766052246094,1.985470175743103,-0.7644596695899963,"{""type"":""MultiPoint"",""coordinates"":[]}"
39_00000000000000000015,Patna,2018-04,78858.375,99920.84375,0.0088302381336689,305.1102294921875,-0.8918222188949585,-0.15339374542236328,"{""type"":""MultiPoint"",""coordinates"":[]}"
39_00000000000000000016,Shillong,2018-04,79478.5234375,87669.6875,0.01203939225524664,292.011474609375,1.069850206375122,1.3101823329925537,"{""type"":""MultiPoint"",""coordinates"":[]}"
39_00000000000000000017,Talcher,2018-04,82427.6640625,98354.03125,0.013513351790606976,304.3552551269531,-0.0926259234547615,1.8051514625549316,"{""type"":""MultiPoint"",""coordinates"":[]}"
39_00000000000000000018,Thiruvananthapuram,2018-04,87355.71875,97928.84375,0.017183151096105576,301.839111328125,0.17107641696929932,0.6300689578056335,"{""type"":""MultiPoint"",""coordinates"":[]}"
39_00000000000000000019,Visakhapatnam,2018-04,94292.96875,100525.3046875,0.018541665747761726,302.5010681152344,2.003502368927002,4.670524597167969,"{""type"":""MultiPoint"",""coordinates"":[]}"
40_00000000000000000000,Ahmedabad,2018-05,82095.1171875,99293.3125,0.009927731938660145,308.48345947265625,3.5314204692840576,0.557665228843689,"{""type"":""MultiPoint"",""coordinates"":[]}"
40_00000000000000000001,Aizawl,2018-05,84832.1171875,92378.5625,0.016394134610891342,296.8433532714844,0.5043454766273499,0.5111913084983826,"{""type"":""MultiPoint"",""coordinates"":[]}"
40_00000000000000000002,Amaravati,2018-05,91171.7890625,100021.1484375,0.017804469913244247,305.49786376953125,-0.9550566077232361,3.506077766418457,"{""type"":""MultiPoint"",""coordinates"":[]}"
40_00000000000000000003,Amritsar,2018-05,74972.3125,97463.4296875,0.0065087522380054,307.034423828125,1.1590579748153687,-1.3422541618347168,"{""type"":""MultiPoint"",""coordinates"":[]}"
40_00000000000000000004,Bengaluru,2018-05,79521.046875,91482.1796875,0.015395785681903362,299.5860595703125,0.2033815085887909,-0.19618555903434753,"{""type"":""MultiPoint"",""coordinates"":[]}"
40_00000000000000000005,Bhopal,2018-05,68305.5,95029.109375,0.0066668312065303326,309.0611267089844,3.4097349643707275,-1.812368631362915,"{""type"":""MultiPoint"",""coordinates"":[]}"
40_00000000000000000006,Brajrajnagar,2018-05,77263.234375,97024.25,0.0134834423661232,307.51446533203125,0.7708685398101807,1.4123964309692383,"{""type"":""MultiPoint"",""coordinates"":[]}"
40_00000000000000000007,Chandigarh,2018-05,72100.578125,90679.0703125,0.007096892222762108,301.9933166503906,1.2491730451583862,-1.1680070161819458,"{""type"":""MultiPoint"",""coordinates"":[]}"
40_00000000000000000008,Chennai,2018-05,94153.15625,100587.4375,0.021055852994322777,303.4188537597656,-0.5253931879997253,4.830358505249023,"{""type"":""MultiPoint"",""coordinates"":[]}"
40_00000000000000000009,Coimbatore,2018-05,84988.296875,96015.40625,0.01697581820189953,301.2170104980469,0.6608361601829529,0.25058603286743164,"{""type"":""MultiPoint"",""coordinates"":[]}"
40_0000000000000000000a,Delhi,2018-05,75111.9453125,97681.5625,0.006772345397621393,308.3092956542969,1.2443187236785889,-0.8455323576927185,"{""type"":""MultiPoint"",""coordinates"":[]}"
40_0000000000000000000b,Ernakulam,2018-05,92958.640625,99723.3203125,0.019609836861491203,300.57049560546875,2.4463837146759033,-0.025196639820933342,"{""type"":""MultiPoint"",""coordinates"":[]}"
40_0000000000000000000c,Gurugram,2018-05,75111.9453125,97681.5625,0.006772345397621393,308.3092956542969,1.2443187236785889,-0.8455323576927185,"{""type"":""MultiPoint"",""coordinates"":[]}"
40_0000000000000000000d,Guwahati,2018-05,89495.859375,98996.828125,0.017317019402980804,300.5540466308594,0.49694356322288513,-1.10263991355896,"{""type"":""MultiPoint"",""coordinates"":[]}"
40_0000000000000000000e,Hyderabad,2018-05,78903.9140625,95025.7109375,0.01300672348588705,306.16070556640625,-0.31664735078811646,2.123311758041382,"{""type"":""MultiPoint"",""coordinates"":[]}"
40_0000000000000000000f,Jaipur,2018-05,68997.421875,95749.265625,0.006474521476775408,308.0821533203125,1.8599854707717896,-0.929019570350647,"{""type"":""MultiPoint"",""coordinates"":[]}"
40_00000000000000000010,Jorapokhar,2018-05,79628.53125,98393.203125,0.01607540063560009,304.37945556640625,-1.2604995965957642,1.7957944869995117,"{""type"":""MultiPoint"",""coordinates"":[]}"
40_00000000000000000011,Kochi,2018-05,92958.640625,99723.3203125,0.019609836861491203,300.57049560546875,2.4463837146759033,-0.025196639820933342,"{""type"":""MultiPoint"",""coordinates"":[]}"
40_00000000000000000012,Kolkata,2018-05,90652.2578125,100393.59375,0.01870838925242424,303.0617370605469,0.021813886240124702,3.1434245109558105,"{""type"":""MultiPoint"",""coordinates"":[]}"
40_00000000000000000013,Lucknow,2018-05,72866.015625,98849.0078125,0.00911469105631113,308.70550537109375,-1.1348040103912354,0.05809520557522774,"{""type"":""MultiPoint"",""coordinates"":[]}"
40_00000000000000000014,Mumbai,2018-05,89145.8828125,99232.734375,0.015560724772512913,304.69110107421875,2.959777355194092,0.03467116877436638,"{""type"":""MultiPoint"",""coordinates"":[]}"
40_00000000000000000015,Patna,2018-05,75573.3046875,99594.7109375,0.012796384282410145,307.5310974121094,-2.2258963584899902,-0.07752212882041931,"{""type"":""MultiPoint"",""coordinates"":[]}"
40_00000000000000000016,Shillong,2018-05,78140.84375,87495.171875,0.015244786627590656,293.617431640625,0.979458749294281,2.182162284851074,"{""type"":""MultiPoint"",""coordinates"":[]}"
40_00000000000000000017,Talcher,2018-05,83180.5859375,98088.4296875,0.016301002353429794,305.4682922363281,-0.03680168464779854,2.3578968048095703,"{""type"":""MultiPoint"",""coordinates"":[]}"
40_00000000000000000018,Thiruvananthapuram,2018-05,90404.9375,97837.3359375,0.017975470051169395,300.3241271972656,3.409468650817871,1.0800933837890625,"{""type"":""MultiPoint"",""coordinates"":[]}"
40_00000000000000000019,Visakhapatnam,2018-05,95106.3984375,100278.65625,0.020356297492980957,303.08575439453125,2.402012825012207,4.6611647605896,"{""type"":""MultiPoint"",""coordinates"":[]}"
41_00000000000000000000,Ahmedabad,2018-06,84222.2890625,98915.0859375,0.015344103798270226,308.2247314453125,4.960063934326172,2.3765695095062256,"{""type"":""MultiPoint"",""coordinates"":[]}"
41_00000000000000000001,Aizawl,2018-06,86626.03125,91901.6640625,0.01849498599767685,297.4772033691406,0.3488636910915375,0.4430660903453827,"{""type"":""MultiPoint"",""coordinates"":[]}"
41_00000000000000000002,Amaravati,2018-06,90808.8046875,99765.796875,0.01746951974928379,303.71527099609375,3.071359395980835,1.1083383560180664,"{""type"":""MultiPoint"",""coordinates"":[]}"
41_00000000000000000003,Amritsar,2018-06,78600.1015625,96912.9921875,0.012767273001372814,308.9862060546875,1.4080480337142944,0.16287900507450104,"{""type"":""MultiPoint"",""coordinates"":[]}"
41_00000000000000000004,Bengaluru,2018-06,84725.9375,91433.8203125,0.014820960350334644,297.05877685546875,5.4284515380859375,0.7841692566871643,"{""type"":""MultiPoint"",""coordinates"":[]}"
41_00000000000000000005,Bhopal,2018-06,80233.578125,94721.71875,0.015486381016671658,305.4686279296875,3.732513904571533,-0.02868894301354885,"{""type"":""MultiPoint"",""coordinates"":[]}"
41_00000000000000000006,Brajrajnagar,2018-06,84451.0546875,96701.28125,0.017329536378383636,304.6446533203125,2.3059051036834717,1.3063260316848755,"{""type"":""MultiPoint"",""coordinates"":[]}"
41_00000000000000000007,Chandigarh,2018-06,75317.0703125,90226.2265625,0.013980026356875896,303.01092529296875,1.432895302772522,-0.02676190808415413,"{""type"":""MultiPoint"",""coordinates"":[]}"
41_00000000000000000008,Chennai,2018-06,93194.3359375,100415.25,0.01965329237282276,303.2944030761719,2.652357578277588,2.8989663124084473,"{""type"":""MultiPoint"",""coordinates"":[]}"
41_00000000000000000009,Coimbatore,2018-06,88583.3984375,95987.4921875,0.015580885112285614,299.99359130859375,3.957855224609375,0.45129039883613586,"{""type"":""MultiPoint"",""coordinates"":[]}"
41_0000000000000000000a,Delhi,2018-06,81936.8359375,97208.453125,0.014119930565357208,308.7740783691406,1.1437835693359375,-0.08916272968053818,"{""type"":""MultiPoint"",""coordinates"":[]}"
41_0000000000000000000b,Ernakulam,2018-06,94008.0,99806.8203125,0.019386056810617447,299.58599853515625,3.6293156147003174,0.38412296772003174,"{""type"":""MultiPoint"",""coordinates"":[]}"
41_0000000000000000000c,Gurugram,2018-06,81936.8359375,97208.453125,0.014119930565357208,308.7740783691406,1.1437835693359375,-0.08916272968053818,"{""type"":""MultiPoint"",""coordinates"":[]}"
41_0000000000000000000d,Guwahati,2018-06,91892.4453125,98418.9140625,0.02074379101395607,302.34735107421875,1.413009762763977,-0.5559571385383606,"{""type"":""MultiPoint"",""coordinates"":[]}"
41_0000000000000000000e,Hyderabad,2018-06,85659.890625,94825.5390625,0.015779869630932808,301.7208251953125,4.397032260894775,0.29536089301109314,"{""type"":""MultiPoint"",""coordinates"":[]}"
41_0000000000000000000f,Jaipur,2018-06,78027.6796875,95310.859375,0.013097538612782955,308.28131103515625,3.2060256004333496,-0.5051858425140381,"{""type"":""MultiPoint"",""coordinates"":[]}"
41_00000000000000000010,Jorapokhar,2018-06,85823.125,97918.9375,0.01875321939587593,304.3934631347656,-0.004239203874021769,1.7825599908828735,"{""type"":""MultiPoint"",""coordinates"":[]}"
41_00000000000000000011,Kochi,2018-06,94008.0,99806.8203125,0.019386056810617447,299.58599853515625,3.6293156147003174,0.38412296772003174,"{""type"":""MultiPoint"",""coordinates"":[]}"
41_00000000000000000012,Kolkata,2018-06,94029.78125,99889.8828125,0.021268662065267563,302.2877502441406,0.46122273802757263,2.6308350563049316,"{""type"":""MultiPoint"",""coordinates"":[]}"
41_00000000000000000013,Lucknow,2018-06,79609.1015625,98358.703125,0.014824740588665009,309.41802978515625,-0.05932233855128288,0.5380558967590332,"{""type"":""MultiPoint"",""coordinates"":[]}"
41_00000000000000000014,Mumbai,2018-06,90162.046875,98968.1171875,0.019824836403131485,301.7762756347656,3.9681553840637207,1.8730322122573853,"{""type"":""MultiPoint"",""coordinates"":[]}"
41_00000000000000000015,Patna,2018-06,81489.015625,99070.40625,0.015966365113854408,309.27679443359375,-0.30327630043029785,1.1507254838943481,"{""type"":""MultiPoint"",""coordinates"":[]}"
41_00000000000000000016,Shillong,2018-06,79923.1796875,87071.96875,0.017545061185956,295.35028076171875,0.6556367874145508,2.1780176162719727,"{""type"":""MultiPoint"",""coordinates"":[]}"
41_00000000000000000017,Talcher,2018-06,87772.8046875,97729.671875,0.018385037779808044,303.4648742675781,1.6043339967727661,1.0559272766113281,"{""type"":""MultiPoint"",""coordinates"":[]}"
41_00000000000000000018,Thiruvananthapuram,2018-06,91457.265625,97910.7265625,0.018005384132266045,298.9893798828125,5.71860933303833,0.2850354015827179,"{""type"":""MultiPoint"",""coordinates"":[]}"
41_00000000000000000019,Visakhapatnam,2018-06,94003.1328125,99901.6640625,0.02060013636946678,303.07989501953125,3.462352991104126,3.859022855758667,"{""type"":""MultiPoint"",""coordinates"":[]}"
42_00000000000000000000,Ahmedabad,2018-07,88937.53125,98882.703125,0.018548132851719856,303.2479553222656,3.2561182975769043,2.3779830932617188,"{""type"":""MultiPoint"",""coordinates"":[]}"
42_00000000000000000001,Aizawl,2018-07,85050.4921875,91822.984375,0.019129298627376556,298.36004638671875,0.31721392273902893,0.31020012497901917,"{""type"":""MultiPoint"",""coordinates"":[]}"
42_00000000000000000002,Amaravati,2018-07,90909.609375,99720.375,0.0179535374045372,301.9097900390625,4.563315391540527,-0.15793541073799133,"{""type"":""MultiPoint"",""coordinates"":[]}"
42_00000000000000000003,Amritsar,2018-07,84130.8359375,96877.359375,0.019988933578133583,304.9043273925781,1.0956459045410156,0.7363753914833069,"{""type"":""MultiPoint"",""coordinates"":[]}"
42_00000000000000000004,Bengaluru,2018-07,84358.1953125,91424.484375,0.014773017726838589,297.005126953125,6.464249610900879,0.14230462908744812,"{""type"":""MultiPoint"",""coordinates"":[]}"
42_00000000000000000005,Bhopal,2018-07,87792.109375,94663.328125,0.019361887127161026,299.8616638183594,4.561136245727539,0.24173760414123535,"{""type"":""MultiPoint"",""coordinates"":[]}"
42_00000000000000000006,Brajrajnagar,2018-07,89515.234375,96563.5703125,0.01980467513203621,300.8433837890625,2.904421806335449,0.9161006808280945,"{""type"":""MultiPoint"",""coordinates"":[]}"
42_00000000000000000007,Chandigarh,2018-07,81023.9609375,90149.3125,0.018835633993148804,299.57794189453125,1.3850849866867065,0.25426411628723145,"{""type"":""MultiPoint"",""coordinates"":[]}"
42_00000000000000000008,Chennai,2018-07,92761.7265625,100390.7890625,0.01905612275004387,303.0131530761719,4.140199184417725,2.2110846042633057,"{""type"":""MultiPoint"",""coordinates"":[]}"
42_00000000000000000009,Coimbatore,2018-07,88366.390625,95991.9921875,0.015571411699056625,299.6861572265625,4.471592903137207,0.07227440178394318,"{""type"":""MultiPoint"",""coordinates"":[]}"
42_0000000000000000000a,Delhi,2018-07,87020.84375,97203.375,0.019553668797016144,304.7364196777344,0.6722190976142883,0.15192811191082,"{""type"":""MultiPoint"",""coordinates"":[]}"
42_0000000000000000000b,Ernakulam,2018-07,94314.15625,99850.3203125,0.019067423418164253,298.8877868652344,4.074154853820801,-0.38430750370025635,"{""type"":""MultiPoint"",""coordinates"":[]}"
42_0000000000000000000c,Gurugram,2018-07,87020.84375,97203.375,0.019553668797016144,304.7364196777344,0.6722190976142883,0.15192811191082,"{""type"":""MultiPoint"",""coordinates"":[]}"
42_0000000000000000000d,Guwahati,2018-07,92134.9296875,98369.078125,0.021591348573565483,302.4148864746094,0.9469954967498779,-0.5105997323989868,"{""type"":""MultiPoint"",""coordinates"":[]}"
42_0000000000000000000e,Hyderabad,2018-07,86622.0625,94787.4765625,0.015957321971654892,299.78887939453125,6.554493427276611,-0.19026410579681396,"{""type"":""MultiPoint"",""coordinates"":[]}"
42_0000000000000000000f,Jaipur,2018-07,84507.046875,95295.9375,0.018557792529463768,303.3233642578125,2.2355902194976807,-0.5925691723823547,"{""type"":""MultiPoint"",""coordinates"":[]}"
42_00000000000000000010,Jorapokhar,2018-07,91010.4140625,97812.1875,0.021028751507401466,302.0292053222656,-1.1660301685333252,1.2871865034103394,"{""type"":""MultiPoint"",""coordinates"":[]}"
42_00000000000000000011,Kochi,2018-07,94314.15625,99850.3203125,0.019067423418164253,298.8877868652344,4.074154853820801,-0.38430750370025635,"{""type"":""MultiPoint"",""coordinates"":[]}"
42_00000000000000000012,Kolkata,2018-07,94009.2734375,99746.9140625,0.021964961662888527,301.9095153808594,-0.6523695588111877,2.5758495330810547,"{""type"":""MultiPoint"",""coordinates"":[]}"
42_00000000000000000013,Lucknow,2018-07,88170.453125,98374.1640625,0.020883696153759956,303.8644714355469,-1.6283690929412842,0.1901884824037552,"{""type"":""MultiPoint"",""coordinates"":[]}"
42_00000000000000000014,Mumbai,2018-07,93010.1953125,98933.1640625,0.019756991416215897,299.270263671875,4.8413872718811035,2.6517696380615234,"{""type"":""MultiPoint"",""coordinates"":[]}"
42_00000000000000000015,Patna,2018-07,87391.4921875,99039.375,0.01915731467306614,305.7205505371094,-2.115723133087158,1.538978099822998,"{""type"":""MultiPoint"",""coordinates"":[]}"
42_00000000000000000016,Shillong,2018-07,79908.875,87020.875,0.01829368621110916,295.8230285644531,0.5725470781326294,2.6856329441070557,"{""type"":""MultiPoint"",""coordinates"":[]}"
42_00000000000000000017,Talcher,2018-07,90564.4375,97568.1171875,0.020092202350497246,300.72454833984375,2.60784649848938,0.2331257462501526,"{""type"":""MultiPoint"",""coordinates"":[]}"
42_00000000000000000018,Thiruvananthapuram,2018-07,91121.4921875,97934.71875,0.01719958521425724,298.7015075683594,6.493595600128174,-1.0076340436935425,"{""type"":""MultiPoint"",""coordinates"":[]}"
42_00000000000000000019,Visakhapatnam,2018-07,94917.59375,99757.1484375,0.02054913528263569,301.6400451660156,4.421438694000244,3.2397453784942627,"{""type"":""MultiPoint"",""coordinates"":[]}"
43_00000000000000000000,Ahmedabad,2018-08,89802.171875,99116.828125,0.017972448840737343,301.6707763671875,3.575826644897461,2.1260528564453125,"{""type"":""MultiPoint"",""coordinates"":[]}"
43_00000000000000000001,Aizawl,2018-08,85799.765625,91898.828125,0.019044041633605957,298.1527404785156,0.11251820623874664,0.1647765189409256,"{""type"":""MultiPoint"",""coordinates"":[]}"
43_00000000000000000002,Amaravati,2018-08,92290.828125,99799.4453125,0.018554026260972023,300.7198486328125,4.196670055389404,-1.059106469154358,"{""type"":""MultiPoint"",""coordinates"":[]}"
43_00000000000000000003,Amritsar,2018-08,86120.5390625,97063.2890625,0.02017759159207344,303.834228515625,0.6093908548355103,0.43590623140335083,"{""type"":""MultiPoint"",""coordinates"":[]}"
43_00000000000000000004,Bengaluru,2018-08,84171.2578125,91491.453125,0.01438766997307539,296.8732604980469,6.395969390869141,-0.8711243271827698,"{""type"":""MultiPoint"",""coordinates"":[]}"
43_00000000000000000005,Bhopal,2018-08,88642.0859375,94852.9453125,0.019061751663684845,298.5380554199219,3.721705436706543,-0.4625837504863739,"{""type"":""MultiPoint"",""coordinates"":[]}"
43_00000000000000000006,Brajrajnagar,2018-08,91091.53125,96647.609375,0.020226208493113518,300.0609130859375,1.6701489686965942,0.3600592315196991,"{""type"":""MultiPoint"",""coordinates"":[]}"
43_00000000000000000007,Chandigarh,2018-08,82701.828125,90318.140625,0.018833186477422714,298.18585205078125,1.5072641372680664,-0.2015863060951233,"{""type"":""MultiPoint"",""coordinates"":[]}"
43_00000000000000000008,Chennai,2018-08,92145.4453125,100464.15625,0.018999669700860977,302.5162048339844,4.11100959777832,1.0241336822509766,"{""type"":""MultiPoint"",""coordinates"":[]}"
43_00000000000000000009,Coimbatore,2018-08,88211.1015625,96049.8359375,0.014818812720477581,299.7970275878906,4.640658378601074,-0.3872230648994446,"{""type"":""MultiPoint"",""coordinates"":[]}"
43_0000000000000000000a,Delhi,2018-08,89646.7890625,97429.3828125,0.020626278594136238,301.8807678222656,0.7482438087463379,0.4404708445072174,"{""type"":""MultiPoint"",""coordinates"":[]}"
43_0000000000000000000b,Ernakulam,2018-08,94930.6484375,99919.0625,0.018522247672080994,298.3529357910156,3.7272419929504395,-1.018336296081543,"{""type"":""MultiPoint"",""coordinates"":[]}"
43_0000000000000000000c,Gurugram,2018-08,89646.7890625,97429.3828125,0.020626278594136238,301.8807678222656,0.7482438087463379,0.4404708445072174,"{""type"":""MultiPoint"",""coordinates"":[]}"
43_0000000000000000000d,Guwahati,2018-08,92460.7578125,98478.1015625,0.021453607827425003,302.4028015136719,0.1947220265865326,-0.6789986491203308,"{""type"":""MultiPoint"",""coordinates"":[]}"
43_0000000000000000000e,Hyderabad,2018-08,86858.7109375,94883.2578125,0.016303012147545815,298.9341125488281,5.9556803703308105,-1.3986204862594604,"{""type"":""MultiPoint"",""coordinates"":[]}"
43_0000000000000000000f,Jaipur,2018-08,85796.3984375,95517.328125,0.018915848806500435,300.9112548828125,2.0140655040740967,-0.08677979558706284,"{""type"":""MultiPoint"",""coordinates"":[]}"
43_00000000000000000010,Jorapokhar,2018-08,91334.8203125,97955.578125,0.021185994148254395,301.2967224121094,-1.4459476470947266,0.688088059425354,"{""type"":""MultiPoint"",""coordinates"":[]}"
43_00000000000000000011,Kochi,2018-08,94930.6484375,99919.0625,0.018522247672080994,298.3529357910156,3.7272419929504395,-1.018336296081543,"{""type"":""MultiPoint"",""coordinates"":[]}"
43_00000000000000000012,Kolkata,2018-08,94087.9921875,99857.9453125,0.021790510043501854,301.53076171875,-0.9884582161903381,1.8702301979064941,"{""type"":""MultiPoint"",""coordinates"":[]}"
43_00000000000000000013,Lucknow,2018-08,92731.5859375,98617.7265625,0.02187691442668438,301.464599609375,-0.8284547924995422,0.21942555904388428,"{""type"":""MultiPoint"",""coordinates"":[]}"
43_00000000000000000014,Mumbai,2018-08,92303.65625,99141.203125,0.01873503066599369,298.7067565917969,4.933660507202148,1.8805415630340576,"{""type"":""MultiPoint"",""coordinates"":[]}"
43_00000000000000000015,Patna,2018-08,91847.2578125,99239.875,0.021572887897491455,302.48712158203125,-1.5883389711380005,0.6378169059753418,"{""type"":""MultiPoint"",""coordinates"":[]}"
43_00000000000000000016,Shillong,2018-08,80111.15625,87108.625,0.018054358661174774,295.66571044921875,0.012902499176561832,1.782514214515686,"{""type"":""MultiPoint"",""coordinates"":[]}"
43_00000000000000000017,Talcher,2018-08,91360.7890625,97633.9765625,0.020349835976958275,300.2091979980469,1.5165702104568481,0.25175797939300537,"{""type"":""MultiPoint"",""coordinates"":[]}"
43_00000000000000000018,Thiruvananthapuram,2018-08,91511.3359375,97967.328125,0.017023487016558647,298.18896484375,6.479226112365723,-1.4609445333480835,"{""type"":""MultiPoint"",""coordinates"":[]}"
43_00000000000000000019,Visakhapatnam,2018-08,94524.8203125,99781.2265625,0.020518841221928596,301.3601379394531,3.844177722930908,1.6842080354690552,"{""type"":""MultiPoint"",""coordinates"":[]}"
44_00000000000000000000,Ahmedabad,2018-09,86596.421875,99651.125,0.015230058692395687,301.03106689453125,1.8215442895889282,1.0828983783721924,"{""type"":""MultiPoint"",""coordinates"":[]}"
44_00000000000000000001,Aizawl,2018-09,86602.265625,92383.40625,0.017968734726309776,297.34796142578125,0.32077905535697937,0.1696203649044037,"{""type"":""MultiPoint"",""coordinates"":[]}"
44_00000000000000000002,Amaravati,2018-09,92428.140625,100199.6796875,0.01874157227575779,300.5671081542969,0.9546163082122803,-0.33863896131515503,"{""type"":""MultiPoint"",""coordinates"":[]}"
44_00000000000000000003,Amritsar,2018-09,89686.5625,97733.140625,0.016472117975354195,301.1172180175781,-0.3398306369781494,0.03039516694843769,"{""type"":""MultiPoint"",""coordinates"":[]}"
44_00000000000000000004,Bengaluru,2018-09,80843.6328125,91618.625,0.014457084238529205,297.487548828125,1.533050298690796,-0.8280548453330994,"{""type"":""MultiPoint"",""coordinates"":[]}"
44_00000000000000000005,Bhopal,2018-09,88451.7421875,95397.734375,0.016798337921500206,297.6220397949219,2.5264053344726562,-0.40810245275497437,"{""type"":""MultiPoint"",""coordinates"":[]}"
44_00000000000000000006,Brajrajnagar,2018-09,90914.265625,97266.125,0.01878432370722294,299.56341552734375,1.1745685338974,-0.19855767488479614,"{""type"":""MultiPoint"",""coordinates"":[]}"
44_00000000000000000007,Chandigarh,2018-09,84918.0390625,90851.1796875,0.016001172363758087,296.1138916015625,0.5944031476974487,-0.7667843103408813,"{""type"":""MultiPoint"",""coordinates"":[]}"
44_00000000000000000008,Chennai,2018-09,94184.84375,100746.0078125,0.019084438681602478,302.0335388183594,0.7519124150276184,1.9525786638259888,"{""type"":""MultiPoint"",""coordinates"":[]}"
44_00000000000000000009,Coimbatore,2018-09,85591.90625,96153.3359375,0.015144304372370243,300.4998474121094,1.6337645053863525,0.11329255998134613,"{""type"":""MultiPoint"",""coordinates"":[]}"
44_0000000000000000000a,Delhi,2018-09,92033.8046875,98009.84375,0.01790536940097809,299.5062255859375,0.5797638893127441,-0.3518904745578766,"{""type"":""MultiPoint"",""coordinates"":[]}"
44_0000000000000000000b,Ernakulam,2018-09,93045.3046875,99930.0546875,0.018043939024209976,298.91595458984375,2.419074296951294,-0.9916266798973083,"{""type"":""MultiPoint"",""coordinates"":[]}"
44_0000000000000000000c,Gurugram,2018-09,92033.8046875,98009.84375,0.01790536940097809,299.5062255859375,0.5797638893127441,-0.3518904745578766,"{""type"":""MultiPoint"",""coordinates"":[]}"
44_0000000000000000000d,Guwahati,2018-09,93225.1171875,98995.3671875,0.020319363102316856,301.2820129394531,1.5445709228515625,-0.32742074131965637,"{""type"":""MultiPoint"",""coordinates"":[]}"
44_0000000000000000000e,Hyderabad,2018-09,85224.171875,95261.21875,0.01605502888560295,298.9100036621094,1.2069461345672607,-1.141058087348938,"{""type"":""MultiPoint"",""coordinates"":[]}"
44_0000000000000000000f,Jaipur,2018-09,83898.015625,96051.21875,0.015357516705989838,298.9670104980469,2.155895471572876,-0.8824004530906677,"{""type"":""MultiPoint"",""coordinates"":[]}"
44_00000000000000000010,Jorapokhar,2018-09,91421.2421875,98555.5859375,0.019657380878925323,300.38714599609375,0.13505755364894867,0.3853594958782196,"{""type"":""MultiPoint"",""coordinates"":[]}"
44_00000000000000000011,Kochi,2018-09,93045.3046875,99930.0546875,0.018043939024209976,298.91595458984375,2.419074296951294,-0.9916266798973083,"{""type"":""MultiPoint"",""coordinates"":[]}"
44_00000000000000000012,Kolkata,2018-09,94980.6875,100465.4140625,0.020638780668377876,301.0570373535156,-0.01402219757437706,1.1880398988723755,"{""type"":""MultiPoint"",""coordinates"":[]}"
44_00000000000000000013,Lucknow,2018-09,91870.75,99202.8125,0.019622448831796646,300.18035888671875,0.49960294365882874,0.34694844484329224,"{""type"":""MultiPoint"",""coordinates"":[]}"
44_00000000000000000014,Mumbai,2018-09,92096.515625,99484.796875,0.017604002729058266,298.81378173828125,1.8298972845077515,-0.0710693746805191,"{""type"":""MultiPoint"",""coordinates"":[]}"
44_00000000000000000015,Patna,2018-09,91330.265625,99847.0546875,0.01942097581923008,301.8642272949219,0.6208741068840027,0.3083149492740631,"{""type"":""MultiPoint"",""coordinates"":[]}"
44_00000000000000000016,Shillong,2018-09,80617.40625,87536.3125,0.016912249848246574,294.84466552734375,0.8872286677360535,1.7678377628326416,"{""type"":""MultiPoint"",""coordinates"":[]}"
44_00000000000000000017,Talcher,2018-09,92102.484375,98254.5546875,0.019325772300362587,299.6829833984375,1.3156013488769531,0.014949388802051544,"{""type"":""MultiPoint"",""coordinates"":[]}"
44_00000000000000000018,Thiruvananthapuram,2018-09,90441.6171875,97987.734375,0.016666928306221962,299.3802795410156,3.872804880142212,-0.24067422747612,"{""type"":""MultiPoint"",""coordinates"":[]}"
44_00000000000000000019,Visakhapatnam,2018-09,94215.1484375,100337.1015625,0.019725743681192398,301.3580017089844,1.9744994640350342,1.2432647943496704,"{""type"":""MultiPoint"",""coordinates"":[]}"
45_00000000000000000000,Ahmedabad,2018-10,80382.125,100024.03125,0.009451758116483688,302.09442138671875,-0.5389079451560974,0.2851119041442871,"{""type"":""MultiPoint"",""coordinates"":[]}"
45_00000000000000000001,Aizawl,2018-10,86182.25,92805.3046875,0.014406545087695122,294.36590576171875,0.09339483827352524,0.29844480752944946,"{""type"":""MultiPoint"",""coordinates"":[]}"
45_00000000000000000002,Amaravati,2018-10,91553.71875,100542.28125,0.01637130416929722,300.15069580078125,-1.2878845930099487,-1.0857974290847778,"{""type"":""MultiPoint"",""coordinates"":[]}"
45_00000000000000000003,Amritsar,2018-10,89159.7578125,98361.5625,0.010039647109806538,297.11175537109375,-0.12184882909059525,0.0064064813777804375,"{""type"":""MultiPoint"",""coordinates"":[]}"
45_00000000000000000004,Bengaluru,2018-10,82139.8984375,91780.5078125,0.012920071370899677,296.561767578125,-2.1888275146484375,-0.6023008227348328,"{""type"":""MultiPoint"",""coordinates"":[]}"
45_00000000000000000005,Bhopal,2018-10,81895.21875,95885.765625,0.01234480831772089,297.1568298339844,0.07166499644517899,-0.15021966397762299,"{""type"":""MultiPoint"",""coordinates"":[]}"
45_00000000000000000006,Brajrajnagar,2018-10,87046.234375,97811.8203125,0.0142431128770113,297.78955078125,-0.5582280158996582,-1.2623279094696045,"{""type"":""MultiPoint"",""coordinates"":[]}"
45_00000000000000000007,Chandigarh,2018-10,85127.2109375,91362.71875,0.0100844232365489,292.34423828125,-0.07154086977243423,-1.0244494676589966,"{""type"":""MultiPoint"",""coordinates"":[]}"
45_00000000000000000008,Chennai,2018-10,91659.6484375,101000.9921875,0.018643314018845558,301.8154602050781,-2.0427372455596924,-1.1089575290679932,"{""type"":""MultiPoint"",""coordinates"":[]}"
45_00000000000000000009,Coimbatore,2018-10,86391.109375,96348.3671875,0.015280446037650108,298.6307067871094,-0.7277230024337769,-0.2354833036661148,"{""type"":""MultiPoint"",""coordinates"":[]}"
45_0000000000000000000a,Delhi,2018-10,91422.3671875,98621.3046875,0.011563779786229134,296.1575012207031,0.23351359367370605,-1.0677475929260254,"{""type"":""MultiPoint"",""coordinates"":[]}"
45_0000000000000000000b,Ernakulam,2018-10,93041.8203125,99991.9140625,0.018096279352903366,299.5999755859375,0.5153053998947144,0.15457215905189514,"{""type"":""MultiPoint"",""coordinates"":[]}"
45_0000000000000000000c,Gurugram,2018-10,91422.3671875,98621.3046875,0.011563779786229134,296.1575012207031,0.23351359367370605,-1.0677475929260254,"{""type"":""MultiPoint"",""coordinates"":[]}"
45_0000000000000000000d,Guwahati,2018-10,93460.921875,99579.0078125,0.015390346758067608,297.707275390625,0.01432156190276146,-1.059149980545044,"{""type"":""MultiPoint"",""coordinates"":[]}"
45_0000000000000000000e,Hyderabad,2018-10,85037.3828125,95590.1796875,0.012801293283700943,298.57647705078125,-1.8394087553024292,-1.4111906290054321,"{""type"":""MultiPoint"",""coordinates"":[]}"
45_0000000000000000000f,Jaipur,2018-10,75238.3671875,96583.9140625,0.008809004910290241,298.0025329589844,0.8202279806137085,-0.2129748910665512,"{""type"":""MultiPoint"",""coordinates"":[]}"
45_00000000000000000010,Jorapokhar,2018-10,88146.296875,99133.109375,0.014484294690191746,297.62176513671875,0.5338572263717651,-0.7236440181732178,"{""type"":""MultiPoint"",""coordinates"":[]}"
45_00000000000000000011,Kochi,2018-10,93041.8203125,99991.9140625,0.018096279352903366,299.5999755859375,0.5153053998947144,0.15457215905189514,"{""type"":""MultiPoint"",""coordinates"":[]}"
45_00000000000000000012,Kolkata,2018-10,91401.8125,101029.953125,0.01577550359070301,298.9700622558594,0.06955387443304062,-0.18133820593357086,"{""type"":""MultiPoint"",""coordinates"":[]}"
45_00000000000000000013,Lucknow,2018-10,91695.75,99823.5703125,0.013243605382740498,297.5707702636719,0.6886942982673645,-0.4101368188858032,"{""type"":""MultiPoint"",""coordinates"":[]}"
45_00000000000000000014,Mumbai,2018-10,86950.015625,99646.265625,0.01399208139628172,300.26507568359375,-1.4653801918029785,-0.5044510364532471,"{""type"":""MultiPoint"",""coordinates"":[]}"
45_00000000000000000015,Patna,2018-10,86457.421875,100448.921875,0.012201923877000809,300.0578918457031,0.8119412660598755,-0.510509729385376,"{""type"":""MultiPoint"",""coordinates"":[]}"
45_00000000000000000016,Shillong,2018-10,79197.3203125,87911.296875,0.012284870259463787,291.2615966796875,0.31776559352874756,0.43964749574661255,"{""type"":""MultiPoint"",""coordinates"":[]}"
45_00000000000000000017,Talcher,2018-10,89892.6484375,98784.0,0.015604360029101372,297.9233703613281,-0.18334409594535828,-0.8981903195381165,"{""type"":""MultiPoint"",""coordinates"":[]}"
45_00000000000000000018,Thiruvananthapuram,2018-10,90742.53125,98099.4609375,0.01733630895614624,298.4807434082031,0.45655304193496704,-0.2249661087989807,"{""type"":""MultiPoint"",""coordinates"":[]}"
45_00000000000000000019,Visakhapatnam,2018-10,92656.75,100761.6953125,0.01749926432967186,300.5946960449219,-0.8107420206069946,-1.2959437370300293,"{""type"":""MultiPoint"",""coordinates"":[]}"
46_00000000000000000000,Ahmedabad,2018-11,89041.96875,100241.8203125,0.005258036311715841,298.61102294921875,-1.502804160118103,-0.8468675017356873,"{""type"":""MultiPoint"",""coordinates"":[]}"
46_00000000000000000001,Aizawl,2018-11,86164.0625,92939.2265625,0.010753746144473553,291.56622314453125,0.008410878479480743,0.4102669358253479,"{""type"":""MultiPoint"",""coordinates"":[]}"
46_00000000000000000002,Amaravati,2018-11,88898.96875,100757.2890625,0.014519763179123402,299.7760009765625,-2.3676252365112305,-0.08248626440763474,"{""type"":""MultiPoint"",""coordinates"":[]}"
46_00000000000000000003,Amritsar,2018-11,90884.9140625,98628.53125,0.006681764964014292,292.1044006347656,0.24456284940242767,-0.21869412064552307,"{""type"":""MultiPoint"",""coordinates"":[]}"
46_00000000000000000004,Bengaluru,2018-11,83136.203125,91885.09375,0.011879860423505306,296.0097351074219,-3.2120511531829834,-0.8517769575119019,"{""type"":""MultiPoint"",""coordinates"":[]}"
46_00000000000000000005,Bhopal,2018-11,85066.421875,96061.078125,0.00814143382012844,294.0604248046875,-0.9499585032463074,-0.6010355949401855,"{""type"":""MultiPoint"",""coordinates"":[]}"
46_00000000000000000006,Brajrajnagar,2018-11,89647.171875,98050.96875,0.011342687532305717,295.225830078125,-0.6586817502975464,-0.4621829390525818,"{""type"":""MultiPoint"",""coordinates"":[]}"
46_00000000000000000007,Chandigarh,2018-11,86103.09375,91506.5703125,0.00711938738822937,288.4766845703125,-0.22847393155097961,-1.1420093774795532,"{""type"":""MultiPoint"",""coordinates"":[]}"
46_00000000000000000008,Chennai,2018-11,90761.90625,101194.9375,0.017574835568666458,300.7969665527344,-3.957104206085205,-2.6504552364349365,"{""type"":""MultiPoint"",""coordinates"":[]}"
46_00000000000000000009,Coimbatore,2018-11,87104.015625,96467.6875,0.01431166660040617,298.1439514160156,-1.5116932392120361,-0.6537733674049377,"{""type"":""MultiPoint"",""coordinates"":[]}"
46_0000000000000000000a,Delhi,2018-11,92925.7734375,98887.8125,0.007221543230116367,292.33251953125,0.9713429808616638,-0.9746991395950317,"{""type"":""MultiPoint"",""coordinates"":[]}"
46_0000000000000000000b,Ernakulam,2018-11,92482.3046875,100054.0234375,0.017437644302845,299.6792297363281,-0.8178309202194214,-0.3175630569458008,"{""type"":""MultiPoint"",""coordinates"":[]}"
46_0000000000000000000c,Gurugram,2018-11,92925.7734375,98887.8125,0.007221543230116367,292.33251953125,0.9713429808616638,-0.9746991395950317,"{""type"":""MultiPoint"",""coordinates"":[]}"
46_0000000000000000000d,Guwahati,2018-11,94171.015625,99766.9140625,0.012268300168216228,293.8799743652344,-0.3035624027252197,-1.358660101890564,"{""type"":""MultiPoint"",""coordinates"":[]}"
46_0000000000000000000e,Hyderabad,2018-11,83434.921875,95750.5859375,0.010463238693773746,297.5906066894531,-2.340092658996582,-0.1592807024717331,"{""type"":""MultiPoint"",""coordinates"":[]}"
46_0000000000000000000f,Jaipur,2018-11,85872.1484375,96842.625,0.005397770553827286,293.6940612792969,0.3658723831176758,-0.9371665716171265,"{""type"":""MultiPoint"",""coordinates"":[]}"
46_00000000000000000010,Jorapokhar,2018-11,89489.7109375,99373.109375,0.010722823441028595,294.4568176269531,1.2017762660980225,-0.6019327640533447,"{""type"":""MultiPoint"",""coordinates"":[]}"
46_00000000000000000011,Kochi,2018-11,92482.3046875,100054.0234375,0.017437644302845,299.6792297363281,-0.8178309202194214,-0.3175630569458008,"{""type"":""MultiPoint"",""coordinates"":[]}"
46_00000000000000000012,Kolkata,2018-11,90585.75,101282.6875,0.012084972113370895,296.2154846191406,0.606383204460144,-0.5520876049995422,"{""type"":""MultiPoint"",""coordinates"":[]}"
46_00000000000000000013,Lucknow,2018-11,93753.171875,100079.1796875,0.008781436830759048,293.33258056640625,1.4814047813415527,-0.5404380559921265,"{""type"":""MultiPoint"",""coordinates"":[]}"
46_00000000000000000014,Mumbai,2018-11,87405.125,99780.15625,0.009757212363183498,300.0045471191406,-1.2619376182556152,-0.3484894335269928,"{""type"":""MultiPoint"",""coordinates"":[]}"
46_00000000000000000015,Patna,2018-11,89833.5234375,100714.859375,0.008205554448068142,295.9388732910156,1.5064982175827026,-0.3547944128513336,"{""type"":""MultiPoint"",""coordinates"":[]}"
46_00000000000000000016,Shillong,2018-11,81985.4453125,87951.5390625,0.009652935899794102,287.8777160644531,0.3932773470878601,0.3124447464942932,"{""type"":""MultiPoint"",""coordinates"":[]}"
46_00000000000000000017,Talcher,2018-11,91164.1484375,99050.53125,0.012523354962468147,295.308349609375,-0.02597295306622982,-0.22459715604782104,"{""type"":""MultiPoint"",""coordinates"":[]}"
46_00000000000000000018,Thiruvananthapuram,2018-11,91000.65625,98180.4453125,0.017010042443871498,297.7064208984375,-1.0314170122146606,-1.3771193027496338,"{""type"":""MultiPoint"",""coordinates"":[]}"
46_00000000000000000019,Visakhapatnam,2018-11,92075.171875,101064.6015625,0.015399652533233166,298.9344482421875,-2.2561447620391846,-1.7271536588668823,"{""type"":""MultiPoint"",""coordinates"":[]}"
47_00000000000000000000,Ahmedabad,2018-12,91551.3125,100452.4296875,0.0034509834367781878,292.88507080078125,-2.094338893890381,-1.2894699573516846,"{""type"":""MultiPoint"",""coordinates"":[]}"
47_00000000000000000001,Aizawl,2018-12,86490.140625,92931.1796875,0.008181082084774971,289.49542236328125,-0.020985547453165054,0.39218905568122864,"{""type"":""MultiPoint"",""coordinates"":[]}"
47_00000000000000000002,Amaravati,2018-12,89076.828125,100854.2109375,0.01281275786459446,297.37725830078125,-1.712477684020996,-0.48404234647750854,"{""type"":""MultiPoint"",""coordinates"":[]}"
47_00000000000000000003,Amritsar,2018-12,94471.1328125,98875.0390625,0.004474075976759195,286.3538513183594,0.6210511326789856,-0.3699135184288025,"{""type"":""MultiPoint"",""coordinates"":[]}"
47_00000000000000000004,Bengaluru,2018-12,79655.234375,91924.3515625,0.010612028650939465,295.7987976074219,-2.598137617111206,-0.6480998396873474,"{""type"":""MultiPoint"",""coordinates"":[]}"
47_00000000000000000005,Bhopal,2018-12,87282.9140625,96184.9765625,0.004829442128539085,289.6709899902344,-1.3956608772277832,-0.7742778062820435,"{""type"":""MultiPoint"",""coordinates"":[]}"
47_00000000000000000006,Brajrajnagar,2018-12,90077.4453125,98182.828125,0.007938106544315815,290.77032470703125,-0.9264016151428223,-1.0907270908355713,"{""type"":""MultiPoint"",""coordinates"":[]}"
47_00000000000000000007,Chandigarh,2018-12,87091.5390625,91575.9609375,0.004593624733388424,283.713134765625,-0.011423943564295769,-1.2679531574249268,"{""type"":""MultiPoint"",""coordinates"":[]}"
47_00000000000000000008,Chennai,2018-12,91551.0,101288.6875,0.01627836748957634,299.2315979003906,-3.1792876720428467,-3.662954092025757,"{""type"":""MultiPoint"",""coordinates"":[]}"
47_00000000000000000009,Coimbatore,2018-12,84016.65625,96522.7421875,0.012827993370592594,297.88446044921875,-1.451431393623352,-0.3601754307746887,"{""type"":""MultiPoint"",""coordinates"":[]}"
47_0000000000000000000a,Delhi,2018-12,94285.7421875,99128.0390625,0.0045160772278904915,286.32440185546875,1.6517212390899658,-1.610967993736267,"{""type"":""MultiPoint"",""coordinates"":[]}"
47_0000000000000000000b,Ernakulam,2018-12,91379.7734375,100111.671875,0.016061468049883842,299.89306640625,-0.9187357425689697,-0.3633922338485718,"{""type"":""MultiPoint"",""coordinates"":[]}"
47_0000000000000000000c,Gurugram,2018-12,94285.7421875,99128.0390625,0.0045160772278904915,286.32440185546875,1.6517212390899658,-1.610967993736267,"{""type"":""MultiPoint"",""coordinates"":[]}"
47_0000000000000000000d,Guwahati,2018-12,93181.3046875,99889.6015625,0.00990442093461752,291.0296630859375,-0.7546609044075012,-1.5417178869247437,"{""type"":""MultiPoint"",""coordinates"":[]}"
47_0000000000000000000e,Hyderabad,2018-12,83895.515625,95815.6640625,0.009167490527033806,294.7705383300781,-1.32965886592865,-0.7734488248825073,"{""type"":""MultiPoint"",""coordinates"":[]}"
47_0000000000000000000f,Jaipur,2018-12,88013.4296875,97029.296875,0.0034896591678261757,288.2547912597656,-0.42448368668556213,-0.6631187796592712,"{""type"":""MultiPoint"",""coordinates"":[]}"
47_00000000000000000010,Jorapokhar,2018-12,92317.0234375,99551.6171875,0.006965832319110632,289.26904296875,1.7016762495040894,-2.0114293098449707,"{""type"":""MultiPoint"",""coordinates"":[]}"
47_00000000000000000011,Kochi,2018-12,91379.7734375,100111.671875,0.016061468049883842,299.89306640625,-0.9187357425689697,-0.3633922338485718,"{""type"":""MultiPoint"",""coordinates"":[]}"
47_00000000000000000012,Kolkata,2018-12,92500.65625,101452.4296875,0.007723539136350155,291.1253662109375,1.1208059787750244,-2.339327812194824,"{""type"":""MultiPoint"",""coordinates"":[]}"
47_00000000000000000013,Lucknow,2018-12,93836.6796875,100311.75,0.005286191124469042,287.9959716796875,1.9675486087799072,-0.862204372882843,"{""type"":""MultiPoint"",""coordinates"":[]}"
47_00000000000000000014,Mumbai,2018-12,89704.4453125,99905.8046875,0.006268711760640144,296.8574523925781,-1.6920267343521118,-0.9847118854522705,"{""type"":""MultiPoint"",""coordinates"":[]}"
47_00000000000000000015,Patna,2018-12,92647.1015625,100957.71875,0.005317185539752245,289.7559509277344,2.149165391921997,-0.32034653425216675,"{""type"":""MultiPoint"",""coordinates"":[]}"
47_00000000000000000016,Shillong,2018-12,80220.0859375,87930.8125,0.007795831188559532,285.3991394042969,0.0193248949944973,-0.1380510777235031,"{""type"":""MultiPoint"",""coordinates"":[]}"
47_00000000000000000017,Talcher,2018-12,92349.734375,99184.2421875,0.009245413355529308,290.9624938964844,-0.3575621247291565,-1.0200469493865967,"{""type"":""MultiPoint"",""coordinates"":[]}"
47_00000000000000000018,Thiruvananthapuram,2018-12,89371.7109375,98225.46875,0.015596945770084858,298.31988525390625,-2.0368411540985107,-1.8110452890396118,"{""type"":""MultiPoint"",""coordinates"":[]}"
47_00000000000000000019,Visakhapatnam,2018-12,92804.4609375,101170.3203125,0.012883294373750687,296.4317626953125,-2.8973705768585205,-2.318591833114624,"{""type"":""MultiPoint"",""coordinates"":[]}"
48_00000000000000000000,Ahmedabad,2019-01,91573.359375,100535.671875,0.002953892108052969,292.18975830078125,-1.360987901687622,-1.3827877044677734,"{""type"":""MultiPoint"",""coordinates"":[]}"
48_00000000000000000001,Aizawl,2019-01,85425.9296875,93021.21875,0.006327779032289982,289.44110107421875,-0.05858252942562103,0.2374526411294937,"{""type"":""MultiPoint"",""coordinates"":[]}"
48_00000000000000000002,Amaravati,2019-01,89111.03125,101011.3125,0.011524421162903309,296.2440490722656,-1.9789862632751465,0.44266217947006226,"{""type"":""MultiPoint"",""coordinates"":[]}"
48_00000000000000000003,Amritsar,2019-01,91157.7578125,98973.734375,0.004995621740818024,284.6064758300781,0.283425509929657,-0.788379430770874,"{""type"":""MultiPoint"",""coordinates"":[]}"
48_00000000000000000004,Bengaluru,2019-01,81222.6328125,92027.359375,0.007697501219809055,294.56494140625,-3.118699073791504,-0.00999674666672945,"{""type"":""MultiPoint"",""coordinates"":[]}"
48_00000000000000000005,Bhopal,2019-01,86394.0078125,96233.015625,0.0034185396507382393,289.5417785644531,-0.4316454231739044,-0.6657031178474426,"{""type"":""MultiPoint"",""coordinates"":[]}"
48_00000000000000000006,Brajrajnagar,2019-01,91281.9140625,98269.0859375,0.006107911001890898,290.43780517578125,-0.2895427942276001,-0.5605008006095886,"{""type"":""MultiPoint"",""coordinates"":[]}"
48_00000000000000000007,Chandigarh,2019-01,85236.140625,91618.9609375,0.004668567795306444,282.50592041015625,-0.7167848944664001,-0.6841835379600525,"{""type"":""MultiPoint"",""coordinates"":[]}"
48_00000000000000000008,Chennai,2019-01,91036.296875,101487.3359375,0.014292990788817406,298.134033203125,-3.7903201580047607,-2.281559705734253,"{""type"":""MultiPoint"",""coordinates"":[]}"
48_00000000000000000009,Coimbatore,2019-01,85621.5859375,96658.640625,0.009298497810959816,297.095703125,-1.8498127460479736,-0.3744339346885681,"{""type"":""MultiPoint"",""coordinates"":[]}"
48_0000000000000000000a,Delhi,2019-01,93197.71875,99182.796875,0.004447487182915211,285.7454528808594,1.1247738599777222,-1.34908127784729,"{""type"":""MultiPoint"",""coordinates"":[]}"
48_0000000000000000000b,Ernakulam,2019-01,89308.578125,100230.3671875,0.01217151153832674,299.57513427734375,-1.2791192531585693,-0.44213876128196716,"{""type"":""MultiPoint"",""coordinates"":[]}"
48_0000000000000000000c,Gurugram,2019-01,93197.71875,99182.796875,0.004447487182915211,285.7454528808594,1.1247738599777222,-1.34908127784729,"{""type"":""MultiPoint"",""coordinates"":[]}"
48_0000000000000000000d,Guwahati,2019-01,94364.984375,100018.296875,0.00818319246172905,290.12939453125,-1.0431628227233887,-1.4390549659729004,"{""type"":""MultiPoint"",""coordinates"":[]}"
48_0000000000000000000e,Hyderabad,2019-01,84558.0625,95914.90625,0.007204083725810051,294.166015625,-1.880444884300232,0.2892149090766907,"{""type"":""MultiPoint"",""coordinates"":[]}"
48_0000000000000000000f,Jaipur,2019-01,88729.8046875,97076.4765625,0.003351787570863962,286.9921569824219,-0.37843000888824463,-0.9267924427986145,"{""type"":""MultiPoint"",""coordinates"":[]}"
48_00000000000000000010,Jorapokhar,2019-01,92724.6640625,99628.03125,0.005954123102128506,289.83282470703125,1.4117525815963745,-1.4876585006713867,"{""type"":""MultiPoint"",""coordinates"":[]}"
48_00000000000000000011,Kochi,2019-01,89308.578125,100230.3671875,0.01217151153832674,299.57513427734375,-1.2791192531585693,-0.44213876128196716,"{""type"":""MultiPoint"",""coordinates"":[]}"
48_00000000000000000012,Kolkata,2019-01,92959.2265625,101545.984375,0.006239776965230703,291.62872314453125,1.052400827407837,-2.0305871963500977,"{""type"":""MultiPoint"",""coordinates"":[]}"
48_00000000000000000013,Lucknow,2019-01,93554.4375,100362.28125,0.0050653694197535515,287.8294677734375,0.8436135649681091,-0.2979884743690491,"{""type"":""MultiPoint"",""coordinates"":[]}"
48_00000000000000000014,Mumbai,2019-01,89926.40625,100002.7421875,0.0047116330824792385,296.311767578125,-1.25407075881958,-1.3062195777893066,"{""type"":""MultiPoint"",""coordinates"":[]}"
48_00000000000000000015,Patna,2019-01,92991.5,101027.4765625,0.004729828331619501,289.84100341796875,1.4506244659423828,-0.16279880702495575,"{""type"":""MultiPoint"",""coordinates"":[]}"
48_00000000000000000016,Shillong,2019-01,81356.0390625,88019.9609375,0.006561762653291225,284.5497741699219,0.36635711789131165,-0.28541678190231323,"{""type"":""MultiPoint"",""coordinates"":[]}"
48_00000000000000000017,Talcher,2019-01,92530.7109375,99282.671875,0.0072968490421772,290.9201965332031,0.27639004588127136,-0.6626682877540588,"{""type"":""MultiPoint"",""coordinates"":[]}"
48_00000000000000000018,Thiruvananthapuram,2019-01,88674.4453125,98349.828125,0.012657406739890575,298.09735107421875,-2.9554059505462646,-1.9727797508239746,"{""type"":""MultiPoint"",""coordinates"":[]}"
48_00000000000000000019,Visakhapatnam,2019-01,93638.4921875,101331.3984375,0.011358761228621006,295.6180725097656,-2.3196637630462646,-1.4958568811416626,"{""type"":""MultiPoint"",""coordinates"":[]}"
49_00000000000000000000,Ahmedabad,2019-02,87530.390625,100311.6953125,0.004252532962709665,294.8442687988281,0.47768929600715637,-1.2782484292984009,"{""type"":""MultiPoint"",""coordinates"":[]}"
49_00000000000000000001,Aizawl,2019-02,84178.84375,92921.3125,0.007291359361261129,291.0993957519531,0.6305856704711914,0.3818609118461609,"{""type"":""MultiPoint"",""coordinates"":[]}"
49_00000000000000000002,Amaravati,2019-02,87552.0390625,100821.40625,0.012819836847484112,300.0729675292969,-1.4263616800308228,1.891798496246338,"{""type"":""MultiPoint"",""coordinates"":[]}"
49_00000000000000000003,Amritsar,2019-02,87809.7890625,98695.328125,0.0061722323298454285,286.97515869140625,-0.1049836128950119,0.1197686567902565,"{""type"":""MultiPoint"",""coordinates"":[]}"
49_00000000000000000004,Bengaluru,2019-02,77973.140625,91961.3828125,0.009569905698299408,297.9021911621094,-2.7476022243499756,0.6908877491950989,"{""type"":""MultiPoint"",""coordinates"":[]}"
49_00000000000000000005,Bhopal,2019-02,78963.5234375,96020.484375,0.004499486181885004,293.4331970214844,0.9218892455101013,-0.14641492068767548,"{""type"":""MultiPoint"",""coordinates"":[]}"
49_00000000000000000006,Brajrajnagar,2019-02,86256.84375,98044.2890625,0.007198996376246214,295.2684326171875,0.4103439450263977,-0.6173414587974548,"{""type"":""MultiPoint"",""coordinates"":[]}"
49_00000000000000000007,Chandigarh,2019-02,83544.890625,91438.65625,0.005938729736953974,284.1484680175781,-1.0013644695281982,0.23405081033706665,"{""type"":""MultiPoint"",""coordinates"":[]}"
49_00000000000000000008,Chennai,2019-02,93625.3671875,101341.921875,0.016391247510910034,299.5537109375,-3.3255579471588135,0.6084986925125122,"{""type"":""MultiPoint"",""coordinates"":[]}"
49_00000000000000000009,Coimbatore,2019-02,83892.8671875,96535.96875,0.01084507443010807,301.351806640625,-2.0206375122070312,0.36189004778862,"{""type"":""MultiPoint"",""coordinates"":[]}"
49_0000000000000000000a,Delhi,2019-02,89143.6171875,98937.234375,0.0058760796673595905,288.4349365234375,0.47862473130226135,-0.6661792993545532,"{""type"":""MultiPoint"",""coordinates"":[]}"
49_0000000000000000000b,Ernakulam,2019-02,88462.34375,100127.375,0.014137569814920425,302.6580505371094,0.3114221692085266,-0.35490432381629944,"{""type"":""MultiPoint"",""coordinates"":[]}"
49_0000000000000000000c,Gurugram,2019-02,89143.6171875,98937.234375,0.0058760796673595905,288.4349365234375,0.47862473130226135,-0.6661792993545532,"{""type"":""MultiPoint"",""coordinates"":[]}"
49_0000000000000000000d,Guwahati,2019-02,91808.8671875,99787.828125,0.008654291741549969,292.01141357421875,0.8000308275222778,-1.3947522640228271,"{""type"":""MultiPoint"",""coordinates"":[]}"
49_0000000000000000000e,Hyderabad,2019-02,78667.8828125,95752.1328125,0.00870499387383461,298.06591796875,-1.1159602403640747,0.9628145098686218,"{""type"":""MultiPoint"",""coordinates"":[]}"
49_0000000000000000000f,Jaipur,2019-02,84473.0390625,96838.03125,0.00385169661603868,289.7360534667969,0.3890780806541443,-0.8551873564720154,"{""type"":""MultiPoint"",""coordinates"":[]}"
49_00000000000000000010,Jorapokhar,2019-02,88910.5234375,99384.078125,0.007048195227980614,294.3366394042969,1.7240629196166992,-1.041351318359375,"{""type"":""MultiPoint"",""coordinates"":[]}"
49_00000000000000000011,Kochi,2019-02,88462.34375,100127.375,0.014137569814920425,302.6580505371094,0.3114221692085266,-0.35490432381629944,"{""type"":""MultiPoint"",""coordinates"":[]}"
49_00000000000000000012,Kolkata,2019-02,90763.3203125,101316.6328125,0.007811326067894697,296.20458984375,1.5092566013336182,-0.7544617056846619,"{""type"":""MultiPoint"",""coordinates"":[]}"
49_00000000000000000013,Lucknow,2019-02,90120.5703125,100118.6796875,0.006277228705585003,291.3420104980469,1.0894182920455933,-0.993154764175415,"{""type"":""MultiPoint"",""coordinates"":[]}"
49_00000000000000000014,Mumbai,2019-02,88295.2890625,99895.1015625,0.006666190456598997,298.2301025390625,0.2486705780029297,-1.5098832845687866,"{""type"":""MultiPoint"",""coordinates"":[]}"
49_00000000000000000015,Patna,2019-02,88840.5703125,100746.8828125,0.005778813268989325,294.05908203125,1.8981410264968872,-0.5009862184524536,"{""type"":""MultiPoint"",""coordinates"":[]}"
49_00000000000000000016,Shillong,2019-02,80464.609375,87885.7578125,0.007105473894625902,285.76666259765625,1.4903899431228638,0.3190373182296753,"{""type"":""MultiPoint"",""coordinates"":[]}"
49_00000000000000000017,Talcher,2019-02,87903.0,99049.515625,0.008758537471294403,296.1524963378906,0.40699225664138794,-0.1063772439956665,"{""type"":""MultiPoint"",""coordinates"":[]}"
49_00000000000000000018,Thiruvananthapuram,2019-02,88123.7734375,98260.234375,0.014171252027153969,301.1211242675781,-2.4547784328460693,-0.9978318810462952,"{""type"":""MultiPoint"",""coordinates"":[]}"
49_00000000000000000019,Visakhapatnam,2019-02,93751.890625,101138.3515625,0.013627754524350166,298.29443359375,-0.6589300632476807,1.2132489681243896,"{""type"":""MultiPoint"",""coordinates"":[]}"
50_00000000000000000000,Ahmedabad,2019-03,83605.1796875,100054.734375,0.00480099068954587,299.896240234375,0.9333361387252808,-1.7171545028686523,"{""type"":""MultiPoint"",""coordinates"":[]}"
50_00000000000000000001,Aizawl,2019-03,81319.3203125,92756.8125,0.009177321568131447,293.84320068359375,0.8478955626487732,0.30852755904197693,"{""type"":""MultiPoint"",""coordinates"":[]}"
50_00000000000000000002,Amaravati,2019-03,86590.6328125,100554.21875,0.014201736077666283,303.5645446777344,-1.002951741218567,3.247802734375,"{""type"":""MultiPoint"",""coordinates"":[]}"
50_00000000000000000003,Amritsar,2019-03,85489.203125,98473.9296875,0.007711159996688366,291.982421875,0.5327073335647583,-0.5344695448875427,"{""type"":""MultiPoint"",""coordinates"":[]}"
50_00000000000000000004,Bengaluru,2019-03,75218.84375,91814.359375,0.008668234571814537,301.71551513671875,-2.355524778366089,1.53360915184021,"{""type"":""MultiPoint"",""coordinates"":[]}"
50_00000000000000000005,Bhopal,2019-03,76516.0078125,95793.0625,0.004754956346005201,298.33935546875,0.6125755310058594,-0.9244735836982727,"{""type"":""MultiPoint"",""coordinates"":[]}"
50_00000000000000000006,Brajrajnagar,2019-03,81128.5546875,97757.90625,0.008574195206165314,300.1070556640625,0.2599087953567505,-0.6403473615646362,"{""type"":""MultiPoint"",""coordinates"":[]}"
50_00000000000000000007,Chandigarh,2019-03,81750.6171875,91323.703125,0.0070242141373455524,288.67236328125,-0.061943620443344116,-0.8315078020095825,"{""type"":""MultiPoint"",""coordinates"":[]}"
50_00000000000000000008,Chennai,2019-03,94534.6328125,101126.8359375,0.017758961766958237,301.33685302734375,-2.202765941619873,3.9143357276916504,"{""type"":""MultiPoint"",""coordinates"":[]}"
50_00000000000000000009,Coimbatore,2019-03,82466.8046875,96385.6328125,0.010246964171528816,303.70208740234375,-1.7404861450195312,1.0637375116348267,"{""type"":""MultiPoint"",""coordinates"":[]}"
50_0000000000000000000a,Delhi,2019-03,86452.2421875,98671.5546875,0.006232997868210077,294.1898498535156,1.6318726539611816,-1.8320751190185547,"{""type"":""MultiPoint"",""coordinates"":[]}"
50_0000000000000000000b,Ernakulam,2019-03,87314.9921875,100025.2109375,0.01577494479715824,303.8290710449219,2.101473569869995,-0.29905369877815247,"{""type"":""MultiPoint"",""coordinates"":[]}"
50_0000000000000000000c,Gurugram,2019-03,86452.2421875,98671.5546875,0.006232997868210077,294.1898498535156,1.6318726539611816,-1.8320751190185547,"{""type"":""MultiPoint"",""coordinates"":[]}"
50_0000000000000000000d,Guwahati,2019-03,89449.6875,99498.5234375,0.009337266907095909,295.329833984375,0.7609618306159973,-1.491369605064392,"{""type"":""MultiPoint"",""coordinates"":[]}"
50_0000000000000000000e,Hyderabad,2019-03,76469.40625,95509.515625,0.008574988692998886,302.9410095214844,-0.7545127868652344,1.5830883979797363,"{""type"":""MultiPoint"",""coordinates"":[]}"
50_0000000000000000000f,Jaipur,2019-03,78796.3828125,96624.0,0.004524523857980967,295.4393615722656,-0.009487046860158443,-1.4295932054519653,"{""type"":""MultiPoint"",""coordinates"":[]}"
50_00000000000000000010,Jorapokhar,2019-03,81648.8046875,99069.1875,0.007582907099276781,299.0881042480469,2.0766336917877197,-0.6492389440536499,"{""type"":""MultiPoint"",""coordinates"":[]}"
50_00000000000000000011,Kochi,2019-03,87314.9921875,100025.2109375,0.01577494479715824,303.8290710449219,2.101473569869995,-0.29905369877815247,"{""type"":""MultiPoint"",""coordinates"":[]}"
50_00000000000000000012,Kolkata,2019-03,86606.46875,101015.6953125,0.01217205822467804,299.1554870605469,1.832590937614441,1.096373438835144,"{""type"":""MultiPoint"",""coordinates"":[]}"
50_00000000000000000013,Lucknow,2019-03,83953.5546875,99794.1484375,0.006402117665857077,296.6392822265625,2.1118640899658203,-1.2972142696380615,"{""type"":""MultiPoint"",""coordinates"":[]}"
50_00000000000000000014,Mumbai,2019-03,88027.4609375,99704.2421875,0.008143271319568157,301.21966552734375,1.0543127059936523,-1.618626594543457,"{""type"":""MultiPoint"",""coordinates"":[]}"
50_00000000000000000015,Patna,2019-03,83110.53125,100399.0859375,0.005745290778577328,299.2126770019531,2.581611156463623,-0.8341338038444519,"{""type"":""MultiPoint"",""coordinates"":[]}"
50_00000000000000000016,Shillong,2019-03,77503.8125,87763.1796875,0.008067002519965172,288.743408203125,2.1811065673828125,0.766652524471283,"{""type"":""MultiPoint"",""coordinates"":[]}"
50_00000000000000000017,Talcher,2019-03,82179.015625,98754.5546875,0.01129292231053114,301.0710754394531,0.19059598445892334,0.36506468057632446,"{""type"":""MultiPoint"",""coordinates"":[]}"
50_00000000000000000018,Thiruvananthapuram,2019-03,86829.890625,98156.3046875,0.013956903479993343,302.71380615234375,-1.307633399963379,0.27708300948143005,"{""type"":""MultiPoint"",""coordinates"":[]}"
50_00000000000000000019,Visakhapatnam,2019-03,93247.53125,100858.2890625,0.016622986644506454,301.3549499511719,0.7855519652366638,3.448270320892334,"{""type"":""MultiPoint"",""coordinates"":[]}"
51_00000000000000000000,Ahmedabad,2019-04,80601.015625,99657.171875,0.0068746632896363735,306.046142578125,2.8206779956817627,-0.7279230356216431,"{""type"":""MultiPoint"",""coordinates"":[]}"
51_00000000000000000001,Aizawl,2019-04,83401.09375,92582.0390625,0.012865986675024033,297.0232238769531,0.7137305736541748,0.35329684615135193,"{""type"":""MultiPoint"",""coordinates"":[]}"
51_00000000000000000002,Amaravati,2019-04,87811.1328125,100274.15625,0.014989024959504604,305.87750244140625,-0.8124789595603943,3.72636342048645,"{""type"":""MultiPoint"",""coordinates"":[]}"
51_00000000000000000003,Amritsar,2019-04,83209.703125,97924.625,0.009564710780978203,301.1822814941406,0.6565123796463013,-1.2335180044174194,"{""type"":""MultiPoint"",""coordinates"":[]}"
51_00000000000000000004,Bengaluru,2019-04,76171.015625,91657.5703125,0.010501849465072155,302.4720764160156,-2.10793137550354,1.2606205940246582,"{""type"":""MultiPoint"",""coordinates"":[]}"
51_00000000000000000005,Bhopal,2019-04,69196.4140625,95430.6953125,0.005948822945356369,305.07373046875,1.7845181226730347,-1.444277048110962,"{""type"":""MultiPoint"",""coordinates"":[]}"
51_00000000000000000006,Brajrajnagar,2019-04,72945.578125,97327.421875,0.008302409201860428,306.29364013671875,0.9006125926971436,-0.13302379846572876,"{""type"":""MultiPoint"",""coordinates"":[]}"
51_00000000000000000007,Chandigarh,2019-04,78929.546875,91002.03125,0.008410369046032429,297.2178039550781,0.66964191198349,-1.5084210634231567,"{""type"":""MultiPoint"",""coordinates"":[]}"
51_00000000000000000008,Chennai,2019-04,95148.8515625,100860.8515625,0.019717149436473846,302.74444580078125,-1.5709484815597534,4.595736026763916,"{""type"":""MultiPoint"",""coordinates"":[]}"
51_00000000000000000009,Coimbatore,2019-04,82669.40625,96190.0,0.01268501952290535,304.49786376953125,-1.290414810180664,0.9510948061943054,"{""type"":""MultiPoint"",""coordinates"":[]}"
51_0000000000000000000a,Delhi,2019-04,80959.7734375,98119.1171875,0.007405090145766735,303.7324523925781,1.4816558361053467,-1.5559985637664795,"{""type"":""MultiPoint"",""coordinates"":[]}"
51_0000000000000000000b,Ernakulam,2019-04,88702.4453125,99853.2578125,0.018333928659558296,303.75701904296875,2.56190824508667,-0.1438092291355133,"{""type"":""MultiPoint"",""coordinates"":[]}"
51_0000000000000000000c,Gurugram,2019-04,80959.7734375,98119.1171875,0.007405090145766735,303.7324523925781,1.4816558361053467,-1.5559985637664795,"{""type"":""MultiPoint"",""coordinates"":[]}"
51_0000000000000000000d,Guwahati,2019-04,89236.234375,99281.3671875,0.014228557236492634,299.1500549316406,0.18938221037387848,-1.3367949724197388,"{""type"":""MultiPoint"",""coordinates"":[]}"
51_0000000000000000000e,Hyderabad,2019-04,72757.53125,95267.625,0.01032672356814146,305.6841125488281,-0.7076353430747986,2.2786264419555664,"{""type"":""MultiPoint"",""coordinates"":[]}"
51_0000000000000000000f,Jaipur,2019-04,73577.5625,96162.640625,0.006366124376654625,303.90362548828125,0.9331106543540955,-0.7589076161384583,"{""type"":""MultiPoint"",""coordinates"":[]}"
51_00000000000000000010,Jorapokhar,2019-04,74777.8984375,98655.4375,0.011791321448981762,304.23895263671875,0.19603756070137024,0.7683910727500916,"{""type"":""MultiPoint"",""coordinates"":[]}"
51_00000000000000000011,Kochi,2019-04,88702.4453125,99853.2578125,0.018333928659558296,303.75701904296875,2.56190824508667,-0.1438092291355133,"{""type"":""MultiPoint"",""coordinates"":[]}"
51_00000000000000000012,Kolkata,2019-04,83883.3046875,100623.46875,0.015179759822785854,304.2677307128906,0.999762773513794,2.840735912322998,"{""type"":""MultiPoint"",""coordinates"":[]}"
51_00000000000000000013,Lucknow,2019-04,77102.5234375,99273.421875,0.007156179752200842,305.1007080078125,0.8207488059997559,-0.7804099321365356,"{""type"":""MultiPoint"",""coordinates"":[]}"
51_00000000000000000014,Mumbai,2019-04,87871.9765625,99447.0625,0.012136378325521946,304.2194519042969,1.869807243347168,-1.0178194046020508,"{""type"":""MultiPoint"",""coordinates"":[]}"
51_00000000000000000015,Patna,2019-04,74640.7578125,99914.0625,0.007985206320881844,306.0179748535156,0.25001779198646545,-0.552341639995575,"{""type"":""MultiPoint"",""coordinates"":[]}"
51_00000000000000000016,Shillong,2019-04,78118.1328125,87688.7109375,0.012341013178229332,292.3586120605469,1.0831643342971802,1.038332462310791,"{""type"":""MultiPoint"",""coordinates"":[]}"
51_00000000000000000017,Talcher,2019-04,75401.4453125,98345.25,0.01156533695757389,305.9500732421875,0.321918249130249,1.4497606754302979,"{""type"":""MultiPoint"",""coordinates"":[]}"
51_00000000000000000018,Thiruvananthapuram,2019-04,86016.859375,97969.921875,0.016219526529312134,303.6524353027344,0.900635838508606,1.1474529504776,"{""type"":""MultiPoint"",""coordinates"":[]}"
51_00000000000000000019,Visakhapatnam,2019-04,94302.8359375,100539.65625,0.017859671264886856,303.1955261230469,2.2396531105041504,4.5310821533203125,"{""type"":""MultiPoint"",""coordinates"":[]}"
52_00000000000000000000,Ahmedabad,2019-05,82625.078125,99474.1015625,0.010577584616839886,307.0884704589844,3.9887757301330566,0.5431509613990784,"{""type"":""MultiPoint"",""coordinates"":[]}"
52_00000000000000000001,Aizawl,2019-05,83430.9921875,92345.2109375,0.01584051363170147,298.4589538574219,0.7684940099716187,0.5258769989013672,"{""type"":""MultiPoint"",""coordinates"":[]}"
52_00000000000000000002,Amaravati,2019-05,88381.2734375,99975.90625,0.01681116409599781,307.24505615234375,-0.49049293994903564,3.3850643634796143,"{""type"":""MultiPoint"",""coordinates"":[]}"
52_00000000000000000003,Amritsar,2019-05,74516.75,97537.15625,0.008180353790521622,305.6423034667969,1.5717790126800537,-1.1116743087768555,"{""type"":""MultiPoint"",""coordinates"":[]}"
52_00000000000000000004,Bengaluru,2019-05,77949.0625,91550.46875,0.014808309264481068,301.2105712890625,1.3806982040405273,0.04020259901881218,"{""type"":""MultiPoint"",""coordinates"":[]}"
52_00000000000000000005,Bhopal,2019-05,70297.84375,95197.375,0.007566368207335472,307.9355163574219,3.4393692016601562,-1.4041658639907837,"{""type"":""MultiPoint"",""coordinates"":[]}"
52_00000000000000000006,Brajrajnagar,2019-05,70078.9921875,97020.1796875,0.010204990394413471,308.93182373046875,0.636076033115387,0.09679793566465378,"{""type"":""MultiPoint"",""coordinates"":[]}"
52_00000000000000000007,Chandigarh,2019-05,72210.4375,90730.015625,0.008177035488188267,300.8514099121094,1.3383408784866333,-1.237659215927124,"{""type"":""MultiPoint"",""coordinates"":[]}"
52_00000000000000000008,Chennai,2019-05,96008.3828125,100590.8046875,0.021800735965371132,303.43310546875,0.09703166037797928,5.689568519592285,"{""type"":""MultiPoint"",""coordinates"":[]}"
52_00000000000000000009,Coimbatore,2019-05,82309.734375,96040.734375,0.015483859926462173,304.1950988769531,1.6845576763153076,0.06888588517904282,"{""type"":""MultiPoint"",""coordinates"":[]}"
52_0000000000000000000a,Delhi,2019-05,76822.140625,97771.3828125,0.0072518340311944485,307.1825256347656,2.9843099117279053,-1.6139036417007446,"{""type"":""MultiPoint"",""coordinates"":[]}"
52_0000000000000000000b,Ernakulam,2019-05,92022.8046875,99819.3046875,0.01924949884414673,302.26177978515625,3.000269889831543,-0.6045969128608704,"{""type"":""MultiPoint"",""coordinates"":[]}"
52_0000000000000000000c,Gurugram,2019-05,76822.140625,97771.3828125,0.0072518340311944485,307.1825256347656,2.9843099117279053,-1.6139036417007446,"{""type"":""MultiPoint"",""coordinates"":[]}"
52_0000000000000000000d,Guwahati,2019-05,88853.2421875,98944.15625,0.017749091610312462,300.2563781738281,0.6232512593269348,-1.3236820697784424,"{""type"":""MultiPoint"",""coordinates"":[]}"
52_0000000000000000000e,Hyderabad,2019-05,71867.453125,95027.8125,0.010628647170960903,307.87921142578125,0.06329172849655151,-0.05311249941587448,"{""type"":""MultiPoint"",""coordinates"":[]}"
52_0000000000000000000f,Jaipur,2019-05,71728.234375,95901.71875,0.007526386994868517,306.8625183105469,2.590886354446411,-1.0063283443450928,"{""type"":""MultiPoint"",""coordinates"":[]}"
52_00000000000000000010,Jorapokhar,2019-05,76041.9296875,98300.7578125,0.013377328403294086,306.1510925292969,0.6280903220176697,0.6778760552406311,"{""type"":""MultiPoint"",""coordinates"":[]}"
52_00000000000000000011,Kochi,2019-05,92022.8046875,99819.3046875,0.01924949884414673,302.26177978515625,3.000269889831543,-0.6045969128608704,"{""type"":""MultiPoint"",""coordinates"":[]}"
52_00000000000000000012,Kolkata,2019-05,86694.59375,100280.40625,0.018529094755649567,305.0896911621094,0.8378039598464966,3.9179608821868896,"{""type"":""MultiPoint"",""coordinates"":[]}"
52_00000000000000000013,Lucknow,2019-05,75360.9921875,98875.75,0.006638067774474621,309.3459777832031,2.452604293823242,-1.0729727745056152,"{""type"":""MultiPoint"",""coordinates"":[]}"
52_00000000000000000014,Mumbai,2019-05,88402.4921875,99379.4140625,0.01479791384190321,304.291015625,3.047440528869629,-0.9378182888031006,"{""type"":""MultiPoint"",""coordinates"":[]}"
52_00000000000000000015,Patna,2019-05,74785.3359375,99525.5234375,0.008094887249171734,309.6397399902344,1.5294008255004883,-0.7896100282669067,"{""type"":""MultiPoint"",""coordinates"":[]}"
52_00000000000000000016,Shillong,2019-05,79367.421875,87476.859375,0.015336788259446621,294.10009765625,1.259963870048523,2.197505235671997,"{""type"":""MultiPoint"",""coordinates"":[]}"
52_00000000000000000017,Talcher,2019-05,77780.1953125,98049.4140625,0.015520121902227402,306.39398193359375,-0.412022203207016,1.7378815412521362,"{""type"":""MultiPoint"",""coordinates"":[]}"
52_00000000000000000018,Thiruvananthapuram,2019-05,88659.40625,97907.4375,0.017527712509036064,302.3885498046875,4.368719100952148,0.5081596970558167,"{""type"":""MultiPoint"",""coordinates"":[]}"
52_00000000000000000019,Visakhapatnam,2019-05,95194.328125,100229.0859375,0.02056974731385708,303.52691650390625,2.658726215362549,4.155424118041992,"{""type"":""MultiPoint"",""coordinates"":[]}"
53_00000000000000000000,Ahmedabad,2019-06,84845.7890625,99052.546875,0.015404586680233479,307.6971740722656,2.90718412399292,2.091906785964966,"{""type"":""MultiPoint"",""coordinates"":[]}"
53_00000000000000000001,Aizawl,2019-06,85754.5234375,92034.5546875,0.018445083871483803,298.41046142578125,0.47100916504859924,0.30867722630500793,"{""type"":""MultiPoint"",""coordinates"":[]}"
53_00000000000000000002,Amaravati,2019-06,90385.9765625,99786.046875,0.017831366509199142,305.08990478515625,2.0201685428619385,1.5297553539276123,"{""type"":""MultiPoint"",""coordinates"":[]}"
53_00000000000000000003,Amritsar,2019-06,73002.9296875,97052.890625,0.009181112051010132,310.1960144042969,1.5056180953979492,0.06195244938135147,"{""type"":""MultiPoint"",""coordinates"":[]}"
53_00000000000000000004,Bengaluru,2019-06,82046.5,91431.171875,0.015074803493916988,299.0628967285156,4.354216575622559,0.6973415613174438,"{""type"":""MultiPoint"",""coordinates"":[]}"
53_00000000000000000005,Bhopal,2019-06,76688.3984375,94832.4921875,0.013112753629684448,308.03076171875,3.1513450145721436,-1.0786734819412231,"{""type"":""MultiPoint"",""coordinates"":[]}"
53_00000000000000000006,Brajrajnagar,2019-06,80187.1875,96735.1796875,0.016309546306729317,307.4947204589844,2.0577449798583984,0.3820836544036865,"{""type"":""MultiPoint"",""coordinates"":[]}"
53_00000000000000000007,Chandigarh,2019-06,71382.8359375,90389.9375,0.010055207647383213,304.3550720214844,1.4396377801895142,-0.5524037480354309,"{""type"":""MultiPoint"",""coordinates"":[]}"
53_00000000000000000008,Chennai,2019-06,93417.7890625,100426.734375,0.02080591395497322,303.8621520996094,1.2765016555786133,3.9087069034576416,"{""type"":""MultiPoint"",""coordinates"":[]}"
53_00000000000000000009,Coimbatore,2019-06,87069.1640625,95970.015625,0.016051186248660088,301.7072448730469,3.490561008453369,0.5797932147979736,"{""type"":""MultiPoint"",""coordinates"":[]}"
53_0000000000000000000a,Delhi,2019-06,77535.5625,97356.09375,0.01018247939646244,310.5341796875,1.6554781198501587,-0.4987538158893585,"{""type"":""MultiPoint"",""coordinates"":[]}"
53_0000000000000000000b,Ernakulam,2019-06,92477.1640625,99764.578125,0.019775405526161194,300.7938537597656,3.15407395362854,0.8009427785873413,"{""type"":""MultiPoint"",""coordinates"":[]}"
53_0000000000000000000c,Gurugram,2019-06,77535.5625,97356.09375,0.01018247939646244,310.5341796875,1.6554781198501587,-0.4987538158893585,"{""type"":""MultiPoint"",""coordinates"":[]}"
53_0000000000000000000d,Guwahati,2019-06,92040.9296875,98580.8359375,0.020938919857144356,302.5110168457031,1.04038405418396,-0.3970533013343811,"{""type"":""MultiPoint"",""coordinates"":[]}"
53_0000000000000000000e,Hyderabad,2019-06,83663.796875,94863.3984375,0.015081786550581455,303.8723449707031,3.5538201332092285,0.7805650234222412,"{""type"":""MultiPoint"",""coordinates"":[]}"
53_0000000000000000000f,Jaipur,2019-06,74378.828125,95495.8203125,0.011241098865866661,309.100830078125,2.512735366821289,-0.8909081220626831,"{""type"":""MultiPoint"",""coordinates"":[]}"
53_00000000000000000010,Jorapokhar,2019-06,83259.0078125,98014.28125,0.01815108023583889,306.1357727050781,-0.799448549747467,1.4219619035720825,"{""type"":""MultiPoint"",""coordinates"":[]}"
53_00000000000000000011,Kochi,2019-06,92477.1640625,99764.578125,0.019775405526161194,300.7938537597656,3.15407395362854,0.8009427785873413,"{""type"":""MultiPoint"",""coordinates"":[]}"
53_00000000000000000012,Kolkata,2019-06,93107.4765625,99995.171875,0.021278459578752518,303.62548828125,-0.5987254977226257,2.9931461811065674,"{""type"":""MultiPoint"",""coordinates"":[]}"
53_00000000000000000013,Lucknow,2019-06,77117.0859375,98542.8984375,0.013189715333282948,310.10919189453125,0.0881262719631195,0.15230926871299744,"{""type"":""MultiPoint"",""coordinates"":[]}"
53_00000000000000000014,Mumbai,2019-06,90460.4765625,99021.75,0.01884821243584156,302.9095458984375,2.9961531162261963,2.1948087215423584,"{""type"":""MultiPoint"",""coordinates"":[]}"
53_00000000000000000015,Patna,2019-06,80316.2890625,99204.390625,0.014955355785787106,310.4152526855469,-0.32448142766952515,0.31595030426979065,"{""type"":""MultiPoint"",""coordinates"":[]}"
53_00000000000000000016,Shillong,2019-06,79158.7578125,87210.9140625,0.01779753901064396,295.67474365234375,0.7751920819282532,2.173548698425293,"{""type"":""MultiPoint"",""coordinates"":[]}"
53_00000000000000000017,Talcher,2019-06,85640.375,97763.8203125,0.01819523051381111,305.6419982910156,0.8677701950073242,1.3907335996627808,"{""type"":""MultiPoint"",""coordinates"":[]}"
53_00000000000000000018,Thiruvananthapuram,2019-06,90877.2734375,97880.8046875,0.018352443352341652,300.2520751953125,5.30291223526001,0.6299775242805481,"{""type"":""MultiPoint"",""coordinates"":[]}"
53_00000000000000000019,Visakhapatnam,2019-06,95253.296875,99966.3125,0.02144331857562065,303.0075378417969,3.0556437969207764,4.147843837738037,"{""type"":""MultiPoint"",""coordinates"":[]}"
54_00000000000000000000,Ahmedabad,2019-07,87909.0,98911.7734375,0.018187301233410835,304.92889404296875,4.116983413696289,2.8288984298706055,"{""type"":""MultiPoint"",""coordinates"":[]}"
54_00000000000000000001,Aizawl,2019-07,85802.90625,91992.5234375,0.018692996352910995,297.85943603515625,0.4991926848888397,0.47676771879196167,"{""type"":""MultiPoint"",""coordinates"":[]}"
54_00000000000000000002,Amaravati,2019-07,91426.0546875,99812.984375,0.018330425024032593,302.70263671875,3.438863754272461,1.0197031497955322,"{""type"":""MultiPoint"",""coordinates"":[]}"
54_00000000000000000003,Amritsar,2019-07,83946.375,96924.484375,0.018357262015342712,305.9609069824219,-0.08309024572372437,1.2120652198791504,"{""type"":""MultiPoint"",""coordinates"":[]}"
54_00000000000000000004,Bengaluru,2019-07,84134.90625,91467.421875,0.01457497850060463,297.5531311035156,5.732350826263428,0.4450061023235321,"{""type"":""MultiPoint"",""coordinates"":[]}"
54_00000000000000000005,Bhopal,2019-07,86823.40625,94742.0546875,0.019719881936907768,300.6565246582031,3.679109811782837,0.2799234688282013,"{""type"":""MultiPoint"",""coordinates"":[]}"
54_00000000000000000006,Brajrajnagar,2019-07,88661.3515625,96685.5234375,0.019860759377479553,301.3883056640625,2.7587389945983887,2.024536609649658,"{""type"":""MultiPoint"",""coordinates"":[]}"
54_00000000000000000007,Chandigarh,2019-07,79474.765625,90222.6328125,0.017151499167084694,301.0006408691406,0.939388632774353,0.6759775876998901,"{""type"":""MultiPoint"",""coordinates"":[]}"
54_00000000000000000008,Chennai,2019-07,94196.8671875,100477.0703125,0.019787142053246498,302.8286437988281,2.467381715774536,3.6711339950561523,"{""type"":""MultiPoint"",""coordinates"":[]}"
54_00000000000000000009,Coimbatore,2019-07,88264.5078125,96022.4375,0.015096197836101055,300.5567626953125,3.8238165378570557,0.06318028271198273,"{""type"":""MultiPoint"",""coordinates"":[]}"
54_0000000000000000000a,Delhi,2019-07,83504.9453125,97247.1015625,0.01835767552256584,306.255615234375,0.41405245661735535,0.45762044191360474,"{""type"":""MultiPoint"",""coordinates"":[]}"
54_0000000000000000000b,Ernakulam,2019-07,93835.796875,99840.5234375,0.019032089039683342,299.4678039550781,3.4454638957977295,-0.3736337125301361,"{""type"":""MultiPoint"",""coordinates"":[]}"
54_0000000000000000000c,Gurugram,2019-07,83504.9453125,97247.1015625,0.01835767552256584,306.255615234375,0.41405245661735535,0.45762044191360474,"{""type"":""MultiPoint"",""coordinates"":[]}"
54_0000000000000000000d,Guwahati,2019-07,92816.8046875,98523.6640625,0.021328987553715706,301.8507385253906,1.0795444250106812,-0.5086786150932312,"{""type"":""MultiPoint"",""coordinates"":[]}"
54_0000000000000000000e,Hyderabad,2019-07,87159.4296875,94854.546875,0.016384083777666092,300.47381591796875,5.2491230964660645,0.6497478485107422,"{""type"":""MultiPoint"",""coordinates"":[]}"
54_0000000000000000000f,Jaipur,2019-07,84388.4921875,95344.546875,0.018309880048036575,304.1949157714844,1.9289276599884033,0.6901535391807556,"{""type"":""MultiPoint"",""coordinates"":[]}"
54_00000000000000000010,Jorapokhar,2019-07,88629.46875,97942.171875,0.02049681916832924,302.9430847167969,-0.3532073497772217,2.334644317626953,"{""type"":""MultiPoint"",""coordinates"":[]}"
54_00000000000000000011,Kochi,2019-07,93835.796875,99840.5234375,0.019032089039683342,299.4678039550781,3.4454638957977295,-0.3736337125301361,"{""type"":""MultiPoint"",""coordinates"":[]}"
54_00000000000000000012,Kolkata,2019-07,93517.0625,99923.6015625,0.02142539992928505,302.4306640625,0.05441759526729584,3.416483163833618,"{""type"":""MultiPoint"",""coordinates"":[]}"
54_00000000000000000013,Lucknow,2019-07,89931.296875,98472.6875,0.0215433482080698,303.6488037109375,-0.4055456221103668,0.7906649708747864,"{""type"":""MultiPoint"",""coordinates"":[]}"
54_00000000000000000014,Mumbai,2019-07,92659.7109375,98975.328125,0.02045609802007675,299.9754333496094,4.29186487197876,2.054046154022217,"{""type"":""MultiPoint"",""coordinates"":[]}"
54_00000000000000000015,Patna,2019-07,89607.140625,99160.328125,0.021193820983171463,304.1191711425781,-0.8815894722938538,1.2783451080322266,"{""type"":""MultiPoint"",""coordinates"":[]}"
54_00000000000000000016,Shillong,2019-07,79789.0390625,87149.4453125,0.018070179969072342,295.61724853515625,1.0256692171096802,3.2691152095794678,"{""type"":""MultiPoint"",""coordinates"":[]}"
54_00000000000000000017,Talcher,2019-07,90175.0625,97736.8359375,0.019758911803364754,301.34136962890625,2.1117632389068604,1.5914039611816406,"{""type"":""MultiPoint"",""coordinates"":[]}"
54_00000000000000000018,Thiruvananthapuram,2019-07,91137.9921875,97923.484375,0.017201490700244904,299.38226318359375,5.29830265045166,-0.4149967133998871,"{""type"":""MultiPoint"",""coordinates"":[]}"
54_00000000000000000019,Visakhapatnam,2019-07,94394.5234375,99932.9296875,0.020635224878787994,301.8970947265625,3.6993491649627686,3.84285044670105,"{""type"":""MultiPoint"",""coordinates"":[]}"
55_00000000000000000000,Ahmedabad,2019-08,91814.2890625,99067.96875,0.020079387351870537,300.8736572265625,3.2013652324676514,1.4712960720062256,"{""type"":""MultiPoint"",""coordinates"":[]}"
55_00000000000000000001,Aizawl,2019-08,84847.7578125,91990.5703125,0.0192203838378191,298.6412353515625,0.13425876200199127,0.08253144472837448,"{""type"":""MultiPoint"",""coordinates"":[]}"
55_00000000000000000002,Amaravati,2019-08,92355.2890625,99838.2109375,0.01924334280192852,300.9146728515625,3.496446132659912,0.4955402612686157,"{""type"":""MultiPoint"",""coordinates"":[]}"
55_00000000000000000003,Amritsar,2019-08,88805.5625,97219.6484375,0.020313750952482224,303.1230773925781,-0.43120861053466797,1.068244457244873,"{""type"":""MultiPoint"",""coordinates"":[]}"
55_00000000000000000004,Bengaluru,2019-08,84729.4921875,91511.9453125,0.014884354546666145,296.57781982421875,5.9869208335876465,0.3885622024536133,"{""type"":""MultiPoint"",""coordinates"":[]}"
55_00000000000000000005,Bhopal,2019-08,88785.546875,94801.9765625,0.019958138465881348,298.89776611328125,3.2770578861236572,-0.15977875888347626,"{""type"":""MultiPoint"",""coordinates"":[]}"
55_00000000000000000006,Brajrajnagar,2019-08,90774.8359375,96724.0703125,0.02005419135093689,300.2247619628906,2.122591733932495,0.9295938014984131,"{""type"":""MultiPoint"",""coordinates"":[]}"
55_00000000000000000007,Chandigarh,2019-08,83432.390625,90417.3359375,0.018620721995830536,298.60687255859375,0.5750715732574463,0.1725570410490036,"{""type"":""MultiPoint"",""coordinates"":[]}"
55_00000000000000000008,Chennai,2019-08,93762.734375,100517.90625,0.0196280125528574,302.1136169433594,3.4807536602020264,3.234919309616089,"{""type"":""MultiPoint"",""coordinates"":[]}"
55_00000000000000000009,Coimbatore,2019-08,88846.4375,96096.9453125,0.01546639297157526,299.21258544921875,4.125986576080322,0.29806485772132874,"{""type"":""MultiPoint"",""coordinates"":[]}"
55_0000000000000000000a,Delhi,2019-08,89157.1328125,97485.21875,0.02046661078929901,302.9773254394531,-1.1216334104537964,0.19978386163711548,"{""type"":""MultiPoint"",""coordinates"":[]}"
55_0000000000000000000b,Ernakulam,2019-08,94031.2109375,99935.046875,0.018882721662521362,298.8723449707031,3.3865742683410645,0.45114386081695557,"{""type"":""MultiPoint"",""coordinates"":[]}"
55_0000000000000000000c,Gurugram,2019-08,89157.1328125,97485.21875,0.02046661078929901,302.9773254394531,-1.1216334104537964,0.19978386163711548,"{""type"":""MultiPoint"",""coordinates"":[]}"
55_0000000000000000000d,Guwahati,2019-08,92733.3203125,98595.859375,0.021619314327836037,302.6691589355469,0.367178350687027,-0.5993257164955139,"{""type"":""MultiPoint"",""coordinates"":[]}"
55_0000000000000000000e,Hyderabad,2019-08,86812.21875,94885.6015625,0.01734638214111328,298.9752502441406,5.197967052459717,-0.17188630998134613,"{""type"":""MultiPoint"",""coordinates"":[]}"
55_0000000000000000000f,Jaipur,2019-08,87537.578125,95511.4453125,0.02039221301674843,300.86474609375,0.8166329264640808,-0.7974154353141785,"{""type"":""MultiPoint"",""coordinates"":[]}"
55_00000000000000000010,Jorapokhar,2019-08,91237.6796875,98027.5390625,0.021200817078351974,301.5872802734375,-1.6952903270721436,1.1531094312667847,"{""type"":""MultiPoint"",""coordinates"":[]}"
55_00000000000000000011,Kochi,2019-08,94031.2109375,99935.046875,0.018882721662521362,298.8723449707031,3.3865742683410645,0.45114386081695557,"{""type"":""MultiPoint"",""coordinates"":[]}"
55_00000000000000000012,Kolkata,2019-08,93896.15625,99957.8203125,0.021775532513856888,301.7691650390625,-1.1363768577575684,2.0428383350372314,"{""type"":""MultiPoint"",""coordinates"":[]}"
55_00000000000000000013,Lucknow,2019-08,91532.6640625,98685.7265625,0.02170393615961075,302.0523681640625,-1.8101744651794434,0.592647135257721,"{""type"":""MultiPoint"",""coordinates"":[]}"
55_00000000000000000014,Mumbai,2019-08,92560.046875,99060.15625,0.0195199903100729,299.2464904785156,4.177295207977295,1.76084566116333,"{""type"":""MultiPoint"",""coordinates"":[]}"
55_00000000000000000015,Patna,2019-08,91054.15625,99313.515625,0.021534603089094162,302.9271240234375,-2.074716806411743,0.5181167721748352,"{""type"":""MultiPoint"",""coordinates"":[]}"
55_00000000000000000016,Shillong,2019-08,79998.390625,87215.453125,0.018144873902201653,296.14739990234375,-0.2855653762817383,1.515226125717163,"{""type"":""MultiPoint"",""coordinates"":[]}"
55_00000000000000000017,Talcher,2019-08,91441.375,97732.5546875,0.02021770179271698,300.44586181640625,1.9050571918487549,0.8486086130142212,"{""type"":""MultiPoint"",""coordinates"":[]}"
55_00000000000000000018,Thiruvananthapuram,2019-08,91238.84375,98031.0,0.017065878957509995,298.8846435546875,5.4420366287231445,0.35539495944976807,"{""type"":""MultiPoint"",""coordinates"":[]}"
55_00000000000000000019,Visakhapatnam,2019-08,94970.9765625,99911.875,0.020804477855563164,301.2653503417969,3.9590859413146973,3.4354257583618164,"{""type"":""MultiPoint"",""coordinates"":[]}"
56_00000000000000000000,Ahmedabad,2019-09,93029.5859375,99407.0703125,0.020530428737401962,300.6519470214844,0.8399428725242615,0.5566253066062927,"{""type"":""MultiPoint"",""coordinates"":[]}"
56_00000000000000000001,Aizawl,2019-09,86238.2421875,92475.46875,0.018037104979157448,297.2296447753906,0.09496815502643585,0.16126997768878937,"{""type"":""MultiPoint"",""coordinates"":[]}"
56_00000000000000000002,Amaravati,2019-09,93526.4140625,100134.9296875,0.019520392641425133,300.4683837890625,1.4173221588134766,1.5108035802841187,"{""type"":""MultiPoint"",""coordinates"":[]}"
56_00000000000000000003,Amritsar,2019-09,88007.65625,97691.4375,0.017422065138816833,302.6388244628906,-0.527886152267456,0.6743369698524475,"{""type"":""MultiPoint"",""coordinates"":[]}"
56_00000000000000000004,Bengaluru,2019-09,85122.65625,91626.1484375,0.015570739284157753,296.2439880371094,3.2262258529663086,0.6677414774894714,"{""type"":""MultiPoint"",""coordinates"":[]}"
56_00000000000000000005,Bhopal,2019-09,89652.5078125,95186.8046875,0.01985826902091503,298.72882080078125,0.8031077980995178,-0.6434953808784485,"{""type"":""MultiPoint"",""coordinates"":[]}"
56_00000000000000000006,Brajrajnagar,2019-09,91387.296875,97210.671875,0.019854707643389702,299.72796630859375,-0.34162476658821106,1.5597971677780151,"{""type"":""MultiPoint"",""coordinates"":[]}"
56_00000000000000000007,Chandigarh,2019-09,83787.2421875,90846.78125,0.016812698915600777,297.2276916503906,0.5459069013595581,-0.41336554288864136,"{""type"":""MultiPoint"",""coordinates"":[]}"
56_00000000000000000008,Chennai,2019-09,94418.2109375,100747.796875,0.019879598170518875,301.7408142089844,1.5943936109542847,3.625819444656372,"{""type"":""MultiPoint"",""coordinates"":[]}"
56_00000000000000000009,Coimbatore,2019-09,89646.0078125,96209.796875,0.01659490168094635,298.70050048828125,1.9374562501907349,0.3862517476081848,"{""type"":""MultiPoint"",""coordinates"":[]}"
56_0000000000000000000a,Delhi,2019-09,88454.0234375,97977.2578125,0.018405435606837273,302.4097595214844,-1.1215852499008179,0.5395879745483398,"{""type"":""MultiPoint"",""coordinates"":[]}"
56_0000000000000000000b,Ernakulam,2019-09,93897.921875,99963.5390625,0.019000904634594917,299.2964172363281,2.322397470474243,0.17720916867256165,"{""type"":""MultiPoint"",""coordinates"":[]}"
56_0000000000000000000c,Gurugram,2019-09,88454.0234375,97977.2578125,0.018405435606837273,302.4097595214844,-1.1215852499008179,0.5395879745483398,"{""type"":""MultiPoint"",""coordinates"":[]}"
56_0000000000000000000d,Guwahati,2019-09,93758.875,99153.2421875,0.019730878993868828,300.7430114746094,0.2115650177001953,-0.8801903128623962,"{""type"":""MultiPoint"",""coordinates"":[]}"
56_0000000000000000000e,Hyderabad,2019-09,88059.7578125,95134.453125,0.017775751650333405,298.6673889160156,2.539426803588867,0.9462266564369202,"{""type"":""MultiPoint"",""coordinates"":[]}"
56_0000000000000000000f,Jaipur,2019-09,88074.640625,95963.25,0.019419070333242416,300.3217468261719,-0.3370704650878906,-0.2859790027141571,"{""type"":""MultiPoint"",""coordinates"":[]}"
56_00000000000000000010,Jorapokhar,2019-09,92669.5,98588.0859375,0.020165786147117615,300.355224609375,-1.4152634143829346,1.6478906869888306,"{""type"":""MultiPoint"",""coordinates"":[]}"
56_00000000000000000011,Kochi,2019-09,93897.921875,99963.5390625,0.019000904634594917,299.2964172363281,2.322397470474243,0.17720916867256165,"{""type"":""MultiPoint"",""coordinates"":[]}"
56_00000000000000000012,Kolkata,2019-09,95477.609375,100532.6640625,0.02093210630118847,300.91571044921875,-0.9033505320549011,1.7455651760101318,"{""type"":""MultiPoint"",""coordinates"":[]}"
56_00000000000000000013,Lucknow,2019-09,93955.8515625,99190.2578125,0.020329579710960388,300.4654235839844,-2.588637590408325,0.471668004989624,"{""type"":""MultiPoint"",""coordinates"":[]}"
56_00000000000000000014,Mumbai,2019-09,93245.15625,99236.6015625,0.019729606807231903,299.2937316894531,2.50978422164917,1.4788649082183838,"{""type"":""MultiPoint"",""coordinates"":[]}"
56_00000000000000000015,Patna,2019-09,93530.34375,99854.3125,0.02012765035033226,301.4072265625,-2.296144723892212,0.8737183213233948,"{""type"":""MultiPoint"",""coordinates"":[]}"
56_00000000000000000016,Shillong,2019-09,80912.7265625,87639.65625,0.016660360619425774,294.6720886230469,0.2551790177822113,1.2801859378814697,"{""type"":""MultiPoint"",""coordinates"":[]}"
56_00000000000000000017,Talcher,2019-09,92248.5234375,98228.4375,0.019982649013400078,299.84033203125,-0.48377808928489685,1.229408860206604,"{""type"":""MultiPoint"",""coordinates"":[]}"
56_00000000000000000018,Thiruvananthapuram,2019-09,91561.1015625,98075.7578125,0.017629684880375862,298.879150390625,3.469672203063965,0.5440899729728699,"{""type"":""MultiPoint"",""coordinates"":[]}"
56_00000000000000000019,Visakhapatnam,2019-09,94484.4765625,100320.203125,0.020503778010606766,300.952880859375,1.5780138969421387,2.994960069656372,"{""type"":""MultiPoint"",""coordinates"":[]}"
57_00000000000000000000,Ahmedabad,2019-10,92711.2578125,100029.7734375,0.016216445714235306,298.7332458496094,-1.531876564025879,-0.47195538878440857,"{""type"":""MultiPoint"",""coordinates"":[]}"
57_00000000000000000001,Aizawl,2019-10,86638.9296875,92764.3515625,0.01604648120701313,295.53424072265625,0.16658808290958405,0.16731421649456024,"{""type"":""MultiPoint"",""coordinates"":[]}"
57_00000000000000000002,Amaravati,2019-10,94407.6484375,100510.4375,0.019054360687732697,299.6387023925781,-0.9381999969482422,0.29380562901496887,"{""type"":""MultiPoint"",""coordinates"":[]}"
57_00000000000000000003,Amritsar,2019-10,90352.9453125,98387.375,0.01129427645355463,296.8387451171875,-0.12340008467435837,-0.20001709461212158,"{""type"":""MultiPoint"",""coordinates"":[]}"
57_00000000000000000004,Bengaluru,2019-10,84462.59375,91744.765625,0.016046123579144478,295.70538330078125,-1.2052791118621826,0.7434751391410828,"{""type"":""MultiPoint"",""coordinates"":[]}"
57_00000000000000000005,Bhopal,2019-10,87495.46875,95852.2890625,0.014714716002345085,296.396240234375,-1.081498146057129,-0.24653741717338562,"{""type"":""MultiPoint"",""coordinates"":[]}"
57_00000000000000000006,Brajrajnagar,2019-10,89887.9609375,97774.953125,0.016580164432525635,297.9427795410156,-0.6795904636383057,-0.8623237013816833,"{""type"":""MultiPoint"",""coordinates"":[]}"
57_00000000000000000007,Chandigarh,2019-10,85096.453125,91356.0546875,0.0099025322124362,292.79296875,0.027939865365624428,-1.040065884590149,"{""type"":""MultiPoint"",""coordinates"":[]}"
57_00000000000000000008,Chennai,2019-10,92853.859375,100989.96875,0.019246695563197136,301.5413818359375,-1.4729808568954468,1.5363339185714722,"{""type"":""MultiPoint"",""coordinates"":[]}"
57_00000000000000000009,Coimbatore,2019-10,87766.515625,96325.46875,0.017272859811782837,297.9922180175781,-0.2071271538734436,0.36892539262771606,"{""type"":""MultiPoint"",""coordinates"":[]}"
57_0000000000000000000a,Delhi,2019-10,89389.1953125,98608.2890625,0.010575808584690094,298.17852783203125,0.610936164855957,-1.542770504951477,"{""type"":""MultiPoint"",""coordinates"":[]}"
57_0000000000000000000b,Ernakulam,2019-10,92752.96875,99983.5234375,0.018564894795417786,299.39520263671875,1.0173157453536987,0.6877659559249878,"{""type"":""MultiPoint"",""coordinates"":[]}"
57_0000000000000000000c,Gurugram,2019-10,89389.1953125,98608.2890625,0.010575808584690094,298.17852783203125,0.610936164855957,-1.542770504951477,"{""type"":""MultiPoint"",""coordinates"":[]}"
57_0000000000000000000d,Guwahati,2019-10,93620.65625,99535.671875,0.01597682759165764,297.87164306640625,0.07722955197095871,-1.0366955995559692,"{""type"":""MultiPoint"",""coordinates"":[]}"
57_0000000000000000000e,Hyderabad,2019-10,88799.84375,95532.3125,0.01712602563202381,297.26776123046875,-1.2794853448867798,-0.1461585909128189,"{""type"":""MultiPoint"",""coordinates"":[]}"
57_0000000000000000000f,Jaipur,2019-10,81882.6484375,96608.609375,0.011904765851795673,297.5452575683594,0.2947029769420624,0.02938135340809822,"{""type"":""MultiPoint"",""coordinates"":[]}"
57_00000000000000000010,Jorapokhar,2019-10,91800.6796875,99124.9296875,0.016236960887908936,297.3210754394531,0.14691466093063354,-1.3931928873062134,"{""type"":""MultiPoint"",""coordinates"":[]}"
57_00000000000000000011,Kochi,2019-10,92752.96875,99983.5234375,0.018564894795417786,299.39520263671875,1.0173157453536987,0.6877659559249878,"{""type"":""MultiPoint"",""coordinates"":[]}"
57_00000000000000000012,Kolkata,2019-10,93209.2421875,101001.5390625,0.01794644631445408,299.0880126953125,0.18365687131881714,-0.5852530002593994,"{""type"":""MultiPoint"",""coordinates"":[]}"
57_00000000000000000013,Lucknow,2019-10,93298.421875,99845.4375,0.014926832169294357,296.7071838378906,0.9211515188217163,0.6005931496620178,"{""type"":""MultiPoint"",""coordinates"":[]}"
57_00000000000000000014,Mumbai,2019-10,94216.9140625,99571.8671875,0.01777041144669056,299.0470275878906,-1.8217805624008179,-0.40426453948020935,"{""type"":""MultiPoint"",""coordinates"":[]}"
57_00000000000000000015,Patna,2019-10,92366.421875,100506.1875,0.01579434797167778,297.648681640625,0.9177918434143066,-0.06408093124628067,"{""type"":""MultiPoint"",""coordinates"":[]}"
57_00000000000000000016,Shillong,2019-10,80342.109375,87863.75,0.013788475655019283,292.3740234375,0.302514910697937,0.45672914385795593,"{""type"":""MultiPoint"",""coordinates"":[]}"
57_00000000000000000017,Talcher,2019-10,91239.0234375,98752.84375,0.01763336919248104,298.62811279296875,-0.24325673282146454,-0.21697600185871124,"{""type"":""MultiPoint"",""coordinates"":[]}"
57_00000000000000000018,Thiruvananthapuram,2019-10,90829.1875,98095.328125,0.017535658553242683,298.17266845703125,0.890958845615387,0.28267359733581543,"{""type"":""MultiPoint"",""coordinates"":[]}"
57_00000000000000000019,Visakhapatnam,2019-10,93590.9375,100761.7109375,0.0194113627076149,300.6338195800781,-0.9586500525474548,0.35559019446372986,"{""type"":""MultiPoint"",""coordinates"":[]}"
58_00000000000000000000,Ahmedabad,2019-11,91527.6015625,100200.4140625,0.013749812729656696,296.5455017089844,-1.6837503910064697,-0.2540381848812103,"{""type"":""MultiPoint"",""coordinates"":[]}"
58_00000000000000000001,Aizawl,2019-11,87331.6015625,92848.90625,0.012952122837305069,292.5350646972656,-0.06512352079153061,0.3496832549571991,"{""type"":""MultiPoint"",""coordinates"":[]}"
58_00000000000000000002,Amaravati,2019-11,91738.3359375,100712.1015625,0.01612641103565693,297.6978759765625,-1.9430855512619019,-1.1364587545394897,"{""type"":""MultiPoint"",""coordinates"":[]}"
58_00000000000000000003,Amritsar,2019-11,88909.3671875,98656.1953125,0.008087286725640297,292.0126647949219,0.19304519891738892,-0.3849266767501831,"{""type"":""MultiPoint"",""coordinates"":[]}"
58_00000000000000000004,Bengaluru,2019-11,84015.796875,91843.6796875,0.014877686277031898,295.0396423339844,-2.8735883235931396,-0.5652273893356323,"{""type"":""MultiPoint"",""coordinates"":[]}"
58_00000000000000000005,Bhopal,2019-11,88044.3359375,96027.8046875,0.012152413837611675,293.60150146484375,-1.3829870223999023,0.2478719800710678,"{""type"":""MultiPoint"",""coordinates"":[]}"
58_00000000000000000006,Brajrajnagar,2019-11,92840.3125,98005.46875,0.012273037806153297,294.0852966308594,-0.4596022367477417,-1.432790994644165,"{""type"":""MultiPoint"",""coordinates"":[]}"
58_00000000000000000007,Chandigarh,2019-11,84707.7890625,91490.2109375,0.006957711186259985,289.2962951660156,-0.6906136274337769,-0.6540518403053284,"{""type"":""MultiPoint"",""coordinates"":[]}"
58_00000000000000000008,Chennai,2019-11,91207.8671875,101108.3828125,0.01842823252081871,301.2480773925781,-3.3408539295196533,-2.5605852603912354,"{""type"":""MultiPoint"",""coordinates"":[]}"
58_00000000000000000009,Coimbatore,2019-11,89018.2421875,96418.015625,0.0167611725628376,297.2923889160156,-1.3139804601669312,-0.676849365234375,"{""type"":""MultiPoint"",""coordinates"":[]}"
58_0000000000000000000a,Delhi,2019-11,91621.71875,98851.984375,0.007819065824151039,293.8164367675781,1.1430115699768066,-1.549833059310913,"{""type"":""MultiPoint"",""coordinates"":[]}"
58_0000000000000000000b,Ernakulam,2019-11,93239.1328125,99983.1796875,0.018549984320998192,299.8564758300781,-0.8459934592247009,-0.5518414378166199,"{""type"":""MultiPoint"",""coordinates"":[]}"
58_0000000000000000000c,Gurugram,2019-11,91621.71875,98851.984375,0.007819065824151039,293.8164367675781,1.1430115699768066,-1.549833059310913,"{""type"":""MultiPoint"",""coordinates"":[]}"
58_0000000000000000000d,Guwahati,2019-11,95078.5078125,99683.5234375,0.014198770746588707,295.32342529296875,-0.3192101716995239,-1.07712984085083,"{""type"":""MultiPoint"",""coordinates"":[]}"
58_0000000000000000000e,Hyderabad,2019-11,88551.265625,95718.625,0.013824236579239368,295.1275329589844,-1.9418705701828003,-0.9582451581954956,"{""type"":""MultiPoint"",""coordinates"":[]}"
58_0000000000000000000f,Jaipur,2019-11,85312.9296875,96807.8046875,0.010202978737652302,294.2913513183594,-0.39952459931373596,-0.2719661593437195,"{""type"":""MultiPoint"",""coordinates"":[]}"
58_00000000000000000010,Jorapokhar,2019-11,93878.578125,99322.2734375,0.012680754996836185,293.863037109375,1.0700689554214478,-1.980918049812317,"{""type"":""MultiPoint"",""coordinates"":[]}"
58_00000000000000000011,Kochi,2019-11,93239.1328125,99983.1796875,0.018549984320998192,299.8564758300781,-0.8459934592247009,-0.5518414378166199,"{""type"":""MultiPoint"",""coordinates"":[]}"
58_00000000000000000012,Kolkata,2019-11,93331.6640625,101181.3046875,0.014168820343911648,295.70440673828125,0.39241823554039,-2.0400760173797607,"{""type"":""MultiPoint"",""coordinates"":[]}"
58_00000000000000000013,Lucknow,2019-11,95574.9765625,100054.9140625,0.010825755074620247,292.8553161621094,1.5702357292175293,0.08341109752655029,"{""type"":""MultiPoint"",""coordinates"":[]}"
58_00000000000000000014,Mumbai,2019-11,90736.2890625,99749.328125,0.015186512842774391,297.8819885253906,-1.6633837223052979,0.02350807562470436,"{""type"":""MultiPoint"",""coordinates"":[]}"
58_00000000000000000015,Patna,2019-11,95532.2421875,100716.984375,0.012023386545479298,293.9200134277344,1.87772536277771,-0.3060232400894165,"{""type"":""MultiPoint"",""coordinates"":[]}"
58_00000000000000000016,Shillong,2019-11,81264.2890625,87908.0546875,0.011323949322104454,289.57171630859375,-0.09193086624145508,0.22783423960208893,"{""type"":""MultiPoint"",""coordinates"":[]}"
58_00000000000000000017,Talcher,2019-11,93166.53125,98971.546875,0.013382145203649998,294.7820129394531,0.4017517864704132,-1.4761759042739868,"{""type"":""MultiPoint"",""coordinates"":[]}"
58_00000000000000000018,Thiruvananthapuram,2019-11,91008.3515625,98108.515625,0.018142851069569588,298.29034423828125,-1.3973981142044067,-1.0867067575454712,"{""type"":""MultiPoint"",""coordinates"":[]}"
58_00000000000000000019,Visakhapatnam,2019-11,92381.3359375,100981.5,0.015972690656781197,298.5220642089844,-1.945482611656189,-2.7471606731414795,"{""type"":""MultiPoint"",""coordinates"":[]}"
59_00000000000000000000,Ahmedabad,2019-12,90966.3046875,100440.7578125,0.008067403919994831,291.7491149902344,-2.4618289470672607,-1.2142001390457153,"{""type"":""MultiPoint"",""coordinates"":[]}"
59_00000000000000000001,Aizawl,2019-12,86634.1015625,93042.546875,0.008508892729878426,288.30615234375,-0.15402339398860931,0.2858731150627136,"{""type"":""MultiPoint"",""coordinates"":[]}"
59_00000000000000000002,Amaravati,2019-12,90861.609375,100930.890625,0.013909793458878994,296.7085876464844,-2.988053798675537,-0.16499046981334686,"{""type"":""MultiPoint"",""coordinates"":[]}"
59_00000000000000000003,Amritsar,2019-12,94591.390625,98950.7265625,0.00477920426055789,285.3088073730469,0.4824216067790985,-0.42633455991744995,"{""type"":""MultiPoint"",""coordinates"":[]}"
59_00000000000000000004,Bengaluru,2019-12,83620.078125,91945.4609375,0.013099257834255695,294.71380615234375,-3.7141776084899902,-0.009798585437238216,"{""type"":""MultiPoint"",""coordinates"":[]}"
59_00000000000000000005,Bhopal,2019-12,88700.3046875,96205.6328125,0.008833111263811588,288.4248352050781,-1.8128209114074707,-0.46827614307403564,"{""type"":""MultiPoint"",""coordinates"":[]}"
59_00000000000000000006,Brajrajnagar,2019-12,91187.90625,98268.6640625,0.009561041370034218,290.1185302734375,-0.8332945704460144,-0.9277127385139465,"{""type"":""MultiPoint"",""coordinates"":[]}"
59_00000000000000000007,Chandigarh,2019-12,86242.1875,91593.59375,0.004206736572086811,283.5057678222656,-0.4524156451225281,-0.6033264994621277,"{""type"":""MultiPoint"",""coordinates"":[]}"
59_00000000000000000008,Chennai,2019-12,89013.671875,101325.5546875,0.016556039452552795,299.8313293457031,-4.91267728805542,-2.397451877593994,"{""type"":""MultiPoint"",""coordinates"":[]}"
59_00000000000000000009,Coimbatore,2019-12,88588.3125,96552.59375,0.014873276464641094,296.41058349609375,-2.002058267593384,-0.8305935263633728,"{""type"":""MultiPoint"",""coordinates"":[]}"
59_0000000000000000000a,Delhi,2019-12,94206.4453125,99195.1484375,0.004863630048930645,285.8354797363281,1.1850014925003052,-1.056406021118164,"{""type"":""MultiPoint"",""coordinates"":[]}"
59_0000000000000000000b,Ernakulam,2019-12,92872.140625,100070.8984375,0.01701674610376358,299.3748779296875,-2.567190170288086,-0.7004289627075195,"{""type"":""MultiPoint"",""coordinates"":[]}"
59_0000000000000000000c,Gurugram,2019-12,94206.4453125,99195.1484375,0.004863630048930645,285.8354797363281,1.1850014925003052,-1.056406021118164,"{""type"":""MultiPoint"",""coordinates"":[]}"
59_0000000000000000000d,Guwahati,2019-12,94319.96875,100018.296875,0.009586303494870663,289.97088623046875,-0.5742081999778748,-1.3042107820510864,"{""type"":""MultiPoint"",""coordinates"":[]}"
59_0000000000000000000e,Hyderabad,2019-12,86770.5,95865.890625,0.011973816901445389,294.0836486816406,-2.481276273727417,0.3992454707622528,"{""type"":""MultiPoint"",""coordinates"":[]}"
59_0000000000000000000f,Jaipur,2019-12,90548.4765625,97076.3828125,0.005080743692815304,286.21441650390625,-1.0982097387313843,-0.9346237778663635,"{""type"":""MultiPoint"",""coordinates"":[]}"
59_00000000000000000010,Jorapokhar,2019-12,92125.78125,99665.4375,0.008848585188388824,288.53363037109375,0.9895138740539551,-2.0196104049682617,"{""type"":""MultiPoint"",""coordinates"":[]}"
59_00000000000000000011,Kochi,2019-12,92872.140625,100070.8984375,0.01701674610376358,299.3748779296875,-2.567190170288086,-0.7004289627075195,"{""type"":""MultiPoint"",""coordinates"":[]}"
59_00000000000000000012,Kolkata,2019-12,92880.8828125,101577.921875,0.00978161208331585,290.4568176269531,0.2639036178588867,-1.9895663261413574,"{""type"":""MultiPoint"",""coordinates"":[]}"
59_00000000000000000013,Lucknow,2019-12,95908.453125,100427.5234375,0.007058063056319952,286.2998046875,1.1973119974136353,0.06668951362371445,"{""type"":""MultiPoint"",""coordinates"":[]}"
59_00000000000000000014,Mumbai,2019-12,90083.8671875,99852.359375,0.013000204227864742,296.856201171875,-1.7983038425445557,-0.4467073976993561,"{""type"":""MultiPoint"",""coordinates"":[]}"
59_00000000000000000015,Patna,2019-12,94565.7578125,101104.203125,0.007767631206661463,287.7873229980469,1.586175560951233,-0.6223064661026001,"{""type"":""MultiPoint"",""coordinates"":[]}"
59_00000000000000000016,Shillong,2019-12,80221.453125,87995.203125,0.00787158589810133,284.8258361816406,-0.049795448780059814,-0.12358700484037399,"{""type"":""MultiPoint"",""coordinates"":[]}"
59_00000000000000000017,Talcher,2019-12,91174.390625,99270.984375,0.010268816724419594,291.1340637207031,-0.309803307056427,-0.7603532075881958,"{""type"":""MultiPoint"",""coordinates"":[]}"
59_00000000000000000018,Thiruvananthapuram,2019-12,92470.53125,98210.359375,0.0172113124281168,297.1916198730469,-2.944678544998169,-2.4006121158599854,"{""type"":""MultiPoint"",""coordinates"":[]}"
59_00000000000000000019,Visakhapatnam,2019-12,91796.1875,101274.9296875,0.01353092398494482,296.1975402832031,-2.7927370071411133,-2.5214216709136963,"{""type"":""MultiPoint"",""coordinates"":[]}"
60_00000000000000000000,Ahmedabad,2020-01,91198.7109375,100426.015625,0.0059692044742405415,290.45062255859375,-0.9037845730781555,-1.3047233819961548,"{""type"":""MultiPoint"",""coordinates"":[]}"
60_00000000000000000001,Aizawl,2020-01,85825.9765625,92962.3203125,0.007889538072049618,287.5792236328125,0.20368030667304993,0.27135974168777466,"{""type"":""MultiPoint"",""coordinates"":[]}"
60_00000000000000000002,Amaravati,2020-01,88446.2578125,100865.15625,0.013440930284559727,298.0137023925781,-1.8816155195236206,0.9130802750587463,"{""type"":""MultiPoint"",""coordinates"":[]}"
60_00000000000000000003,Amritsar,2020-01,92044.578125,98877.984375,0.005545942112803459,283.86932373046875,0.3119652569293976,-0.4234951436519623,"{""type"":""MultiPoint"",""coordinates"":[]}"
60_00000000000000000004,Bengaluru,2020-01,79767.3125,91939.984375,0.011139772832393646,295.7427673339844,-2.74882173538208,1.138659954071045,"{""type"":""MultiPoint"",""coordinates"":[]}"
60_00000000000000000005,Bhopal,2020-01,87011.421875,96132.890625,0.007430681958794594,287.90240478515625,-0.4859836995601654,-0.4013734757900238,"{""type"":""MultiPoint"",""coordinates"":[]}"
60_00000000000000000006,Brajrajnagar,2020-01,92066.1484375,98195.84375,0.00838914792984724,289.1763610839844,-0.1561373770236969,-1.0650917291641235,"{""type"":""MultiPoint"",""coordinates"":[]}"
60_00000000000000000007,Chandigarh,2020-01,85246.1953125,91510.609375,0.0048610675148665905,281.59674072265625,-0.7060989737510681,-0.41536179184913635,"{""type"":""MultiPoint"",""coordinates"":[]}"
60_00000000000000000008,Chennai,2020-01,91560.5625,101346.4296875,0.0156098622828722,299.23309326171875,-3.4372189044952393,-0.389172226190567,"{""type"":""MultiPoint"",""coordinates"":[]}"
60_00000000000000000009,Coimbatore,2020-01,85358.9140625,96563.4609375,0.01265350729227066,297.542236328125,-1.8209103345870972,0.027801893651485443,"{""type"":""MultiPoint"",""coordinates"":[]}"
60_0000000000000000000a,Delhi,2020-01,90801.1171875,99093.8828125,0.005574921611696482,285.56622314453125,0.7219023108482361,-1.284125566482544,"{""type"":""MultiPoint"",""coordinates"":[]}"
60_0000000000000000000b,Ernakulam,2020-01,89076.0625,100116.8828125,0.01528850942850113,300.7032775878906,-1.0410569906234741,-0.442087322473526,"{""type"":""MultiPoint"",""coordinates"":[]}"
60_0000000000000000000c,Gurugram,2020-01,90801.1171875,99093.8828125,0.005574921611696482,285.56622314453125,0.7219023108482361,-1.284125566482544,"{""type"":""MultiPoint"",""coordinates"":[]}"
60_0000000000000000000d,Guwahati,2020-01,92895.046875,99922.0546875,0.008929312229156494,288.9893798828125,0.43177154660224915,-1.1792685985565186,"{""type"":""MultiPoint"",""coordinates"":[]}"
60_0000000000000000000e,Hyderabad,2020-01,82580.359375,95794.46875,0.010665842331945896,295.0556640625,-1.773801565170288,0.40075886249542236,"{""type"":""MultiPoint"",""coordinates"":[]}"
60_0000000000000000000f,Jaipur,2020-01,87081.4453125,96965.671875,0.005103156436234713,286.26727294921875,-0.4523704946041107,-0.8613359928131104,"{""type"":""MultiPoint"",""coordinates"":[]}"
60_00000000000000000010,Jorapokhar,2020-01,93154.4609375,99573.484375,0.007662945427000523,288.2583312988281,1.5493589639663696,-1.311099648475647,"{""type"":""MultiPoint"",""coordinates"":[]}"
60_00000000000000000011,Kochi,2020-01,89076.0625,100116.8828125,0.01528850942850113,300.7032775878906,-1.0410569906234741,-0.442087322473526,"{""type"":""MultiPoint"",""coordinates"":[]}"
60_00000000000000000012,Kolkata,2020-01,94185.6171875,101516.9453125,0.008620232343673706,289.8199157714844,0.749254047870636,-1.3746211528778076,"{""type"":""MultiPoint"",""coordinates"":[]}"
60_00000000000000000013,Lucknow,2020-01,94620.34375,100306.1015625,0.006946574430912733,285.9908447265625,1.1151360273361206,0.14573755860328674,"{""type"":""MultiPoint"",""coordinates"":[]}"
60_00000000000000000014,Mumbai,2020-01,89920.6171875,99922.671875,0.009192015044391155,295.19012451171875,-0.5546343922615051,-1.1008193492889404,"{""type"":""MultiPoint"",""coordinates"":[]}"
60_00000000000000000015,Patna,2020-01,93532.1875,100980.1484375,0.007064040284603834,287.91015625,1.6223200559616089,-0.13397957384586334,"{""type"":""MultiPoint"",""coordinates"":[]}"
60_00000000000000000016,Shillong,2020-01,80589.875,87872.953125,0.007370495703071356,283.5323791503906,0.6928195953369141,0.007512924261391163,"{""type"":""MultiPoint"",""coordinates"":[]}"
60_00000000000000000017,Talcher,2020-01,93208.9140625,99200.9765625,0.009178835898637772,290.6007080078125,0.11877994984388351,-0.8625345230102539,"{""type"":""MultiPoint"",""coordinates"":[]}"
60_00000000000000000018,Thiruvananthapuram,2020-01,90392.578125,98265.0,0.015625545755028725,297.1800231933594,-2.715776205062866,-1.9912710189819336,"{""type"":""MultiPoint"",""coordinates"":[]}"
60_00000000000000000019,Visakhapatnam,2020-01,93205.484375,101221.2578125,0.0130853783339262,296.033203125,-2.037275552749634,-1.0597683191299438,"{""type"":""MultiPoint"",""coordinates"":[]}"
61_00000000000000000000,Ahmedabad,2020-02,89158.4296875,100362.3515625,0.004748712759464979,295.1697998046875,-0.9967650771141052,-1.2063148021697998,"{""type"":""MultiPoint"",""coordinates"":[]}"
61_00000000000000000001,Aizawl,2020-02,85249.0390625,92993.7421875,0.007282636594027281,289.70574951171875,0.375679075717926,0.17972123622894287,"{""type"":""MultiPoint"",""coordinates"":[]}"
61_00000000000000000002,Amaravati,2020-02,88129.296875,100878.53125,0.012652713805437088,299.9207458496094,-1.9813600778579712,1.8556941747665405,"{""type"":""MultiPoint"",""coordinates"":[]}"
61_00000000000000000003,Amritsar,2020-02,92954.9609375,98827.4375,0.006541804410517216,287.92529296875,-0.05819694697856903,-0.2473546713590622,"{""type"":""MultiPoint"",""coordinates"":[]}"
61_00000000000000000004,Bengaluru,2020-02,79034.7421875,91955.109375,0.009390188381075859,297.6658020019531,-3.373533248901367,1.112161636352539,"{""type"":""MultiPoint"",""coordinates"":[]}"
61_00000000000000000005,Bhopal,2020-02,83761.984375,96140.546875,0.00633514067158103,291.51776123046875,-0.8492377400398254,-0.684152364730835,"{""type"":""MultiPoint"",""coordinates"":[]}"
61_00000000000000000006,Brajrajnagar,2020-02,90982.015625,98207.15625,0.008247535675764084,291.29962158203125,-0.12190598249435425,-1.2269970178604126,"{""type"":""MultiPoint"",""coordinates"":[]}"
61_00000000000000000007,Chandigarh,2020-02,85495.4296875,91561.375,0.00537280086427927,285.218505859375,-0.16977794468402863,-1.048630952835083,"{""type"":""MultiPoint"",""coordinates"":[]}"
61_00000000000000000008,Chennai,2020-02,90850.0546875,101390.78125,0.015341891907155514,299.7218933105469,-3.945716619491577,0.35575342178344727,"{""type"":""MultiPoint"",""coordinates"":[]}"
61_00000000000000000009,Coimbatore,2020-02,84259.5234375,96571.3046875,0.011246684938669205,299.68927001953125,-2.291874885559082,0.1649482101202011,"{""type"":""MultiPoint"",""coordinates"":[]}"
61_0000000000000000000a,Delhi,2020-02,91587.9140625,99065.3125,0.0058096167631447315,288.7452697753906,0.7903082370758057,-1.2556625604629517,"{""type"":""MultiPoint"",""coordinates"":[]}"
61_0000000000000000000b,Ernakulam,2020-02,87234.1640625,100112.96875,0.014206758700311184,302.4734802246094,-0.6018027663230896,-0.21980921924114227,"{""type"":""MultiPoint"",""coordinates"":[]}"
61_0000000000000000000c,Gurugram,2020-02,91587.9140625,99065.3125,0.0058096167631447315,288.7452697753906,0.7903082370758057,-1.2556625604629517,"{""type"":""MultiPoint"",""coordinates"":[]}"
61_0000000000000000000d,Guwahati,2020-02,93294.0625,99923.3828125,0.009254246018826962,291.2619323730469,0.4552059769630432,-1.2740063667297363,"{""type"":""MultiPoint"",""coordinates"":[]}"
61_0000000000000000000e,Hyderabad,2020-02,80591.4765625,95808.671875,0.00923424307256937,297.3962707519531,-2.204993724822998,0.5682119727134705,"{""type"":""MultiPoint"",""coordinates"":[]}"
61_0000000000000000000f,Jaipur,2020-02,85888.296875,96957.5234375,0.0043809604831039906,290.4651794433594,-0.4822128713130951,-0.8540197610855103,"{""type"":""MultiPoint"",""coordinates"":[]}"
61_00000000000000000010,Jorapokhar,2020-02,89985.296875,99556.0859375,0.007327286526560783,291.27703857421875,1.6648932695388794,-1.1338605880737305,"{""type"":""MultiPoint"",""coordinates"":[]}"
61_00000000000000000011,Kochi,2020-02,87234.1640625,100112.96875,0.014206758700311184,302.4734802246094,-0.6018027663230896,-0.21980921924114227,"{""type"":""MultiPoint"",""coordinates"":[]}"
61_00000000000000000012,Kolkata,2020-02,89762.1875,101490.2890625,0.008466729894280434,292.6542053222656,1.1912422180175781,-1.131360650062561,"{""type"":""MultiPoint"",""coordinates"":[]}"
61_00000000000000000013,Lucknow,2020-02,92990.71875,100285.9609375,0.006725699175149202,288.9996032714844,1.0381108522415161,-0.0444202683866024,"{""type"":""MultiPoint"",""coordinates"":[]}"
61_00000000000000000014,Mumbai,2020-02,88534.40625,99861.453125,0.00762953283265233,299.0466613769531,-0.8294020891189575,-1.0273096561431885,"{""type"":""MultiPoint"",""coordinates"":[]}"
61_00000000000000000015,Patna,2020-02,92652.515625,100952.703125,0.0066018858924508095,290.626220703125,1.3107331991195679,-0.3264693319797516,"{""type"":""MultiPoint"",""coordinates"":[]}"
61_00000000000000000016,Shillong,2020-02,78684.0859375,87965.5390625,0.0074215359054505825,285.28570556640625,0.6488673686981201,0.02145836316049099,"{""type"":""MultiPoint"",""coordinates"":[]}"
61_00000000000000000017,Talcher,2020-02,89663.5625,99201.5703125,0.008985350839793682,292.91436767578125,0.054675113409757614,-0.5437759757041931,"{""type"":""MultiPoint"",""coordinates"":[]}"
61_00000000000000000018,Thiruvananthapuram,2020-02,88085.5234375,98271.75,0.01457211747765541,299.53460693359375,-3.294409990310669,-1.7900902032852173,"{""type"":""MultiPoint"",""coordinates"":[]}"
61_00000000000000000019,Visakhapatnam,2020-02,91483.296875,101228.9921875,0.013439311645925045,297.962646484375,-1.7620139122009277,0.20614351332187653,"{""type"":""MultiPoint"",""coordinates"":[]}"
62_00000000000000000000,Ahmedabad,2020-03,85418.1640625,100010.265625,0.006267221178859472,299.0040588378906,0.7475164532661438,-0.6448054313659668,"{""type"":""MultiPoint"",""coordinates"":[]}"
62_00000000000000000001,Aizawl,2020-03,82375.515625,92733.21875,0.008741321973502636,294.42803955078125,0.7687080502510071,-0.02814653515815735,"{""type"":""MultiPoint"",""coordinates"":[]}"
62_00000000000000000002,Amaravati,2020-03,86804.28125,100559.28125,0.01348293386399746,303.178466796875,-1.1578112840652466,3.0231895446777344,"{""type"":""MultiPoint"",""coordinates"":[]}"
62_00000000000000000003,Amritsar,2020-03,89761.859375,98458.15625,0.009484954178333282,291.1224365234375,-0.22812208533287048,-0.15248490869998932,"{""type"":""MultiPoint"",""coordinates"":[]}"
62_00000000000000000004,Bengaluru,2020-03,76877.421875,91792.5703125,0.009879774414002895,300.6143493652344,-2.1916933059692383,1.9551812410354614,"{""type"":""MultiPoint"",""coordinates"":[]}"
62_00000000000000000005,Bhopal,2020-03,79079.609375,95785.8359375,0.0070550511591136456,297.46044921875,0.9233925342559814,0.09167201071977615,"{""type"":""MultiPoint"",""coordinates"":[]}"
62_00000000000000000006,Brajrajnagar,2020-03,87577.5234375,97843.78125,0.01202712208032608,297.73529052734375,0.43791085481643677,-0.7254803776741028,"{""type"":""MultiPoint"",""coordinates"":[]}"
62_00000000000000000007,Chandigarh,2020-03,82791.484375,91295.2734375,0.007559460122138262,288.4331359863281,-0.44720539450645447,-0.36469489336013794,"{""type"":""MultiPoint"",""coordinates"":[]}"
62_00000000000000000008,Chennai,2020-03,93790.96875,101124.25,0.016919750720262527,301.020263671875,-2.65203857421875,2.5291390419006348,"{""type"":""MultiPoint"",""coordinates"":[]}"
62_00000000000000000009,Coimbatore,2020-03,83894.2265625,96371.59375,0.011321802623569965,302.7945556640625,-1.8522051572799683,0.9657527208328247,"{""type"":""MultiPoint"",""coordinates"":[]}"
62_0000000000000000000a,Delhi,2020-03,87133.8046875,98661.0078125,0.008368173614144325,293.9343566894531,0.817561149597168,-1.070309042930603,"{""type"":""MultiPoint"",""coordinates"":[]}"
62_0000000000000000000b,Ernakulam,2020-03,88042.96875,99988.0703125,0.016722913831472397,303.4625549316406,1.7527186870574951,-0.03595300391316414,"{""type"":""MultiPoint"",""coordinates"":[]}"
62_0000000000000000000c,Gurugram,2020-03,87133.8046875,98661.0078125,0.008368173614144325,293.9343566894531,0.817561149597168,-1.070309042930603,"{""type"":""MultiPoint"",""coordinates"":[]}"
62_0000000000000000000d,Guwahati,2020-03,90542.96875,99529.3046875,0.011040845885872841,295.610595703125,1.379467487335205,-1.1175005435943604,"{""type"":""MultiPoint"",""coordinates"":[]}"
62_0000000000000000000e,Hyderabad,2020-03,77623.140625,95515.15625,0.010322390124201775,301.7877197265625,-1.0189300775527954,1.6197006702423096,"{""type"":""MultiPoint"",""coordinates"":[]}"
62_0000000000000000000f,Jaipur,2020-03,80458.8671875,96596.4375,0.006955927703529596,294.6002197265625,-0.35264530777931213,-0.473230242729187,"{""type"":""MultiPoint"",""coordinates"":[]}"
62_00000000000000000010,Jorapokhar,2020-03,84770.8671875,99151.9921875,0.009933129884302616,297.51715087890625,1.8995084762573242,-0.7992422580718994,"{""type"":""MultiPoint"",""coordinates"":[]}"
62_00000000000000000011,Kochi,2020-03,88042.96875,99988.0703125,0.016722913831472397,303.4625549316406,1.7527186870574951,-0.03595300391316414,"{""type"":""MultiPoint"",""coordinates"":[]}"
62_00000000000000000012,Kolkata,2020-03,87555.65625,101054.7265625,0.011651750653982162,298.6741027832031,1.5074822902679443,-0.2487509548664093,"{""type"":""MultiPoint"",""coordinates"":[]}"
62_00000000000000000013,Lucknow,2020-03,86572.734375,99837.078125,0.009143538773059845,295.8595275878906,1.1708416938781738,-0.43634530901908875,"{""type"":""MultiPoint"",""coordinates"":[]}"
62_00000000000000000014,Mumbai,2020-03,88823.8828125,99687.1015625,0.0095833083614707,300.6824951171875,1.3762685060501099,-1.080971360206604,"{""type"":""MultiPoint"",""coordinates"":[]}"
62_00000000000000000015,Patna,2020-03,84810.796875,100483.578125,0.008940967731177807,297.6345520019531,2.0521621704101562,-0.037626538425683975,"{""type"":""MultiPoint"",""coordinates"":[]}"
62_00000000000000000016,Shillong,2020-03,78534.078125,87792.1640625,0.008824534714221954,288.8795471191406,1.850378394126892,0.3243345022201538,"{""type"":""MultiPoint"",""coordinates"":[]}"
62_00000000000000000017,Talcher,2020-03,86806.5234375,98821.2265625,0.012330792844295502,299.3376159667969,0.4537355899810791,-0.3704887628555298,"{""type"":""MultiPoint"",""coordinates"":[]}"
62_00000000000000000018,Thiruvananthapuram,2020-03,87064.25,98116.1796875,0.014690172858536243,302.40618896484375,-1.8245809078216553,0.12085812538862228,"{""type"":""MultiPoint"",""coordinates"":[]}"
62_00000000000000000019,Visakhapatnam,2020-03,93037.03125,100890.0078125,0.015939757227897644,300.8632507324219,0.23899441957473755,2.6296868324279785,"{""type"":""MultiPoint"",""coordinates"":[]}"
63_00000000000000000000,Ahmedabad,2020-04,78113.59375,99755.78125,0.007351808715611696,306.2565612792969,2.6559433937072754,-1.1442145109176636,"{""type"":""MultiPoint"",""coordinates"":[]}"
63_00000000000000000001,Aizawl,2020-04,81812.7578125,92686.359375,0.011834239587187767,296.68756103515625,0.6617831587791443,0.2915518581867218,"{""type"":""MultiPoint"",""coordinates"":[]}"
63_00000000000000000002,Amaravati,2020-04,87842.8125,100410.2109375,0.015180926769971848,305.54339599609375,-0.9916181564331055,3.3944149017333984,"{""type"":""MultiPoint"",""coordinates"":[]}"
63_00000000000000000003,Amritsar,2020-04,87200.4921875,98130.03125,0.011592406779527664,297.37335205078125,0.4884139895439148,-0.7978480458259583,"{""type"":""MultiPoint"",""coordinates"":[]}"
63_00000000000000000004,Bengaluru,2020-04,77558.4921875,91761.671875,0.011806177906692028,301.1190185546875,-2.26731014251709,1.7337217330932617,"{""type"":""MultiPoint"",""coordinates"":[]}"
63_00000000000000000005,Bhopal,2020-04,72708.8125,95562.5546875,0.006480747833848,304.332763671875,1.1792972087860107,-1.543946623802185,"{""type"":""MultiPoint"",""coordinates"":[]}"
63_00000000000000000006,Brajrajnagar,2020-04,80753.609375,97559.78125,0.011220084503293037,303.1704406738281,1.2007648944854736,-0.33058828115463257,"{""type"":""MultiPoint"",""coordinates"":[]}"
63_00000000000000000007,Chandigarh,2020-04,78869.578125,91123.765625,0.009151707403361797,294.6458435058594,0.14260084927082062,-0.9231553077697754,"{""type"":""MultiPoint"",""coordinates"":[]}"
63_00000000000000000008,Chennai,2020-04,94594.4296875,100985.1640625,0.019553029909729958,302.66400146484375,-1.6616301536560059,3.982222318649292,"{""type"":""MultiPoint"",""coordinates"":[]}"
63_00000000000000000009,Coimbatore,2020-04,83523.2578125,96299.3828125,0.013120227493345737,303.8694763183594,-1.431665301322937,0.8440139293670654,"{""type"":""MultiPoint"",""coordinates"":[]}"
63_0000000000000000000a,Delhi,2020-04,80554.84375,98305.484375,0.008933340199291706,301.03314208984375,1.4906381368637085,-1.2527140378952026,"{""type"":""MultiPoint"",""coordinates"":[]}"
63_0000000000000000000b,Ernakulam,2020-04,89109.6796875,99938.3046875,0.018184280022978783,303.6411437988281,1.9530621767044067,0.1824299544095993,"{""type"":""MultiPoint"",""coordinates"":[]}"
63_0000000000000000000c,Gurugram,2020-04,80554.84375,98305.484375,0.008933340199291706,301.03314208984375,1.4906381368637085,-1.2527140378952026,"{""type"":""MultiPoint"",""coordinates"":[]}"
63_0000000000000000000d,Guwahati,2020-04,88887.734375,99405.8046875,0.013238731771707535,298.6313171386719,0.47521790862083435,-1.246450662612915,"{""type"":""MultiPoint"",""coordinates"":[]}"
63_0000000000000000000e,Hyderabad,2020-04,76141.34375,95404.5703125,0.011110769584774971,305.02935791015625,-1.2187068462371826,2.2136855125427246,"{""type"":""MultiPoint"",""coordinates"":[]}"
63_0000000000000000000f,Jaipur,2020-04,75848.65625,96323.2109375,0.007256694603711367,302.1584777832031,0.9740186333656311,-1.3670697212219238,"{""type"":""MultiPoint"",""coordinates"":[]}"
63_00000000000000000010,Jorapokhar,2020-04,80605.3125,98858.671875,0.011050878092646599,302.67254638671875,0.684596061706543,0.09563034027814865,"{""type"":""MultiPoint"",""coordinates"":[]}"
63_00000000000000000011,Kochi,2020-04,89109.6796875,99938.3046875,0.018184280022978783,303.6411437988281,1.9530621767044067,0.1824299544095993,"{""type"":""MultiPoint"",""coordinates"":[]}"
63_00000000000000000012,Kolkata,2020-04,85807.1640625,100785.7109375,0.01443599071353674,303.0929260253906,0.8563027381896973,1.8237407207489014,"{""type"":""MultiPoint"",""coordinates"":[]}"
63_00000000000000000013,Lucknow,2020-04,79843.4765625,99461.015625,0.008859618566930294,302.5067138671875,1.5742017030715942,-0.8501479029655457,"{""type"":""MultiPoint"",""coordinates"":[]}"
63_00000000000000000014,Mumbai,2020-04,86902.5546875,99515.78125,0.012405358254909515,304.8681945800781,1.7440448999404907,-1.3176923990249634,"{""type"":""MultiPoint"",""coordinates"":[]}"
63_00000000000000000015,Patna,2020-04,78474.1796875,100120.5703125,0.009015509858727455,303.512939453125,1.1271114349365234,0.10647034645080566,"{""type"":""MultiPoint"",""coordinates"":[]}"
63_00000000000000000016,Shillong,2020-04,78304.5234375,87792.03125,0.011131137609481812,291.57476806640625,1.2789448499679565,1.237666130065918,"{""type"":""MultiPoint"",""coordinates"":[]}"
63_00000000000000000017,Talcher,2020-04,80876.640625,98550.0625,0.012385129928588867,303.9061279296875,0.9269179701805115,0.06728342175483704,"{""type"":""MultiPoint"",""coordinates"":[]}"
63_00000000000000000018,Thiruvananthapuram,2020-04,87267.7890625,98058.265625,0.01631034165620804,302.8489685058594,-0.3364343047142029,0.5443686842918396,"{""type"":""MultiPoint"",""coordinates"":[]}"
63_00000000000000000019,Visakhapatnam,2020-04,94062.8515625,100686.3984375,0.01802736334502697,303.0176086425781,1.7710678577423096,4.1341233253479,"{""type"":""MultiPoint"",""coordinates"":[]}"
64_00000000000000000000,Ahmedabad,2020-05,82270.421875,99392.890625,0.010677628219127655,308.5902404785156,4.146590232849121,-0.1580314040184021,"{""type"":""MultiPoint"",""coordinates"":[]}"
64_00000000000000000001,Aizawl,2020-05,83654.0546875,92381.984375,0.015423377975821495,297.9595031738281,0.6634606122970581,0.3474418818950653,"{""type"":""MultiPoint"",""coordinates"":[]}"
64_00000000000000000002,Amaravati,2020-05,85111.5078125,99981.9140625,0.01607547327876091,307.4993896484375,-1.0417704582214355,2.684235095977783,"{""type"":""MultiPoint"",""coordinates"":[]}"
64_00000000000000000003,Amritsar,2020-05,82306.5703125,97591.2265625,0.011334999464452267,303.8758544921875,-0.1784636378288269,-0.8195188045501709,"{""type"":""MultiPoint"",""coordinates"":[]}"
64_00000000000000000004,Bengaluru,2020-05,78195.484375,91499.640625,0.014006925746798515,301.5847473144531,0.013619781471788883,0.07800751179456711,"{""type"":""MultiPoint"",""coordinates"":[]}"
64_00000000000000000005,Bhopal,2020-05,70357.84375,95165.0859375,0.007982048206031322,308.1374816894531,2.768953561782837,-1.245417594909668,"{""type"":""MultiPoint"",""coordinates"":[]}"
64_00000000000000000006,Brajrajnagar,2020-05,79222.53125,97137.203125,0.012767579406499863,306.004150390625,0.8173428773880005,-0.26657775044441223,"{""type"":""MultiPoint"",""coordinates"":[]}"
64_00000000000000000007,Chandigarh,2020-05,76215.625,90764.0859375,0.009914858266711235,299.67303466796875,0.2728312909603119,-0.6562589406967163,"{""type"":""MultiPoint"",""coordinates"":[]}"
64_00000000000000000008,Chennai,2020-05,94246.640625,100570.84375,0.02133914828300476,303.7456970214844,-0.7159722447395325,3.2658092975616455,"{""type"":""MultiPoint"",""coordinates"":[]}"
64_00000000000000000009,Coimbatore,2020-05,83304.390625,96005.375,0.014894073829054832,304.55657958984375,1.2017980813980103,0.49729669094085693,"{""type"":""MultiPoint"",""coordinates"":[]}"
64_0000000000000000000a,Delhi,2020-05,79324.96875,97817.3203125,0.009531550109386444,306.3203125,0.5845598578453064,-0.7120493650436401,"{""type"":""MultiPoint"",""coordinates"":[]}"
64_0000000000000000000b,Ernakulam,2020-05,91787.4765625,99747.0078125,0.02011609636247158,302.1530456542969,2.6820640563964844,-0.13805341720581055,"{""type"":""MultiPoint"",""coordinates"":[]}"
64_0000000000000000000c,Gurugram,2020-05,79324.96875,97817.3203125,0.009531550109386444,306.3203125,0.5845598578453064,-0.7120493650436401,"{""type"":""MultiPoint"",""coordinates"":[]}"
64_0000000000000000000d,Guwahati,2020-05,91396.296875,99032.828125,0.017335576936602592,300.297607421875,0.41792482137680054,-0.8283764719963074,"{""type"":""MultiPoint"",""coordinates"":[]}"
64_0000000000000000000e,Hyderabad,2020-05,74311.5390625,95049.2421875,0.0121975839138031,306.6911926269531,-0.48346832394599915,0.6067129969596863,"{""type"":""MultiPoint"",""coordinates"":[]}"
64_0000000000000000000f,Jaipur,2020-05,74177.453125,95868.75,0.008469264954328537,306.81744384765625,2.0128307342529297,-0.8368408679962158,"{""type"":""MultiPoint"",""coordinates"":[]}"
64_00000000000000000010,Jorapokhar,2020-05,80947.2265625,98456.4296875,0.015484095551073551,303.874267578125,-0.08857326209545135,0.287980854511261,"{""type"":""MultiPoint"",""coordinates"":[]}"
64_00000000000000000011,Kochi,2020-05,91787.4765625,99747.0078125,0.02011609636247158,302.1530456542969,2.6820640563964844,-0.13805341720581055,"{""type"":""MultiPoint"",""coordinates"":[]}"
64_00000000000000000012,Kolkata,2020-05,90011.953125,100390.4921875,0.018977321684360504,302.5489807128906,0.38295888900756836,2.4979915618896484,"{""type"":""MultiPoint"",""coordinates"":[]}"
64_00000000000000000013,Lucknow,2020-05,78455.9453125,99014.578125,0.01040097326040268,306.66778564453125,-0.05038031190633774,-0.5344180464744568,"{""type"":""MultiPoint"",""coordinates"":[]}"
64_00000000000000000014,Mumbai,2020-05,88944.796875,99281.125,0.01562681794166565,305.5500793457031,3.0338993072509766,-1.4292973279953003,"{""type"":""MultiPoint"",""coordinates"":[]}"
64_00000000000000000015,Patna,2020-05,78859.7421875,99709.9453125,0.012079183012247086,306.4433898925781,-0.35559627413749695,-0.020179694518446922,"{""type"":""MultiPoint"",""coordinates"":[]}"
64_00000000000000000016,Shillong,2020-05,79280.515625,87530.2734375,0.014343460090458393,293.5506286621094,0.9837877750396729,1.7290927171707153,"{""type"":""MultiPoint"",""coordinates"":[]}"
64_00000000000000000017,Talcher,2020-05,81765.84375,98138.625,0.015404187142848969,305.2777404785156,-0.06582339853048325,0.7135089039802551,"{""type"":""MultiPoint"",""coordinates"":[]}"
64_00000000000000000018,Thiruvananthapuram,2020-05,89204.9609375,97861.6953125,0.018471967428922653,301.2491455078125,3.2015342712402344,0.44301462173461914,"{""type"":""MultiPoint"",""coordinates"":[]}"
64_00000000000000000019,Visakhapatnam,2020-05,93132.859375,100263.1484375,0.019824113696813583,303.653076171875,1.3372560739517212,3.1253881454467773,"{""type"":""MultiPoint"",""coordinates"":[]}"
65_00000000000000000000,Ahmedabad,2020-06,87631.703125,99085.3046875,0.017829744145274162,305.6619873046875,2.4881467819213867,2.3960933685302734,"{""type"":""MultiPoint"",""coordinates"":[]}"
65_00000000000000000001,Aizawl,2020-06,86404.7109375,92139.921875,0.01802913099527359,297.60455322265625,0.5673169493675232,0.4628352224826813,"{""type"":""MultiPoint"",""coordinates"":[]}"
65_00000000000000000002,Amaravati,2020-06,90860.9140625,99799.1171875,0.01833689771592617,303.6331787109375,2.191307544708252,1.0895458459854126,"{""type"":""MultiPoint"",""coordinates"":[]}"
65_00000000000000000003,Amritsar,2020-06,82695.578125,97161.0390625,0.013733981177210808,306.9024963378906,-0.25070661306381226,-0.055207133293151855,"{""type"":""MultiPoint"",""coordinates"":[]}"
65_00000000000000000004,Bengaluru,2020-06,84208.3828125,91404.515625,0.015117617323994637,297.6915283203125,4.600445747375488,0.4661448299884796,"{""type"":""MultiPoint"",""coordinates"":[]}"
65_00000000000000000005,Bhopal,2020-06,83805.859375,94920.578125,0.017565639689564705,302.299560546875,2.699126958847046,0.19891901314258575,"{""type"":""MultiPoint"",""coordinates"":[]}"
65_00000000000000000006,Brajrajnagar,2020-06,87783.0234375,96861.96875,0.018674064427614212,302.30047607421875,1.6090418100357056,1.23581063747406,"{""type"":""MultiPoint"",""coordinates"":[]}"
65_00000000000000000007,Chandigarh,2020-06,78200.4375,90432.3125,0.013322276994585991,301.3492126464844,0.48272085189819336,-0.16031834483146667,"{""type"":""MultiPoint"",""coordinates"":[]}"
65_00000000000000000008,Chennai,2020-06,93387.921875,100430.859375,0.02003687620162964,303.3943176269531,1.8076910972595215,3.058082103729248,"{""type"":""MultiPoint"",""coordinates"":[]}"
65_00000000000000000009,Coimbatore,2020-06,87875.6171875,95948.078125,0.015263417735695839,301.0282287597656,3.4658408164978027,0.40953513979911804,"{""type"":""MultiPoint"",""coordinates"":[]}"
65_0000000000000000000a,Delhi,2020-06,80025.8046875,97444.1484375,0.014418489299714565,307.6783752441406,0.28891721367836,0.04253489896655083,"{""type"":""MultiPoint"",""coordinates"":[]}"
65_0000000000000000000b,Ernakulam,2020-06,93435.546875,99744.15625,0.01917748712003231,300.0234680175781,3.094943046569824,0.5895411968231201,"{""type"":""MultiPoint"",""coordinates"":[]}"
65_0000000000000000000c,Gurugram,2020-06,80025.8046875,97444.1484375,0.014418489299714565,307.6783752441406,0.28891721367836,0.04253489896655083,"{""type"":""MultiPoint"",""coordinates"":[]}"
65_0000000000000000000d,Guwahati,2020-06,91877.65625,98676.9609375,0.02082206681370735,301.68157958984375,2.0294313430786133,-0.18351921439170837,"{""type"":""MultiPoint"",""coordinates"":[]}"
65_0000000000000000000e,Hyderabad,2020-06,85795.015625,94874.1171875,0.016862988471984863,300.9358215332031,3.3708698749542236,0.17532455921173096,"{""type"":""MultiPoint"",""coordinates"":[]}"
65_0000000000000000000f,Jaipur,2020-06,77881.0390625,95511.1171875,0.014314135536551476,307.3433837890625,1.7099100351333618,-0.5817950367927551,"{""type"":""MultiPoint"",""coordinates"":[]}"
65_00000000000000000010,Jorapokhar,2020-06,89206.8828125,98153.0703125,0.02009459398686886,302.3448791503906,-0.18192258477210999,2.2739243507385254,"{""type"":""MultiPoint"",""coordinates"":[]}"
65_00000000000000000011,Kochi,2020-06,93435.546875,99744.15625,0.01917748712003231,300.0234680175781,3.094943046569824,0.5895411968231201,"{""type"":""MultiPoint"",""coordinates"":[]}"
65_00000000000000000012,Kolkata,2020-06,94458.4375,100123.0234375,0.02181091159582138,301.9375,0.056546200066804886,3.1117849349975586,"{""type"":""MultiPoint"",""coordinates"":[]}"
65_00000000000000000013,Lucknow,2020-06,84856.0625,98700.15625,0.01741703785955906,305.3974914550781,-1.2237738370895386,0.19014181196689606,"{""type"":""MultiPoint"",""coordinates"":[]}"
65_00000000000000000014,Mumbai,2020-06,91694.6015625,98968.09375,0.019751567393541336,301.1267395019531,1.6894645690917969,1.738228440284729,"{""type"":""MultiPoint"",""coordinates"":[]}"
65_00000000000000000015,Patna,2020-06,87996.578125,99373.6796875,0.018557796254754066,304.61090087890625,-0.6970312595367432,1.5191349983215332,"{""type"":""MultiPoint"",""coordinates"":[]}"
65_00000000000000000016,Shillong,2020-06,79699.7734375,87281.640625,0.017451327294111252,294.94354248046875,1.24496328830719,3.219912052154541,"{""type"":""MultiPoint"",""coordinates"":[]}"
65_00000000000000000017,Talcher,2020-06,89078.84375,97877.6953125,0.01962120085954666,301.95196533203125,0.6890789866447449,1.3070268630981445,"{""type"":""MultiPoint"",""coordinates"":[]}"
65_00000000000000000018,Thiruvananthapuram,2020-06,91198.6171875,97850.484375,0.0178926233202219,299.49481201171875,5.218692302703857,0.15413054823875427,"{""type"":""MultiPoint"",""coordinates"":[]}"
65_00000000000000000019,Visakhapatnam,2020-06,94084.1484375,99987.484375,0.02092602849006653,302.5251159667969,2.7770845890045166,3.837892770767212,"{""type"":""MultiPoint"",""coordinates"":[]}"
